# Resource object code (Python 3)
# Created by: object code
# Created by: The Resource Compiler for Qt version 6.9.0
# WARNING! All changes made in this file will be lost!

from PySide6 import QtCore

qt_resource_data = b"\
\x00\x00\x0f3\
(\
\xb5/\xfd`\x893My\x00\xba\x82$\x17+\xc0\x8e\
\x8c\x1b\x1f\xd1\xc2R\x0b\x15\xa7\xa0'!\xa5\xd9\xe4\x93\
q\xc7\xa0\x07z\x12\xac\x0c\x8a45\xdao\xfb\xff\x83\
\x8bVEQ\x14MAp*i\x01f\x01^\x01\x13\
\x10\x92\x8bNP&\x96\x8a\x00\x0b\x85\x05\xc3P\xc9\x96\
\xd5\xf2\x15\xaek\xcb\xa1c\x8e\xa1\x9a\xc3\xb2j\x10\xf5\
\x80\xcc\x8ckC_Y\xfa\x15\xbd\xdf\xc5L\xa3\x99G\
\x03AD\x05\x13\xd1 \xc7\x14UT\x01\x03\xd6^\xc8\
\xce0\xb0d\xa8\xc7\xff]\xc3\x8f\x8b\xfc\x22c<Q\
hR\x8e\xca\xbd.\xed\xe8\xcc\x22_:Q\x89\xf0\xd6\
'\x14\xa2\x1a\xf4h\xd4\xe4\xcd\x5c\xe94\xfa\x7f\x96\xd1\
k\xf3-\xdd\x82\xab\x9eF\x10U-\xaa4\xfa\xe6_\
:\x86e\x97\xf7 &\x88\x9a \x07\x15A\x1e\xfc\xfa\
\xf2\xa1h\x16,\x8d\x8b\xb0\xecyZP~\x86>3\
\x1c\xbfX\xaa\x83\xd5\x9a\xe8N-\xc0\xcb?\xfa`\x16\
\x1e\xffJ\xab+\x0aM\x8e\x00\x0c\xfd`\xd2\x03_,\
\xd4\xa8\xc6\xf5-\xff\x8c\xad\x92?6T\x8d&\x93:\
\x1d(\xd4\xf0\x1e\x14\xf40A\x0dj\xa2\x14\xd2\x0aS\
\xf4\xd0\xa2\xa9\x02C\x96\xd1\x01\x05\x0d\x10@\x00\xbc~\
3E\x14Gr\x8cM\xc9\x92\x1eI\xe6\x5c<cG\
\xef)\xf9\x81\xba\xfe\xb8\x17_(H\xde\xbc}q\x1b\
\x1c\x04HS\xd4\xa2&E\x96.w\x91[\x8c\xf9B\
\x92\x08L\xec\x7f\xc3\xa8\xb0\x8a1/\xa0\xa0\xd1\xe7f\
t\xb6\xfe^\xd25\xca\x1bLCC\xc4\xb05\xb1\xf5\
\xf1G\xbe2\xe7O9\xa3\x10vG\xdf\xf1\x05\x97\x98\
\xce\xde\xbc\xfa\xebt\xca0\xb3\xefQ!\x84hh\xb0\
\x1c\xb2\x15w#\xd1\x00\x01\xfa\x99gXf\xef2\xf9\
S\x19\xd3\xd7p\x1f4\xa6\xf9\xb1+\x9e,\xf6D\xb4\
\xcf\xea\xc02\x08\x05\xb5\x06E\xda\xd4xh\x8e\x08\xc2\
,7_\x01\xed\xc3\xcckN\xbf\xec\xe3\xb6\x5cN\x5c\
\xb9\x98\xbe[\xec\x92\xc80}\x1c{\xe5\xcf\xe8.>\
@&h\x9a\xb0\xec\xe5\xfe\xd4_\xb5\x1cn?\x8d\x1e\
\xcb,8\xb1-\xe6\xdckV\x1c-\xa2\xd69T\xfe\
\x9e\x19\xeeh\x87\x19`-\xdd\xe4W1\xb9\x5c *\
\x8e}0\xda\xa2H\xe4\x8b#\x15\x05E\xa6\xea\xf9\xc2\
\xec\xa9A\xad\xd1\xa2C\x96:g\xe6-\xf7\xc1\xc5\xe2\
\xb6\xc2\xcf]\xebGG\x10]\x9f9\x22\x0b\x13\xbbw\
-\xff\x12E\x13\xf6g?\xfbYp,\xb1\xc7n!\
\xc6\x15\xd1\x07\xfb\x5c\x1e\xcf&_\xfeY\x85B2\x99\
 \xf9\xf9j\xe9p\x9d2K\x8b\x9f\xba\xe4\x09\x10\x16\
,\xdd\xcd\x15\x80\x99x\xf8\xf9\xe9\x07\xee\xe51\x02e\
\xc2@\x02\xf2\xf0\x8bM]\x1cT\x18\x92\xa7\xbf\xf6h\
\x93\xf4\xd8VO\x85\x1b%\xbf\x87\xf5\xbd\x95\xb4\x8c\xf3\
hl+\x83\x98~\x03\xce\xe6\x94h\x91C\x1d\xdf \
\xba\xce\x08\x05UT\xf4\xec\xd2\xe8QJDP@`\
(\xfdX\xfa\xc8\x98Z\xd9\x81\x06\x055\xa6\x0aR\xf1\
\xc5\x9b\x9f}\xa9\xa65\xbak}\x98\xad\x86\x9fv|\
35\xa8jD\x8eF\x85Er\x91@L $\x12\
\x12\x01\xd5\x04\xa6MX\x22@P\x9f9\xa5\x04\x11K\
\xc9\x12\x83/@2\x00\xca\x970\x14\xc3@\xc2\x22\x81\
\xc4\xe57\xf6%\x193Qo\x1djtu3\xce\x8e\
kI\x87\x9eO|\xc1\x17.\x1b6\xb3\x0b\xed\xc2\xf1\
\xc6I\x8b?\xb6RTT\xb5\xec\xb0T\x9e\x9e\xa1D\
\x1e\x0d\x8d\xae:\xccg'%S*\xff\xc7/\x9d\xe2\
\xc5\x0e/K\xc9\x9c,1\x0f/\xf4\x09Q\x1a\xdf@\
\xa2&g \x5c\x04mz<W9\x93\xb92\x88c\
f\xbf?\xbdc[\xf6\xf7\xa9\xdc\xcc\x9c\x5c\xe9ps\
4\xf6^\xad\xe9\xe7\x17\xdcX\x1dAQ\x0f\x87\x8b-\
\xb4H$&.\x0ce\x08\xddYzC\xb1Oq\x98\
`(\x0e`\x1c\x18*=&Gs\x0d\xa7N\xf0\x8c\
+?\x92\x1e\xfb\x9aP\x1c]\x9f\x1d`/\xe7\x03\xa3\
3\x9eB?\xcf3\xea\x1d\x86\x99\x9c\xeb\x94\xa3\x9f\x08\
-8\xf2\xab}\x9f\xf9\x83\xbeq\xbf\x98&\x88`\xec\
\xf3\x0b\x1d\x9b\xa8p\xa0\x97K\x8dF\xc6<CO\xa8\
U\x90cjtf\xfa\x9feZ\x22\xe8\xbe\x1aj\xc7\
#C'\x93]d\xc9\x1a\x96X\xc6\xd1\xb8|\xfc?\
a\xef\xf3\x9b\xfc\x8e!Oe\x88\xf5C\x7f\xff\xd9\x1b\
\x9d\x8e\x82<L\xbe6F\xfe\xd9\x1e\x8e\xbcY\xd7\x10\
\xc3\xb6\xd1\xa2\x87\xcf7\x5c\xf9\x91\xcf\xd7\xf5\x99\x10H\
{\x88Xr\x95c\xc3\x0b\x80kb\x03\x80\x97\x07\xf2\
0\x04\x01\xa8\x98\x1a;\xfe.\xe4V<\x0dS\xd4\xa2\
I\xb2\xf6\xa5IM\xadU\x8f\xc74\xb5FQU\x05\
\x99\x22\x0f\x91)2MS\xa3*\xaajT\x8dF\x9b\
Z\xa3\xa8\xaaz4\x22\xc7\xe3\xd1\xa6\xd6(4L \
(\x11\x91\xc4r1\x09\xba^\x82\x9bqhA\x0dB\
\xf3r\x99\xccR\x022\xfb\xe5\x0c\xeeO\xbf&\x9d\xba\
\xf9\x85\xb08\xa6\xe8z\xce\x85.\xd2\x5c\x9e\xe8\xad\xce\
\x85X\xb3\x17k1\xc8\xd7\xe5U\xa3f\xecL|w\
\x91\xd5\xc3\x11\x91V\xb9\xe8S\x83\x81\xe5\xa2\x80!\xb3\
x\xcd\xe6K\xea\x0d\x85\xf4\xf8Bz\xc7\xe1\xf0\xec\xc7\
\xcf\xd4\xd8\xfb\x92\xdd\xbev\x0eB\xaa\x98H\x12\xe5\x91\
q\x86A\xfd\xb1\x94\xfc\xc5L\xb5\xa1!\xcb\x9d\x93\xa5\
\x95A\x17[\x1d\x22\xb3\x8b\xae\xbf\x1a\xbf\xc0m\xc9\x98\
\x87\x19\x1a\x17\x12]6'2v\xf1\xaf>`\xb9\x9d\
\xc7\xf0=J\xc0L4\x80\xb2\xc5H\xcf\x0a$k\xea\
\xe3\xf6\xb8\xf4\x98apf\xd0y \x0dr<\xb8\xff\
\xfc\xd9\x909\xd216u\xaezZ\x83\x89@\x81\x11\
\xbd\xc1\xa8\x08\x069B\xf2\xc3^\xc9\x98Gh\xb4\xe9\
\xcd\xd8\xccp\xdd\xfc\xcc\xed\x03\xb1+\x8d&IV\x96\
\xd9\xb9\x1du\x90*\x14L\xa3b\xaf\xb5<\xd9\x92\x92\
c<P\x10\xa4\x92\xd9\x93\x19\xfc\xa5\x97<#\x82\xd6\
\x90\xae3b\xceNI\xe3\xd2k\x0b\x86\xd9\xf3\xcb\x22\
\xea\xf3tp\x16\x1b\xc2\xa3=0\x0c\x1cX$\x15\x94\
\x09\x04\x0b\x06\xd2\x02\x84E\xa8\xe3\x97\x83\x98\xd5\x8c\x91\
\xccH\x0a\x924\x06\x83\x82\x10\x10\x14\x0f\x0a\xe7\xc3\x11\
\xe1>C\xf1\x92AA(\x06\xe2(E$\x880C\
\x88\x8c\x08\x89\x88D\x12\x88$I>\x89\x9b\x01W\xc5\
\xa4NG\x02\x99\xec\x9a\xdc^\xbb\xe6\xd2gtQ\xac\
\xb9H7ET\x16\x0d3\xa7c\xb0\xef\xddj%\xed\
ow\xafk.\xa2\xdc\xc7Y$\xd6\xf4\xfcb\xaa\xcd\
\x9f\xaa\xdd\xc4`\xfd\x8d\xde\x95\x93^\xa5\xbfP\x13\xe4\
$S\x96%':V\xa74\xb6\xe4\xa6\x1a:\x86\x17\
\x92w\xaa'\x14\x18\xbb\xeaVa\xad\x815\xec\xcf7\
#\x05|\xeb\xfa_\xc3{\xdc\xff3\xdc\x11eq\x96\
\xa6\x82\xf9\xbc\xb4\xaa\x00\x9c\x09SFG\xa7\xbaz\xe8\
\xdd}|M\xfb\xf1\xed\xa7\xcd\xf0\xd7\x7f\xe9\x03\xd6\x90\
_s\xfbw\x9f\xd0\xf5)\x07x\x1f\xa5aZg\x8e\
\x93Bu\xfc\x0f9\xd4\xed\xef\xd5\xc1fv$b_\
\xf9\x87\x0a8\x07\x8aY\x8b\xac\x9d%\x1f\xa5k\x82\x94\
1\xefv%\xf8\xa3\xc4\x0e\xe5\xa1\x9e|\xe4\x18\x05]\
\x0e\xfet\xae\xb4\xf3\xb6\xcaC;b\x06\xc6\xb4\xafq\
\xab7\xefA\x85\x0aa\xb4\xc9\x845\x95\x81\xc4\x83R\
\xe7\x07QW^\xf7\xf0):8(lBR\x83\x18\
\x19\xb4\x9a\x0aBc\x0eL\xeb7\x9a\xc0\xe0\x7f\x8e\xd5\
D\x17b\xf0\xef\x84(m\x0eE\x99\xd8\x1b\xf3.\x94\
:RA2S,\x96\xaa\x8bzM\xae\xb4\x101\xca\
\x0c\x88z}\xe0\xf7\xba\xfb\xdc\xdc\xe5\x8eDC\x90}\
\xb9)\xc9\x92\xf9wA\x08\x80\x8c8\x0f\x94\xae\xfdr\
E\xf7\x0d\xbf\xb3Cw7\xc6\xcc\xc9G\xf6\x97\xdf\x0a\
\x86&\xfbw\x1c\x16\xac\x88o\x18\x0e(_\x22\xa1\xd8\
\xcc3\xd4\x05\xbe\x0bW!\xfa\xe2(!\x08\xfc-\xf2\
t\x8b\x07\x1f\xe2\xf5\xaa\xec\x15\xd5\x0b4\x93\xe5\xc7/\
\xab\xe7\x91\xb2p$Rl\xdf\xac\x9b\xf4g\x8e\xff\x95\
\x010\xe9\xdd\xfa\xa7\xe5\x1e\x22\xb5\xa2\x13u\xd6\x85 \
\xbd\xac\xb0I\xaexy\xea\xd8\xca\x8f\xe1\xa02\x81}\
r\xad\x8b\xed\xd2\xc2n2L{\x92\xcc\xdd#!F\
\x10\xf6MTL\x82uF\x10\xa3b\x17\x8c\xc1?\x95\
\xfb\xd9_\x87\xf0\x90X\x8a\x01\x13\x13\xba\x5c\xf4m\xe7\
\x1aX)\x94\x10\x1b\xf7I\xed\xe0\x08$\xcb\xa3\x95\x18\
\x22<\x0ed\x0ff\xac\xb4\x91o\xfa0\xa7V\xa9\xaa\
\xf7\xb6i\xe9\x5c\x15\x0a\x0dx;f\xc6Qs\x8d\x16\
\x99U\x97s{a\x1d%\xf1uQ\x9d\x9b\x01f\xf8\
oMu\x03\xb7\xfa\xb3\xa9-\x99l\x22\x04X\x83w\
}&\xf3\x9c\xc9\xf0f\xe2\xf6\xc6\xc2*\x9c\x9c\xc5\xc8\
W\x98,G{\xbbHb\x1f\xf4A\x9e\xcc\x04\xa9\xca\
\xbbQ\xf8\x9c\xf6\x0f\xc0=F5\x03\xab%\xa6p7\
K u\xa9\x8a<\xdb\xda\xcd\x8b\xc07$\xf8X\xdb\
4k`j1##\xe7 \xda\xf9\xb0\x08&\x9c\xf9\
V\x98#\xa2L\xbc\x1e\xde\xc2\x18k\x01\xce\x9e\x88\x9c\
\x9b*\xc9\x1c\x1cj\x01:\xc2ewfj\xa2=\x89\
%\xb2\xda\x18V{`D\xfa\x8el\xb3p\xd8R-\
V^y4\xc9&\x17\xb8\xdb\xb3F\xcbT\x8b\xf5\xe7\
\xe7\x02\xe8\xaaj\x88\xed\xdb\xed\xc6\x82\x05\x5cf\xea1\
\xc90EB\xe3z6}\xca\xe0\x86\xdf\xb6X\xb2\xbd\
\x0d\x06+\xaf\xbb\xd3\x95{{\x90\xa4ZG\xc6\xb9t\
\x99\xee\xe9\xb7W\xe8\xce\x14\xad;l\xfc\xc7`\x01m\
 b\xea\xe7\xc5\xf6\x22_\xa8\x9d\xfe\x80\xa0\xc2\x86)\
X\x12\xd0\xf03\xeaR}\xf8\x91\xa3\x88\xe9I\xb0\x8a\
S\xad\x1d\x12\xda\xd9\x1a\x11Y\xf2+\x15\xfbB\xfbQ\
A\xd5\x0f\x04S;T\xc7\x8e;\xd9^Q4gP\
\xcf\x00D\xfc\x00\x8c\x8e<\xfc=\xbc\x1bE\xdb\xca\x89\
`G\x03\xff:\x19E\xc2Vr9$\xd9\xab4#\
&w\xaa\xbe\xd8\xa9\xcf\x04\x1e\xd6\x9b\x13\x8f\xba\x80\x95\
\xb9\x93\x97d\xd8\x96\xf2P\xd1\x7fH\xd1\xa9!\x13\x12\
w\xe2\x87?\xf6mP\x10\xa8'\xaa-\x87\xa3\x17\xba\
A\xb5k^\xc1\xe6\xd7\x09\xd0Tm8\x81X\x82i\
$\xb8\x0e\x15&\x1e\xa6\xf3\x0f\x9a\xd1\xc0\xb6V\x14\x85\
\xd8G\xdf\x8e\xf5\x94k\x8bW\xb6\x96h\x16\xa78g\
\x8f^\xbd\x95\xc2\xdfYg\xef\x00\x01\x90Y\x1f\x15$\
y\xa8C\xf7\xee\x88\x0dQ\x97\xad9\x8e\x8f+\x11\xa2\
\x85?\xe1Z\xc2\x98\x9c\x8d\x9d\xa5\x10\xb5\xf4\xc0\xef\xc5\
6?\xc9\x1c\x0b\x18\xab\xdb.\x97\x9dPz\x10\xdb5\
\xdb\x9e\x80/\x8d4Z\xe4\x1an\x5c\xd1\xc6\x15R\xbd\
\x12!\xb9_\xa0PyC\xfa\x90\x93\xbb\x03\xb5\xfay\
\xe3)\xef\xc87?\x14b\x22\x1a\xa7&\xa7=_\xee\
.\x85\xd24@\xc3=\xee=<`I\xe5|m\x0a\
\xa8\xcaA\xa7\x09Y\x14\x9c\x93\x17N\xe5\x95=6Q\
\x90\x88\xce\x11\xea\xa9\x9b\x93\x8f\x09p\xe6\x84q\x95Y\
aH\xe8\xd9\xbf\xa6r\xa0\xdbP\x11|\xd7\x14P\x07\
\x8ab6\xdf\x82\xc7X\xcb~wid;\x9d\x0dH\
n\xd7C\xff7\x82hr\x18\x8f\xb2\xcc\x0a\xcd\x08\x06\
\xcf\x076\x95\x82\x0c<\xee\xdci\x8b\xc7\x0e\xf6\xe9\xf7\
H\xde \x1a\x1a]\xae\x1a\xfb\xc5\x82\xe6\xeah}+\
+\xc6v\xc5\xcb\x02\xc1T\xbd\x9d\x81\x11\x17\xa0`Q\
wL\xc2\xf0\x83\xbbK\x9c\x02\xc6\x98C\xe7CG\xaa\
\x0aS\xce\xb8\x98\x80V\xa7\x88\xda\xb7`\xdaX\xcd\xa2\
}\xd2\x97\xc1\xd6\x8c\x0f\xe1\x1f\xfcP\x81|y?\xe0\
\x9eHw\x87\xe9^Ew\xc8\xb6\xe4\x00\x22\x0c\x99\x7f\
\x0a\x1a]\x06*\x1b\xda1\xf2\x95|\xd0\x96\x05\x9dg\
\xf9]qkB/.G\xc1\xd4\xd0\xc8\x01OW\xa6\
;/\xecsV\x18ve\x0c\xb7\x1a\xf3\x80q\xbbH\
\xeeC\xdcVs\x84f7\x01\x8d@\xec\x83D\xa4\x0b\
\x05W\xd0f\xb1\x18\x90\xa6\xb3\xaa~\x9fF\x0a\xdf\xa0\
Qv\xbf-?Ae\x89\x02\x81\xb5\xd7\x0f\xd5''\
\xbd\xbdK\xc7h\xa9R\xc9 f\xf9g\xa0\xb4.\x90\
\xbf\xd2=~\x8c\xe9\x0f\x8c.\x8e\xda|\xf0\xf6D\x81\
\x04als\xa3\x0f$\xe9\xc3\xc7E\x8b\x8a\xa2)!\
\xa0L\x1cAe\xdb\xb6ap|\xee<\x9c\x83\x8e\x22\
\x84\xa3M{!]6E\xaf\xf1\x8f\xa5\xdf\xedz\x8f\
\x19t\xe4\x8fV\x10\xe9\xa4\x02-\xafp\x92\x1b<\x1d\
u4\x84\x88\x0c\xc2H\xe1N\xd6\x08\x03\xbf\x0f\xbbt\
\x1a\x05\xb3\xcaV\xe6\xad\x868\x10FnC\xa3\x95\xdd\
\xa6\x15t\xc0r\x05z\x0e\xd6\xd33\xb2\xa0N\xdaH\
\x03\xc3\xe6W\x18\xe5\x8a\xdb\x22\x98VV\xf8BP\xe3\
t\xc5\x9aN\x13Mn\xe1\x5cN\xa6\x1dS\xd1DD\
\x0b \xd6\x8b\xfc\xa7\xd8h+\xfa\x82\xad\xbf$\xe6\x0b\
\xf49\x09p\xdf\xedc\x06E\x83\xb6F9\x1e\xb0\xd4\
\xa9\xd9\xe3$\x88\xd1\xae\x91\xb0\xfb@F\xb9\x0b\x81\xa6\
\xb0\x85\xf1\x1f\xa2<a\xa4>\xee\xccsQ~\x16L\
\x82i>\x07\x04w\x81\xfe\x8b\xf1!\x0cub\xd8\xfc\
\xd9Yr,\xbd\xa7\xac\x06%2\x18\xf0\x93+\x93\x12\
\xd2[\x1f\x88_\x9d\x18\xa0Fo\x1f-\x02h\xf5\xc6\
\x8f\x1d\x8f\xac\x99\xe1\xc3\xc4\xdc\xac\x05\xc8\xb6\x0a \xcc\
\xc3\xfc^\x08>\xe0\x00\x839}5r\xe5\x97=\xb2\
\x8b\xc0h\xa8\x02\xd7hb\xae\x84\x17I`\xb8PF\
kB\x9a\xbfK\xfcC\xcd\x87\xbdUs24\x0aF\
\x9at\xa6mp(~\x5c\xb5\xc3\x0a \xf5>\x5c-\
\x83=\xf7e\xa4\x12\x84\x9foa\xac$\xb8EGg\
\xe8^\x9f\xb1\xdc\x93\xf1\x02\x04\xfb5\xc8t_\xef\xd6\
@\xff\xed\x0f\x9a\xde\x05VQ@=m\x1eB\x85\xdc\
\xbf\x9e\x1bu\xcd~\x9e\x85\x22\x064PV\x03A\x13\
4B\x1b\x8d\xa4\xaa\xb0\xc6\x83P\xd5\x11\x16B\xf53\
\xe21\xd1\xf2%\x0b\x9cL\xf1\x9b\xd6\xde\xbf\xff\x1cF\
\xa9p\xd7\xcd\xf4\x03\x11\x17s\x8c\x88H\x93;\x06\xbc\
\xa6]\xf2\x8c:f\x13\xa2\xb9F\xe4\xed\xdfW|:\
T\xbd6\xd0F\xa0\xb3\xc9\xc16\x18\x90\xf6\x02\xc6v\
v\xa5\xf4f\xf9\xae$I\x17N\x0f\xb4\xce\xcb\x03\xfc\
\x0e\xf5m\x8f\xac~\xba\x8e\xde\xb6d\xc9\xe4\xf7\xeb/\
~\xc3\x93\xe8\xb0\x83\xees3\xad\xb5S\x9b\xac\x8d\xb6\
{\xafA\xf2\xb3\x8f\x1f(\x19'\xce\xa1\x96c\x8d\xb2\
\xf7\x90\x83\xf8\x18\x15(\x15\x0c\x18\x8e2\x90j\x88%\
\x8f\xbd\x980\x05\x17\xee\x8f/\x0bQ\xf4\xa4\xe5\x10S\
\xee\xb8\xdffRz\x9eab*\x99\x10d\xe1w0\
,\xc70\xbb\x7f\xa7\xc6\x18vA\xc9\x1b\xffY\xc2\xed\
c\x9eu0\xed\xa4\xd7;\xa4_\xf4\xc7s\xa7<\xa9\
Y\x91t_\x91/\x0e\x91e\x9do\xf0\x00]$5\
=\x10\xc8yE\xb3\xcf\xbdG\xf5\x0bqLoH_\
A+</$\x03\xddz\xa5.\xb4M]\xb8j\xbf\
\x1a\xe8\x1ep\xb9\x09\x96\xb8D3\xd9\x8c\xf5\xe6\x00\x15\
NYL\xea\xdf\xffs\xf3n&\xff\xc5\xd3\x05P\xc3\
\xc5\x1b/\xc0\x00\x09\xb5\x12z\x8f\xfcj\xb9\x86Mp\
-\x8c\xa7$\xd9\x12\xcb\xb4\x7f\xd2ho\xff\xb3\xbd\xc5\
\xf0>t\xd5\xc4\x14\xcf\xf96j\x03\xb0\xe9\xa0\x821\
\xa7\x06\x9c|\x9b6e\x8d+\x84\xd1\xfe`\xe2s\x01\
\x06AJ\xff@\xec\x7f\xd5\x8f\x88\xd9>\x99\xf0n\x0b\
@\x934tm\x22e\xfaXxi\x80\xea\xd1O|\
\xe6\xf6\xfca{\x12\xfc\xa7\xfd\xe7\x88\xa0\x12\xe5U\x8c\
\xb5\xe4\xeda\xbc\xa2\x93\xfdp\x9c\x07N\xec\xcaV\xe4\
af \x8bU:\x84\x17\xbe\xc6\xc0D\x1eO\xa4&\
gI!Z\xf9\x06$\xbd\x808-\x11\x8e\x17Z\xe4\
\x8d\x9e\xe8\x9d\x83\xe6\xd7\xeb\x1c\xf7v\xeah\xcb;C\
\xe7B3\x0c\xf5\xe4\xd6\xf0\xacH\x99.\x07\xc5\x0f\x8a\
\xc5\xa1?\x9d]\xea\x9a!.\xca\xba7X]\xea\x18\
\xaan\
\x00\x00\x00T\
M\
anfred Jeitler <\
manfred.jeitler@\
cern.ch>\x0aVasile \
Ghete <vasile.mi\
hai.ghete@cern.c\
h>\x0a\
\x00\x00\x00V\
B\
ernhard Arnold <\
bernhard.arnold@\
cern.ch>\x0aHerbert\
 Bergauer <herbe\
rt.bergauer@cern\
.ch>\x0a\
\x00\x00\x06\xd4\
(\
\xb5/\xfd`\xd8\x1bU6\x00JA\x0c\x0c'\xf0L\
\xa6<\x83\x1bV\x85\x05\xba\xa9\x93\xce\xd2\x8e%\xf0\x7f\
2\xc0]\x90\x1al\xaa\xbc\xa2\xe3\xd3'\x0c!E\x0d\
<\x037\x92\xab\xb9\x00\xb2\x00\xb4\x00\x12Q\xd8\xbb\xe2\
[n9DQ\xe9\x01\x8e\xbf\x8d\xce\x88\xee3\xe2C\
\x14\x8cn\xafC\xe1\xff\xd4\x89\xbfT\xb3\xed\xb69V\
\xc0A\x01\xa5\x7fn\x0f\xfd\xb3)\xcd\xdb\x84+Gq\
\xceAV\xd5\x9e\x1f\x9c1\x08\x15\xe8\x14J\xe9\x8b\x0e\
\xc8n\x05\x9ey\xd6\x92\xa4\x9fo\xdc\xe7A\x94\xd7\x9e\
\xc2{~\xe9\xf1+\x8f\xc5\x9b\x9a\x10\xc5c\x1d\x9e\xd7\
Z\x88\xa8\xc1\x13\x08\x84\x03c\x8bA\x89\xb6n\xb79\
\x1c\x0eEq\xa6\xde\x19\x0b\xeb\xa7\xfa\xf0\x099\xc1b\
\xf4\xebX\xf6{\xfdM`1\x06 \x81p\x10\x80\xe8\
\x8c(>k\x5cm\xae\x9d/\xa4a\x07\x1c<@\x14\
Q\xbeV?\xf9\x17\xe2\xdaC\x14Y_\xbe\xbf\xb1\xb0\
T\x09H\x04\x0c\x90\xa1\xf0\xb57\x97dR\xd743\
\x91\xcd{r\x99I\xb3\xcc\x06\xce\xd9\x1eK\xe8k\xde\
l\x5c{\xc9\x840\xba\xe6\x16\xaa\xbb{\x95\x10\x85\xb4\
5\xc4s\xdd\x0e\x22D\xb1!HB\xe7h\x9b\x8c\x9c\
\xb01\xccc\x0f\xc3@\xa9\xf0\x9b\xe1\xe0\x1a\xa3kb\
\x8426y\xa3\xbb5{p\xce\xbd\xc7\x9bmYN\
\x84\xa9a\xe3\xa3??\xf1\xfd\x13\xf3\xe2bFH\xa5\
\x92\xa0oQ\x16\xf2\x9cG\xbf\xbaaQp\xb6f\x8f\
\x1f\x9d\xf7\xe7\x10\xa4\x119\xe9\xce\xf9\xa3:p}\x1e\
c\xfd P\xd2\xf7z\xfek\xebF\xb0\xeb?\x19%\
\x87\xde&\x1c\x1a\xae9\xba\x8f\xb6\xce\x84L|{=\
\xda\x9c\xf3h\x8c\x01\xdc\xfe\xc3\x95nU\xa5G\x15\x1d\
\xa4,_G\xefz\xc1\x88\xee\xee\xd0\xe3Iw\x96o\
\xb4\xab\xc4\xfa\x85p\x85v\xe4\xd0\x0c\xfe\x8f\x8a\xf7\xa6\
\xaa\x89b\xd4\xa3\xedB\x1b\xb8\xb8\x16\xa1c\xe8\xa4\xed\
E\xad\x1f \xa2ph[\x19\xdc-\xfb\xed\xd6\x0b\xe8\
\xa3:\xd5\x85}\xa9F\xb9\xbf_\xc9\xc9WK\xe8\x9d\
Z8\xd5\xf4\x1c\xf6\xf9'\xe8m\xbf\xf1\xcecj7\
0\xbc\xa8\xb0\x807\xe5`|\xa1\x07\xc64\xc8\x925\
\xdbd\x89[\xb3-\x8dL\x96D\xa7\xdfT\xaf\x8dM\
=l\xeb\x9c\xf9[\x9d\xa7\xf7\x18\xbd.\x98.~`\
#a\xe5d\xf3\x1e\xd2M\xca4:\x1f}\xfe +\
h\xb0\x9fS\x88\x82\xf7\x9b\x1f\x04\x08\x87\xa8\xc1\x95\x04\
\xc2!\x8aK{p\x99\xaf\xbdf\xa1m2Q\xc6\x06\
\xe7|\x8f%oY2&\x935L#\x9d{\x1e\x06\
D\xc1(|\xd4\xbd+\x83W+\x9d\x8b\x1bfs\xcf\
E\x86Y \x82\xbe\xf5 [\x91J\xf9\x10\xe3r\x89\
d\xebA\xa6IW\x15\x18\xf8\x18\x18\xc6Q\xc9\x12\xc8\
\xcc\x86iny\x0b\xdf+\xeeV\x9a(\xbd\xa3\xf5\xf9\
\x17\x06~Qq\xf4\xb8\xdf\x04\x18\xdf\xde@\xb9\xd2o\
%\x81\xa5*\xc0GU\xba\x0e\xbd:\x8f\xa5\xf4\xa2N\
\xd8\x1a\x82\xf3<\x07\x0a0p \xbb\xa5\x8c\xb2\xf6j\
k\x7fi:*\x1f\xd5\xdbK\xe1\xba\xd08\xea\xcfK\
X\xe8J/\x16|?\xa3\xeb\xa7v\xb7:\xb3\xa9\xe6\
\x81\xad\xa8\x91)ClHF\x92\x82\x82B\xda\x0cq\
\x881\x92d\x0c;\xf3\x22\x91<\x84\xc1$e\x08q\
\x04\x19C\x082\xc1\x88\x04\x12H 2\x22\x81\xa4\x05\
i\x03\xd9\xe3\x84\x09f=\xe5\xc6\x16\x05\xe3\xbd\x93\xa4\
\xfcC\xd8=7)4~<w8\x85\x1e\xdaNZ\
\xe7\x9fP/92J\xca\xde\xdfP\xdb\x87\xe1\xd2\x1a\
g\xbe\xa2\x82\x11\xfd\xa7w\x0e\x1cQ\x0a\x99\x7f\xc3R\
A\xcc\xaf\xb3N0\xfd\x8b\xff\xfc\xec\xa2\x17e\x1a\x03\
\x0e\xbb\x5c\xf1\xb4\x0d\xe0?S\xb4\x1a\xdf\xc7\x8e\x89\xf1\
\xbe\x06\x0f\x80\xe8l\xc2&5\xb7t\x07X\xaa\xbd\x10\
D\xfd\xf4#\xd1\x063\xa0\xcb4ik\xd0\x1e\xb0A\
\xc4@`\xa848g\xfarV\x8f\xcet\xfcqT\
at\x09e\x84[\xd0\xa5\xb9$\x0e\xcb\x1b%\xee\x99\
\xec\x80~\xdd\xf6J5\xd4\x9ev\xd4\x8cN8\x03\xe6\
\x14\xae\x1d\x05\xd0\x84W\x17W\xc2\xab\xf2zn\x03\xfa\
\x84\x5c$\xe4\x83a\x8c([S\x02\xdfVLPq\
'(\x07\x0a:KA\x1aNw91\x8f\xec\xd1\xfa\
v\xe7\xf4]\x12\x0c7\x0d\xf2\xc6cA\xack\xdfb\
\x02/@\x00T\x81'\x82\xf49\x08v\xf0\x1fVa\
\xc4uX\x8c*\x81\x91\x8aa\xeaDe\xc0\x01\x14\xd2\
b\xa8 \x8d\x08-\xc3\xd9\xcd\x09\xd4\xb97\x0a\x17\xe3\
\xb6\xc1^L@\x01\x17\x9d\xa2qq\xf1kUAG\
\xed\xbc\xc2o\xe66\xd2\x09\xf2,)u\x1c\xb4\xa4\xf6\
\xa6q\xe6\xc16\xc5\xf6\xbe\x0e\x96xo\x10\xac\x8c\xc1\
\xfa\xc8s'/\x22\x85\xc2G\xd6\xab\x0d\xe1k\x0b\xe0\
&\x0a\xbe\xcb\xe5\x19\xcb\x98\x18\x06\xf7\xa7\xb2h\xe1y\
\xa71H\xda\xdf\x84s\xc66\xb7dr\xfe7\x00\x02\
\x8au\xeaG\xa4\x89!K\x95C\xcb\xaf=E\x08\x86\
\x0au\xceB,\xc2\x9bZ\xaf\x9a\x92:\x04+P/\
UC ;\xd8#\xd6\x8b\x00\x94^\x07_\xd6\xc3\xfb\
\x22p\xbe%L`\xb9\x03\xbf\x98\xce-\x93\x07\xc6[\
\xdd*\x9dD0\x98\xb04\xec3E\xe0\xc1\xec\xa0N\
a\x86*\xc4\xf9_\xceL\xfb\xff/m<%m\xc8\
\xf9\xa2\xc5V3B\x9a\x98\xd3\xf5\xf8oN\xd0/\x13\
\xa0\x17\xe2I\xd2\xb5\x5c\xd2\xe1\xe6\x01\x9cs\xc1\xed\xe9\
\x80\x8b\x8e\x0d\xe8&\xf8\x04\x9b\xdd\xceC\x1a\xf6`c\
\x8c\x92&\xa0\xa0\xae\xc3z\x98O\xb4\x81\x09\xe7\xc2\xb6\
l\xe1\xc4!\xbf\xd3\x99\x8f{\x86*\x82\x0e\x1e+\x82\
\x10\x0d\xd0\x00(N\xd2KI\xda\xd8x2\xbb\xc1\xeb\
1\x86>\xf6\x13\x97\x0fA2\x88\x90t\x5c\x00\x09\x19\
&\xae\xa4\xcf\xcaG\xad$7C\x22\xe0\xa5@\xf4\x0a\
\x96\x02\x0b5\x95\xb9\x0f\x01\xb4\x81\xa8r\xa6/@\x0d\
 \x10-\x01\x98\x0dF\xc0|j\x03@m\xe8(&\
\x0f6\x82\x7fg\xe0aN\x00B\xa8\xe0AU*\xb5\
H\x81\x01`\x81j\xfe\xd8\x15\x10\x1c\xad7\x0c&W\
t\x12B\x0f\xd3@\x8c6a\xc6\xc8y\x00f5\xa3\
f\xfb\x00\xa2E\xc9\xf2S\x1d\x7f\xd4\xa6<\xda\xf0\xa8\
,\x85\xae\xb1\xf5\x04\xd8Q\x15\xcdV\xd9e\xdb\xc2^\
)\x94\xd9wHV\x7f\xc9\xda\xd6{X\xda\xd6\xce\xbd\
\x8fD\xa7\x0c\x17\x1e\xe3P\xc9\x056\xc4\xae\xecjI\
$\x07\xa6\x06\x04\xb2\xe5+0\xf7b\xfa\x7f\x22\x9b\xb6\
\x02]1\xd1K\xd8]\x1b\xd9D[\xa5$S\xa5&\
J\xde\xcb&FV2lh\x1b\xe2\x1a\x08]\xb9\x1d\
\xc2!\x94\x0a\xc1\xb9\x0fE\x8ar2nR\x99\x13\xaa\
\x8cR\xd7c\xba\x89u\xc5\x8c\xce-\xb3\xa2^\x5cq\
1Z\xc2\x0f>\xb4\x92\x84\x85\x826\xb0\xd9\xfd\xc4\xf2\
w\x0e\xd4\xd0)o\x08\x94\xb2\x17S.\xed\xf1@\xc1\
\x9a\x04<\x82\xa8A`t0\x93\x09IC\xf2\xb7\x98\
\xf9ig=r\x16\x14\x11^\xc4\xe0(\x15CA\xd3\
\xe5\x0d@\x1b\x08X^\xc9\x1e\x1f\xfaGv>\xf5!\
\xf7\xad\x02\
\x00\x00\x0b~\
(\
\xb5/\xfd`EJ\xa5[\x00:v\xc0\x13'\x00o\
V\x07\x03f\xf7\x0d\x19\xc1\xd7\x98\xd9=\xfc\x0c6\x81\
\xd4[z\x0e\xd0\x1c[\xb6\xac\x88H,;\x84GG\
U\xd5\x0b`Db\x01\x17\x01\x0e\x01\x98\x8c{['\
nce1E\x8d\xa8\xa2\x98\xefv\x89\xddMYd\
\xc8L\x9dP\x97\xfa\x8a\xbe,Q$\x11\x0b\x0f\x88\x95\
\xc5\xf3\x1e\x8f\xa6\x0c\x96\x0c\xce\xed\xe6!\xd35\xb7y\
\x16\x83A)\x04T1qE\x14\x81\xe4~\x1e\x17@\
QQ\x12\xf50\xd2\xc4\xf5\xa0.\xcb\x1d\xe3\x08r\xaa\
\x05\x95\xf3\xdab<\xe8\xa1\xc0D\xf6>\xa0\x08B^\
\x84\x81\x890W\xe4]Mcz<&\xae\xe7\x88\x1c\
\xcdw\xb3\x80B\x84\xe7D\xd2s\xd0D\x09\x9a\xe69\
\xa8\x88\xe6I\x11\x83\x89<\xbc*\xea\xe1\x88\x18\x09e\
\xf1P\x90\xc2\xbbw\xab\xa4_\xf5h\x8d\xa9\xd0U\x16\
PtE4\xa2\x17\xf1\xad,\x22.(\x824\xd6{\
\x9c\x87\xf5\x1c\xce\x04]\x10&\x93@B\x82\xe6z\x13\
>\xc6{*\x09\xca\xc2\x87\x14Q4\x99\xb9L\xc4\xb9\
\xa6\x09\x8bav\x9b\xcd\xc69\xa7\x0ca@U\x00k\
\xb2&\xca\xe1\xa0\x9e\x87!z\x1e\xa5Q\xd4\xc6\xba\xa6\
\xe7x\xd2k\x1eH\xaa$\x1e\xca\xe2\x81\x14\xd6\x94$\
IC\x03\x83\xf5\xd0\xd0P\x80a\x12\x87\xa6QQ\x18\
!\x04\x02i\x1a\xc5\xe3\xba\x22\x04$\xef\xe1<\xd6\x85\
\x89A\x12qE\x90\x04z\x97\xf3*\x04\x09\xc3\x00x\
h(`@\xa1&e\xf1&Jr\xa0\xc9\xb9\xacD\
yF\x81\x84\x09\xca\xa21E\x10\xf5L/Q\x12U\
YLTdU\x0fC\x229\x22\x06\x1e\x02\xca\x981\
\x87\x8dY\x9c\xf72L\xd5\xc51\xc6\xbd\x98\xcc\xa2\xc9\
M\x13\x7f\x9d{\x9f\xb1}VV\x86\xea\xd8\xb1o\xcf\
\xc8\x18g\xc6\xcd\xd8\xaf\xceB8\xcf\xbf\xfb\xbf\x06\x05\
\xf0\xf6]\x07On\x8f\xae\xbc\xdd\xad\x8cG\xd3/<\
\x8e\x04\xf1\xfd\xbf\xfe\xdd\x9b\xd9\xe92\xd1\xdb5\xe66\
\xa7\xe9\x0d[\xb3\xb2\xe22\xd7\xcc\x19\xd3\x99u\xffT\
\xb7\xab\xaeq9u\xd1f\xb7\x0c\xdd\x99\xc5\x1ds\xca\
\xee\xdd\xba\xa8\xcf\xe3\xab\x8d\x7fU\xb7\xd1\x99\xd1\xb8u\
{%9\xfa\xfc\x9b\xd8\xde9\xb3\x96\xf8\xfb\xde\x90\xb5\
\xfflt\xabKs\xad\xb9\xc5^\xf7\xc9\x5c\xdbc*\
\x8c\xbd]\xf1[+;t\xe7c\xf3\xa6{\xf4er\
\xd9^f\xab\xa8\x8c\x80HT]\x8e\xc3\xc1\xdd%r\
\xa6.\xee\xbf1Fm\x02\xde\xe5H\x97\xb2pT\x14\
\xc3\x9a\x9cJ\xc26F\xe7\x0c[g\xcbV9\x1b2\
\xc6l:?k\xc2\xf4 B\xf5,\x09ea]\xd1\
4\xa1\xe1\x98\x91u\x9bW\xbf\x91\xad\xfb\x22\xeb\xd4\x89\
\xd7\xf6\x8e\xaa.\xc0\xab\x22\x14\xd6\x84\x03\x91\x1ce!\
)\xb7o\x01\xab\x91_\x87v\xd7\x0b;Ovte\
8WS\x1b&\xe3~\x1f\xc85\xc6O3Xu\xdd\
a\xdfX\xfe:7/\xefz\xae\xbfz[\xb6\xbc\x0e\
\x04;\x88\xb9\x86  \x9ck\x04\x94\x1fvXSU\
\x02\xddX\xb9\x1d\xd4\x8f;.\x9bcRs\x1d+\xc3\
d\xd5e\xfe\xf9\xe9\x12}q\xd7\x1c\xefg7d\x8b\
{\xd5\xe6\xc5\xdc\xeen\xcd:\x99;k\xcdY\xdbe\
\x0e\x9d\xd9i#\xbfc\xed?\x15\x95Y\xde5s\xa7\
\x8b\xff\xed\x9e\x89\xda\xf2\x99\xd1\xb5\xff\xa3[\xdet\xdf\
\xdb\x9e\xeb\xbe\x8f\xcf\xdaYcl\xac\xea\x0d\x93S\xb5\
q\xbf\x83fc\x0c\x1b\xf3\xe5\xd5\xa9\xb6\xc4d\x94\xd9\
uk\xac\xeb\xdd\xa8\xed\xf4\x9fyC\xf6Wg\xc8\xdc\
\xed\xb3?\xfbe\x0c\x1f\xb9Y{]d\x9b\x8b\xcf\xc9\
N\x1d\xb5\xb9i\xd5\xc6X\xf2\xe5D\x18^\x02\x88+\
\x09\xe9\xc0\xe4D\x96%\xe1,x\xd5\xbb\xa4\x88\xe1\x8c\
\xfd\xd7\xbf\xb1Co\xdb\xcb\xd8\xba\xd6d\xc6\xdc\xd4\xc4\
\xdee\xf7\x98\xbb\xb0\xdf\xd6\x86\xac}\xb3\xdf\x15E@\
\x96\x03\x0d\x05\x1a\x18\xac\xe6\xa1\x91\xe9Zs\xc6T\xd7\
\xbf\xfd\xba\x7f*:u\xdc5\x84f\xcb\x90<c\x8f\
-\x17]\xe6x\x1bk\xab\x8b\xd3\xdd\xc4d\x98\x04{\
\xd9oL\xbb\x9dC^\xdc5\xdd\xb1\x93m\xd6E=\
\xf3\xfb=\x90\xc3h\xbb\x0e\xdc\xca0\xb7\xf9\xa2f\xea\
\xd2\xbe\xbb\x0e\xd9\xbfu13\xe4\xc2$\x0bwg?\
:\x93\xb4\xeas\xe3/\x99<\xc9\xd2\x9e\x9b\xe26\x93\
L4\xc6\xbe-2g\xd7\xc5\x89\xc8\xe3P\xbd\x8b\xf9\
\xa9\x9c\x88\xcby4Me\xe8\xcb\xbfz\xb9\xdfFC\
i\xbfn\x9b\xd5\xc1\x09\x98\xa8I\xf1.P\xd5\xfe\xb3\
lM\xa0=\x80\x82\xa1\xdb\xcc\xb8\xeb\x8f\x9e\x11\x97\xcf\
\xfb<\x87]gf\xb9\x94\x07Q\x8e\x87\x04U5\x12\
J\x92\x1a(\x0b\xe9A8R\xa3y\xd2\x151\x90\xa4\
\xe8\x8a\xd0D\x8e\x07zU\xf30\xc0\x11\x15\xb8\x1c\xc5\
\x03IP\x10\xce\x85\x8a\xaa\xa0x\x1e\x05\x09 (\x9a\
s9\x90s=\xc7\x03\xf42D\x8e(\xe28\xd8\xb6\
\xb6\xfcUf\x8a \xcf\x92\x9c\xaa\x01\xa1\x22\xac7\xe1\
HU%\x11yHx\xeb\xb7\xb6\xb6G\x9ew\xcd1\
\x87LQ\x19VY@(\xc8\x89\xb0\xb2\xc1\xab\x07U\
\x14\x84\xb2x\x0d\xe7\xe1@@\xcdC\xa6\x0b\x82\xcf\xa8\
r\xc3\x96s\x88\xa1\x22I\x0a\x92\xa4\xcd\xa21\x86A\
y\x16%j\xca\xf6\xc2`$\x03A$F!\x18\xca\
\x10B\x0ca\x84\x10\x22 \x04\x12\xa2\x88\xc8\x88\xd4\xc8\
\xac\xda\x9a\x09g\xcb$\xb2YtR\x0d\xa2\xda\xda\xa7\
M\x0c\xb0\x8f\xc9 \xcdy\xda\xa1\x0efx\xc0Tr\
\x16\x1a#g\x8b\xc5\x22\xd2Dp\x10\xa4E9\xd0.\
'\xe4\xc2\x1d2y\xdf\xe0P\x04\x09.\xc9\xf9\x08\xc0\
\xa1\xb3\x13\x85\x9dY~Mb\xb7\x9b\xf8\x0d\xee\xeb\x16\
\xe8\xdd\xa3\x0a\xbe\xf1\xb3\xcc~\xd8\xbb\xaa7\x01\xa1\xd2\
~w|\x1a\xe1e\x7f\xf4K\xfe\x0d\xcde\xe2%\xcf\
\xd0 ~\xb2\x84\xf6\xb2\x83s<\xb10\xad\x11\xc5\xb8\
\xde\x98\xf1Z\xb4:\xc4hp\x09d*\xadX\x10\xaf\
\x1br'\xa2EI\xe0\xf2\xc8\x97\x02\xc1h;ZF\
+dv\x8a\xa2\x86w\x10\xc99920\xca\x82\xcb\
\x9f\xa48\x1d\x8a\xc3\xf4\x81\xa7\xb9\xaa\xea@`O\x11\
\xa1\x08\xb3\xdb\x030\x84\xe1\x07Eg\x0a&\x04g\xb7\
\xdb\x91\x84\x83\xfe\x14\x02Z\x0cJ\xa3\x03\xb3%\xad!\
\xe4\x02\xabP\xdb\x14\x1f\xcc0D\xc4V\x0f\xea\x0d\xa0\
\x9fG\xbfPsek1\xd80B\x9aPg\xc3m\
\xa7\x87Nc\xc5\xf2\xa6\x1bH\xc9<0\xd4$d\x87\
\xd3\xa0\xab\xf5\x008\xe7W0\xfc\x9d\xdb\xa9\xb6)G\
3\xa2\xe0\xbfu@\xa44$M\x91#GR\xf4\x9a\
\xab\x04@\x9c0\xa9\xf6\x14W\xcc\xc0\x97\x91\xfa\x1b\xd6\
'\x89\x0c\x15JX\x9d`\x1a\xcc\x90\xba\xc8\x80\xf2\x9d\
\x8b\x04Rd\xd0\x9f\x04\xc5\xc1\xc4\xfd\xb4\x99A\x04\x80\
_d\x98\x02m5\xa2\xf6\x84EU\xffSV\xd4_\
\xd7,\x93\x94Q\x1e\x80\xa6\xc1\xe5\x92|/\xc2\xbe\x01\
\xd0\xcc\xd7W\xf0%p\xc1\xf1V'@\xe4\x0b\xd9\xf4\
\xa3\x93j\xafxw\x5c35F\xf4\x0fpw\xb5\xea\
\xfc\xe2b\x02\x00\xfd\xc6\x919\x96\xfb\xe8\xfe\xbfr\x9c\
\x85n\xf8P7\x85O4\xb7\xe4\xa7\xd3\xe4\x02=|\
\x04\x88\xc2H\xf8\xcann4\x9c\x97\x0d\x08\xcb\xf1#\
\xec\x9a\xff\xfd\x1d\x81\x22\x1b\x84#\x95\x0f\x05\xc0\xe2d\
T\xc8\x00\x9c\xb2\xf6\xc0S#\x02g+F\xc5\xf6\xfa\
\xb1\x1b\xee\x82\xc3\xee?\xd4\xb9K\x9en\xcb\xb0\xee\x01\
\xd8\xed,\x8f#;X*\x8d\x92\x86{,\x108\x81\
>\xab\x82\xc6c\xd1>@\x9d\xcd\xa0\xeco\x83\xa2\xab\
\xb3\x9d:\xd6\xd8\xbcc\xd4F\x0f\xbb\xa9\x9f\xe2\xec#\
\x1e\x9f\xa1\x9d\xb3\xefb\xd3\x15)S\x04V\x9b\xccA\
\xa7$\x9f\xc5\x8ez2\xcd\x0c\x8f{wGNK|\
\xbb\x13\x7fS\xe1,\xa5m3\xbc`yO\xcbJa\
$6:\xce\x01\x02\x93\x9b\xb5\xdd\x96\xde*\xeb\x1e\x16\
\x0b\xb04\xef|\xfb\xa8\xc9\x17;\xa2=e\xec80\
\x8f\xc3\xcb\xdcn\xe7\x056w\x84\xbaN\x9f<\x02P\
D\xd4\xef\x8dKK\xe5\xc9VZ@\xe1\xbb5\x05J\
\xea\x18\xfeS.\xf5l\xde\xcf\x8b\xa7\x83\x1c\xbae\xf5\
\x05\x0fV}\xf2\x0e\x22({\x1e\xe8\xcd\xd4\xca3c\
\x9a^\x05d\xacwX\x8e\xba\x039\x86ltv\x9a\
\x9b\xb0\xc3s\xa3\xa3s\xa7r\xf6\xbd-\xd4\xe6Ec\
\xb9iz\x00`\xb0\x17\x1e\xd1y\x14\xca\x10\x1dJ\x9c\
\xde(\x8e\x8e\xfe\x13\xd2I\x88\x1a|\xdc$\xe1\xd4\xcc\
\x93Y}\x87#Q+\x90\x9d\xd0\xd2c\x89X\x0bE\
G\x14\x91B\xd5\xbe-\xad(\x822\xbe\xbb\xaa\x13\xa5\
\xfdF\xef\xf8\x89n\x93\xc2C\xd5\x9bA\x19\xe1LQ\
F\xd9\xab\x0f\xcd\x12\x82s\xc3\xba8\x82PzA\x0a\
\xae\x17\xc9K6\xb2x\xee\xe7G\x11\xc5R\x95\xcd4\
\xc7\xea\x84\x8b\xf4\x10\xff\x02\xf2\x08l\xbb\x03d\x0c\x90\
d\xbd\xa4\xca\x9a\xac_\xe5\xc2\x05\xf1\x1c\x15\xee?0\
4G0\x06\x82\x14\x03\x0fQ{\x029\x91\x18\xeb\xb8\
\xed\x84W\xdc\xa0\xfd\x04{a\xab3\xe8-\x1a\x91Y\
\xdbTsd\xa0\x80\xbb\x17\x9eS\xfc\xe6\x93<7r\
H\xbb\xca\x85\xb7rYn\xa8\xee\xeaP\xc8zk&\
\x15Hk\x9d\x960z\xdb\x19\x87rn\xafm\xdcu\
1m\x91\xba\xeeSM\x1a\x985\xbc\xa3\x1b\xcf\xefT\
+V\x9bat\x8e\xe6w\xc8\x9av{\xd3G\x80\x1d\
7\x92\xc7E\xf2\x7fN\xb5\x17\xed\x01\xde\xc1\x9d\xd7\xd9\
/\xbf,P\xd9\xae\x87\x950\xa2\xf1~\xc4X\xfeo\
~\xe61\xa6\x9e-+\xae\xcc\x86\xac\xa8\xc2\xffg\xaa\
Q\xc4\xb3L@)\xa7\xfe;/U\x88h\xae\x82\xfe\
/Pa\xd9\x00\xb0\xb5\xcb\x14pG}\xf0o\xff|\
\x94l\xf4\xc8:*\x8c\xd1\x80\x8f\x9au\xee^6\xd7\
> \x95\x93\xf0\xe6M\xb8\xfa\x10\xc5\x91e\xd3\x87:\
[\xa2C\xcb\x0d\x91;\xf8\xda\x91\x8cF\xa9\xb0\xd1\xa8\
\x0a\xdb\xf7:\x0f\xfeP\xc2\x12)ZD\x22\x83eh\
B\x90\xd7\xe8[\xc8\x9b\x12\xa6k\x1a\x98S8\xd8\x89\
\xbep=g\x0c\xeb\xd1w\x06^\x04\x11(u\xe2\xec\
4\xbe\x10\xb1\xacw\xc6\x98*gO\xf8\x0f\x84\x1d\xb3\
\xbe\xc3D\xc8_5\x16?\x9e\xde(\xed\x1b\x008\x16\
\x96?k-\xcd\xe9\x8brmFf^\x0c\xfe\xb2\xb2\
p\x91n1G\x01\xdc\x94O\x08\xb8L\xa4\x8d\xd4\x96\
\x82,\xfa,\x19\xfcgn\xc2\x1b*\xfa>\x9b\x9aG\
\x0c3o\xcfzUy\x15\xd4\x9dP\x015\x17`1\
\x7f\x83\xdb\xdcJ\x14Q\x81\x0f\xb6\xdd+ \xaa\xc9P\
N\x1a\xad\xe16i\xfd\xdf\x94\xee\xb4\xf3\x12p\xec7\
7\x03\xdc\xbdQ\xb96\x12C\xcd\xff:\x93\xda\x9e\xde\
\xb6\xf8\x1cMr\x08@\xcf\xe9\xc0N\xc3\x87a\x10\xd6\
D1\xa0\x08\xeek\x8a\xb5D\x10ua\xf9J(\xbe\
'J\x80\xef\xac>{\x05\xc4=\x85\x05\xd7\xfd\xa5\x22\
q\xd30\x1a\xb0f\x1da\xa2V\xa2\x96\x09\xba\xff\xa0\
\xf8[=s[}b\xc7\xa9]\x06\xa1R\xed\xbd\xdc\
O\x82\xd6I\x89\x0e&\xf2\x98\xe7\x17\x03\xa3Q\xc5\xfb\
\xf2\xb3_~\xe1\xe6jR|D\xcf\xa8=\xed.\xf7\
\xa1\x9f8\x1d\xf5\xf2\xef\xa1\xf2\x9dC:\x14\xd5\xac\xe7\
\xbf\xb5\x03\x17L\xac\x18\xdd\xfa\xbb\xcf\x92\x15\x1fx\x86\
\xc8\xdb\xb2;\x95\xd9\xabU\x1dz6\xa4\xbf\x933\xc6\
\x94\x8da\xc6\x01\x12V\xbd&\xb8\xe5\xe7ks\x06\x98\
\xf1\x83\xfc\x0a\x8d\xd3\x5c\x10\xc8\x80l\x9d\x22{\xf55\
\xeb=\xad\xc5\xd2\xde~\xa0'\x98\x11Az\x0bSR\
\xc9z\x8b%~r\xdd\x83\x98\xb0\xb7a\xb1)U8\
,\x0e+\x22\x9b\xcfr\xb3\x90\x81`B\xe9\x5c@O\
\x1d&d\x86B\xe5JA\xf8\x08x\x099\x83X\xa4\
\xc3\x99\xa7\xacvc_\x13yOt\xe3/U\xc1\x0a\
j\x1fYh,\xdc\xb0\x19\xe8\xca\x07b\x995\x97\x00\
g\xd8\x06\xed!\xd8\x15\xd0>\x9c\x19Z\x01\
\x00\x00\x0aF\
<\
?xml version=\x221.\
0\x22 encoding=\x22UTF\
-8\x22 standalone=\x22\
no\x22?>\x0a<svg\x0a   xm\
lns:dc=\x22http://p\
url.org/dc/eleme\
nts/1.1/\x22\x0a   xml\
ns:cc=\x22http://cr\
eativecommons.or\
g/ns#\x22\x0a   xmlns:\
rdf=\x22http://www.\
w3.org/1999/02/2\
2-rdf-syntax-ns#\
\x22\x0a   xmlns:svg=\x22\
http://www.w3.or\
g/2000/svg\x22\x0a   x\
mlns=\x22http://www\
.w3.org/2000/svg\
\x22\x0a   xmlns:sodip\
odi=\x22http://sodi\
podi.sourceforge\
.net/DTD/sodipod\
i-0.dtd\x22\x0a   xmln\
s:inkscape=\x22http\
://www.inkscape.\
org/namespaces/i\
nkscape\x22\x0a   view\
Box=\x220 0 16 16\x22\x0a\
   id=\x22svg2\x22\x0a   \
version=\x221.1\x22\x0a  \
 inkscape:versio\
n=\x220.91 r\x22\x0a   so\
dipodi:docname=\x22\
path-cut.svg\x22>\x0a \
 <metadata\x0a     \
id=\x22metadata10\x22>\
\x0a    <rdf:RDF>\x0a \
     <cc:Work\x0a  \
       rdf:about\
=\x22\x22>\x0a        <dc\
:format>image/sv\
g+xml</dc:format\
>\x0a        <dc:ty\
pe\x0a           rd\
f:resource=\x22http\
://purl.org/dc/d\
cmitype/StillIma\
ge\x22 />\x0a      </c\
c:Work>\x0a    </rd\
f:RDF>\x0a  </metad\
ata>\x0a  <sodipodi\
:namedview\x0a     \
pagecolor=\x22#ffff\
ff\x22\x0a     borderc\
olor=\x22#666666\x22\x0a \
    borderopacit\
y=\x221\x22\x0a     objec\
ttolerance=\x2210\x22\x0a\
     gridtoleran\
ce=\x2210\x22\x0a     gui\
detolerance=\x2210\x22\
\x0a     inkscape:p\
ageopacity=\x220\x22\x0a \
    inkscape:pag\
eshadow=\x222\x22\x0a    \
 inkscape:window\
-width=\x22876\x22\x0a   \
  inkscape:windo\
w-height=\x22480\x22\x0a \
    id=\x22namedvie\
w8\x22\x0a     showgri\
d=\x22false\x22\x0a     i\
nkscape:zoom=\x2210\
.429825\x22\x0a     in\
kscape:cx=\x2213.06\
0264\x22\x0a     inksc\
ape:cy=\x226.409357\
9\x22\x0a     inkscape\
:window-x=\x22733\x22\x0a\
     inkscape:wi\
ndow-y=\x22172\x22\x0a   \
  inkscape:windo\
w-maximized=\x220\x22\x0a\
     inkscape:cu\
rrent-layer=\x22svg\
2\x22 />\x0a  <defs\x0a  \
   id=\x22defs3051\x22\
>\x0a    <style\x0a   \
    type=\x22text/c\
ss\x22\x0a       id=\x22c\
urrent-color-sch\
eme\x22>\x0a      .Col\
orScheme-Text {\x0a\
        color:#4\
d4d4d;\x0a      }\x0a \
     .ColorSchem\
e-Highlight {\x0a  \
      color:#3da\
ee9;\x0a      }\x0a   \
   </style>\x0a  </\
defs>\x0a  <path\x0a  \
   style=\x22fill:#\
000000;fill-opac\
ity:1;stroke:non\
e\x22\x0a     d=\x22M9 2.\
03125A4.5 4.5 0 \
0 0 7.699219 2.3\
78906L8.203 3.25\
2A3.5 3.5 0 0 1 \
9 3.039063zM10 2\
.033V3.041A3.5 3\
.5 0 0 1 10.7968\
75 3.251953L11.2\
99 2.383A4.5 4.5\
 0 0 0 10 2.0332\
03M6.833984 2.88\
0859A4.5 4.5 0 0\
 0 5.880859 3.83\
3984L6.754 4.336\
A3.5 3.5 0 0 1 7\
.333984 3.75zM12\
.166 2.881L11.66\
4 3.754A3.5 3.5 \
0 0 1 12.25 4.33\
3984L13.12 3.834\
A4.5 4.5 0 0 0 1\
2.166016 2.88085\
9M13.621 4.699L1\
2.748 5.203A3.5 \
3.5 0 0 1 12.960\
938 6H13.969A4.5\
 4.5 0 0 0 13.62\
1094 4.699219M5.\
382813 4.701172A\
4.5 4.5 0 0 0 5.\
0332 6H2V14H10V1\
0.969A4.5 4.5 0 \
0 0 11.300781 10\
.621094L10.797 9\
.748A3.5 3.5 0 0\
 1 9.5 10 3.5 3.\
5 0 0 1 6.03906 \
7 3.5 3.5 0 0 1 \
6 6.5 3.5 3.5 0 \
0 1 6.04102 6 3.\
5 3.5 0 0 1 6.25\
1953 5.203125zM3\
 7H5.03A4.5 4.5 \
0 0 0 9 10.96679\
7V13H3zM12.95898\
4 7A3.5 3.5 0 0 \
1 12.748047 7.79\
6875L13.617 8.29\
9A4.5 4.5 0 0 0 \
13.966797 7zM12.\
246094 8.664063A\
3.5 3.5 0 0 1 11\
.666016 9.25L12.\
166 10.119A4.5 4\
.5 0 0 0 13.1191\
4 9.166016z\x22\x0a   \
  class=\x22ColorSc\
heme-Text\x22\x0a     \
id=\x22path6\x22 />\x0a</\
svg>\x0a\
\x00\x00\x0c\x99\
(\
\xb5/\xfd`\x8aS}d\x00\xba\x81\x90\x15+\x00M\
htC\xe8\xb8\x8d\x86\x8fh\xf3\xb1\xc6\x15\xc86:\
\x18\x0b\x02\x82\x08\x03\xfc\xca~\xcb\x8a\x88\x88\xc8\x0b\xbc\
,\xfe\x16\xfd\xff\xf7\xbb\xc0\x03v\x012\x01L\x01\x9d\
{}\x88\xca4w\xf5\xb2.\xc6\xd3\xb5\xca\xe2\x015\
\xa0Ib\x9e\x99\xe11/eQ\x01\x22fD2\xcc\
\xcfs\xedD\x91D(\x80<<\x1bQ9\x0d\x02\xc9\
u\xb6\xe9\xc5\x90=\xecx\xb3\x90\xe5j\x18\x96=\xbd\
r\xf1\xc3\xc0\xc0X\xe7\xd2\xd5\xbaxm.\xff:\x5c\
]\xa8\xb8\xec8,\x1d\x19\xac\xab\xcc\xd8L\xf4\xa6\x7f\
\xf5+\xcb\xb5\x9b\xce\xc3|y{b\x0117\x91(\
\x0cR\x11QA\x12\x03F\x82b\x92\x22\xc9aZ\x14\
QQU\xa3\x18\x0cI\xc9\xf7\x85H\x15\xc5\x96/\xf4\
4S\x02S\xd3\x98b\xb4g\xa1\xc1U\x0e\x12C\xc3\
<\xa8\x1a\xca\xc2\x91\x1e\x853\xabN\x09\xb7\x09\xb2\xf8\
P\x91\xaa,\x1e\xa8jh@\xad\xe1YY4T\x0f\
\x04\x91\xa0\x9a\xd3@\xa8\xe6h\x1eO\xf5\x1c2\x0e\x22\
p\x90\xa8\xda\xe3\x1a\xa39\x93\x83D\x1d$\x8a(\x12\
\x88\xa8L\xa4\xa9\x1e\x11\x14\xc3\xa8&\x14\x13\x8c\xb1\x5c\
\x08\xc63%P\x0f\xea!9\x1c\x92\xd3\x1e \xc7Q\
\x12y\x99\xa0\xaaGs\xb4\xa8%\x9c'\x9a\x1c \xca\
\xc2y\x14\xd4#I\x12\x84\xc6\x03\xb5\x80\x80\xd0\x80a\
\x12\x85Dc\x92\x0e:\x08\x08\x88DB\x01\xa9\xaa\x86\
\x05I\x834\x0e\xf5\xe0\xa1@\xd2PA\x10\xc9\xd3\xaa\
\xa6M\x06$\x0c\x03\xc0\x02B\x83\x01\x14\xe9\xa1,\xda\
C\x8a\x9a\xe7\xd1TT\xa2<\x83@\x04\x12(\x8b\xc6\
\x03z$\xe7\xd1\x12\x05/\x95\xc5C\x82\xa8\xa9=$\
\x91#2\xc0B\x0a\x9b\xbd\xdd\xec\x16\xb30g\xed\xc3\
\xcc\x85u/+\xeeJ\xc6T\xe4VA\x0d\x10\x98l\
-\x86x\xce\x8c\x8b%\xfardD^\xec\x0fu\xe9\
W\xceu\xcd\xaa\xeb\xcfWw\x0f\x15\x19\x8f\x93{u\
\xad{'8su\xe3V\x0d\xf4\xd0\x1c<\x0eQ\x01\
\x8f\x06\xa2(\x87&\x81\xc6H\xf6\x9dZ\x15A\x0ce\
\xcc\x18\xfeZv\x9eKY\x9b\xe1W\x85U\xd4\xfb\xc5\
\x5c\x1a\x97\xa5_:\xa3\xd7\xac\xb9x\xcb\x9f\xdd\xf7\xea\
\xdf\xafz\xad\xbf\xae\xeb\xfb\xe9}\xed\xab\xce|\x99\xb8\
\xba?\x17\xf9\x95=+\xdfj_\x1c\x95e.<d\
r\x97\xf1Z{\xf8\xfb\xba\xba\x17n7c\xbb\xf7:\
d\x96\xe5\xbd:\x99\xff1/\x99\xe5\x19\xb7\xb3\xd4\xc3\
\xe5\x9f\xdd\x11/\x17D\xa0\xa9j\x1c\xcal\xd7\xf6f\
\xfa:\xdc\xbf\xe7f\xef\xb5\xb7\x96\xad\xfa\xe3#\xc3\xf3\
\xc5Y.K\xbe}\xb6T\x9b\x9doj\xa7\x82>\xf2\
\xba^\xd8g\xf2\xea\xe1\x82V5Q\xa5,\x1c\x93\xc4\
\xa0\x1e\xcd\x14A\xa3$x4\x00\xc1\xd4(\x07eA\
U\xd0C\x82\x06\xfb\xff1\xc5Tw\xddc\xcc\x22\xf2\
\xbf}\xdd\xba\xb2\xc8MP\x16\x8c65(\xa8\x88\x06\
\x22j\x94E\x94H\x02\x0c}\xb7j\xa8\x1a\x88\x82\xaa\
\xef1b2K\xf5\xb4Gr@\x1c\xa4)\x13)\x8a\
\x16P\x16Qch\xa2F\xa2E\x15\xa4@\x14A\x15\
\x04\x09\xc8\xe1<mJ,D\x8e\x88\x00\x0e\xa8A\xd5\
(\x9cGY<\x98\xa4\x09\x14\x8e\x83\x80\x83\x07\x14\x8c\
GYM\xd5<M\xd5\x1c\xd9*\x80\x1cP\xa4q\xb4\
r.|M\xe6\x01AD$\x06\x06\xa69P\xed\x81\
\x1c\x1a\x155S\x03Bj\xa0\xb2E4\xd149D\
 \x0e\x8c\x83#=\xcb\x98;^\xf3b\xd4>\xdcg\
\x8b5\xbb\x95\xa4\x0a \xa4\xa7i\xa0\x10\xc1\xa7\xf6L\
\x12\x03\xa35\x1aH\xc3\x80\x00\xd1\xa0\x87'\xb1\xb0\xfc\
|\xd7\xdf\xf2\xe5\xcb^W\xaf\x1e\xf2\xea\xdc\xe3T\x5c\
\x89\xf7\xde\xc8\xba\x97\xac\xac\xdb\x9a\x97Lk\xee\xe5\xb6\
\xfa=+\xac\x7f\xe4c\x9a\xcb\xd2ce\x8f\xed\xb9^\
\xdf\xd7ub\xfe\xbe\xe2\xadg\xbe\xbd\xf0\x9e\x19W\xd0\
d|\xba\x98K\xf22\xedsg\x16g\xcd\xd2\x9d9\
\x15\x93in\x9e\x22\xe3\xf6=TF\xa6\xac\xac\xcf\x9e\
\xfc\xef\xc8\x0f\x9c&bp\x9c]\xcc~=\xb9\xe6\xda\
\x8f,\xcdT>_e\x11\xc1Hu\x7f\xc7\xcd\xed\xa8\
\xf9F\x19\x1a\xe7\x13\xdc\xfd\xdbz\x12|{y\x8f\x7f\
Y\xff\xfa\xbd\xcd\xcd\xbed\xcc\xb2~\xf7\xb1\xbe\xba\xb2\
\xab*\x01\x08\x0d\x1a\x0fTb\xc1\xd9\xab\x82\xc7\xfe\xb5\
\x8a\xb4\xca\x91i\x9c1C\xfej\xfc\xc2W\xd6K\x9f\
\xe12\xad\x19^\xbc\x95_\xfb\xfdz\xf9S\x99\xd1\x99\
Nx\xa5w.\xba(/SD\xfd\x5c^\x7f\xd9l\
\xf6\xe3\xe4\xbd\xfb/uo\x97r\xeb&\x9eb\xb3k\
\xfe'K\x91!\xff\xb6\xba&{\x5c\xc6sf\x17]\
v\x97\xdfE{-\xcb\x97+\xf3\xeeZ\x9e\xdbLc\
G#\xf6\x9e<c\x99\x8f\xd7\x9b\xe8b\xd7\xc54\xd4\
\xbe\xddmd\xff\xfa\x8a\xc7\xaf\x8e\xce\xda\xf9\x14\x97D\
De\xbfTG\xb6\xd6\xa5\xf7\xf2\xfc\xec\xbc\x9b\xaa\xec\
\xdf\x1d\x97N\xd7w\xe7=dp\xf9\xdb\xcc\xf3Ed\
\xbc\xdd\x7fW_\xd8\xd8\x87\x01\x14\x904\x08H\x9c\x06\
Ar\x07\x1c\x03g\xc0\x11\x10\x80\xc2\x81\x18\x10\xc30\
\xa0\x1c\xa8\xa6\xd1\x1cPDD\x90\xa3a4\xe7i\x18\
\xab\xc1\xa9\xda\xf4D\x12\x83\x02\xa2z4\xd0\xd4<D\
\x0f\x05\x83\x08\x04YAI\xef\xdbh\xac\x5c=VM\
\x05gj\x14\x12\x16(\xa6V\xb5\x87\xf4P\xb4\x07\xd2\
\xc4`\x13\x14\x8c\xf5\x8dD\xa6\x0apa\x92\xd5\xfdK\
\xafsYf\xe4?g\x12\xce\xfc\xe5\xfb\x05\x13'q\
_O=\xdde\xfd\xae<e&\xe1~\xb6\xb0c2\
\x06\x834\xa8\xc2\xe2\xa0\x83J!\x22\x11I\x92$\xd3\
\x01\x82)\x86\xc2\x81\x92&by<\x22q$\xa2(\
\x0e\xa2\x18\xe3\x08!\x84\x10D\x08!\x02B\x88!D\
`DDfDh\x9c1\xea\x84&I\x09\xd2\x96\x07\
gi\xd4\x16\x9c\xe2U5\x97)\xa24\xd4\x11 \x0b\
o\xcb\xa2\xfc\x0a7\x8eK@\x00\x89\x9d\xf6\xa4k\xd3\
\x1a\x08\x97r\x15\x1az\xd6pW\x94#\xa8E\xa3\xdd\
\x89@\xb0K\x97\xa2'rM~p4J\x81\x8a0\
@\x1d\xa8nV\xc9H\x8d_}{\x81\x15\x8eX\xff\
\x10\x1eg,`\x1e\xda\x89\xa7P\xc2\xda\xb9x\x81\xfc\
\xe1PZ\xd2\x11\x94B\x93\xde\xc1\x85T8\xec\xe6\xe8\
\x8d069`2-\xad\xceG\xb7\xcf\x14\xc3L]\
\x0e(\xa7\xc1\xbc\xbf#\xa9x}\xee\x89\x07\xe4\xbcf\
\x00\x06\xc5\x1d\x84\x1eQ\xb1|\x5cz)\xf7%e\xef\
w\x94\x97\xd1\xe7\xf6\xf6\x16Q\xf6R\x86K\xea\xc0W\
:\xbc\xd2\x9b]G{\xff\x10\x8f/ \x7fx\xb8\x01\
\x92\x99\x19\x8fN\xcc\xa8*\xa4\xbb\xc9N\xe3\xc8X\xf3\
vs\x97\xdd\x95\xb2\xd1\xde\xda\xeb-X\x18\xed\x90 \
v\x13\xc74!\x0aY\xd4\xef\x10\xbe\xb4g\x95a\x89\
4]K\xe8r\xdb\xd6y\xe0\xb9\xca\xad\xb7\x09W8\
\xaf~\xaf'\x19\xfe3P\x0f3\x9b\xe5\x84\x84Rs\
\xf7 n\xf4p2F^Ks&4E\xd01\xf2\
\x1e\xea\x95\x93\x00\xb8\x04\x8c\xfcG\xe1\xf9\xf2\xa7%\xdb\
\xaa\xfd/\xfd\xb5\x8bYS\xf1\xc0\xb1\xef\x9bqU\x87\
/\xdd\x1d\x15\xd6Wu\xc6\x8f\x90\x8fR.\x09\x05\xa8\
%\x7f\xbd\x12.\x1c\x89\xb2b\x5cX\x8b\xcf6AU\
\x08\x5c!\xf4\xd7b\xdesh\x06\x83\x1d\x15\xbf5^\
Z;\xd7sr\xda\xc6,\xdf\xfd;#V\xace\xac\
%+\x880D\xab\x8c\xe5.\x8eaX\x08\x81p\xc9\
\xb5\x85\x8bz\x96\xb2\x02\xd4\x12\xdf\x8d\x12=+u\xec\
+\xa9ST\xcf\xe0b\xb82\x9f8\xff.q\xa6Z\
>S\x99\xa2\xbf\xedxa0\xbf!\x94\x1b\xa8\xcet\
9@\x9d\xc9R3\x03\xd3\x0f\x84\xe9i\x1b\xa5o\xeb\
\xb6\x15\xf13\x8cN\xa1\xab\x22l\x93\xc5\xd7\x8eQ\x84\
Mh5qZ\xf6?C\x14\xa0(\xcb\xc6\x87(\x18\
-\x10_\x96\xeauQ;\xa2\x0f\xd8\xdd/e\xcd\xd4\
d\xb5\xd6!m|\xddi\x11\xf9\xdf\x15\xda\x0fL\xba\
\x03\x9e\xb2\xde\xb5\xd5\xff\xb7\x1b\xc1@\xd2\xfe\x1fL-\
_\x982\xfds\xber\xf6hk1\x9a\x12u\x8b\x85\
\x88\x969\x95I\xa5I\xc2\x89:0\xa5d\xb3\x16+\
\x95\x83a\x0e\x01/?\xb7\xbc\x958\xe9\x8c\x5c\x80\xad\
\xa55\x87\xc8\xbe\x8d\xdd;\xd6\xd9fB\x9f\xec\x1d\x89\
7\xc2\xf5yB$duhK\xcd\x04\x03\x1d\x96\x8b\
\xc7\x0b*\xdeX\x07\x00\xd9;(\x14Ai-\x8c\xb9\
Xg\xdc\xf1\xd5\xe2\x01j\xa6E\x1c\x871\x0e\xd8\xe5\
\xd1U\x22|\x05\xa5\xd0\xf3\x01\xf1{\xa35\xc24L\
\xe5\xa3\xc4\xa6\x06\x94|1\xb2[$oL\xe7?\x00\
\xdb\xc0X\xdf\xc6\x0a\x831\xe91\x8bcS\xda`\x8d\
~\x8e+D\xcb}\x90\xc6tw5\x09\x11\xc2\xb0\xda\
0\xcdyq\x83\xfaL\x08~\x1f\xbcP\x17\xe3\xab*\
K\xfe'\xb9\x0b\xe4- \x0a|zL\xa1X$\xd6\
\x1a\x02&\xf1\x1e\xdc\x16\xf5\x8c\x0c\x96\x07\x92\x96\xb9\xe8\
\x90\x108\xbe\xc0J\x0a0\xe3\x06 \x1c\x80\xc6\xfd\xa5\
\xc4\xea\xf8\x22\xa2\x01\xcb\x89\xf0W\x91#\xea:\xca<\
\x1f\xe4\x91\x16\x94\xb2\xc8Bcs\x0b\xce0dt\x7f\
Py\xdaS\xea0V\x00L1\x90\xc5@\x0a\xe1\x8f\
nY(\xb3\x1a\x09\x995\xdc\x9b\x12\xde\xece\xf8Q\
<?\xd8\xef\x11\x84\x99\xde\x15\xefdP\x91]{(\
'l\xa9~\x09Z\x05\x85~BS\x08\xaf\x8dX\x9c\
\xd9h\x0d\xfd&\xe6\x5c\xf5W1\x00\xe1\xa0c\x04\xc4\
\xc2\x7f\x17\x05\xf7\xa9\x08\xeeG\x09\xe0\x91N\xec'O\
\x90H\x08iC&v\xc8`\xdbS\xf7{\xe8T\xa0\
 1\x85!\x93\xf7tH5K\xa0&r\xb7\x84L\
\xb7\x0a\xbd\x19Rz\xd4DFb\x8a\x13\xf6\x16W8\
e\xe1\xc4\xa2T\x91\xe0C\xa4\xa5b@\xe8\xf8\x8b\x87\
\xc6\xcd\x92\x07Pkry\x9dTv;;\xfa<Y\
&\xe8\x0e\xe7,L\x0c\xe8&\xef\xa0\x1571\x91+\
\xfdyP\xd5(\x19\x19\xa7{KN\x91\xcd\x0e\xa9\xf9\
\xe5\xabP,\xf1*\x87\x84<\xc1\xed9\xcc]\xab\xa8\
\x9fE:\x94c\x0aGbQuy\xab\xe1\x90}$\
\x22\xcc-\xbc\xa4\xe4\x14\xf7\x1b@\xc4[\x1b\x83l\x04\
\xce1\x17\x86\x0b\xbe\x08\xe3\xc28\xcc\xca\xe3\xbf<\x84\
l\xc9\xfa\x04\xf7\x87c\xc6\xab\xf5*\xa2\x83\x18\x17g\
\xde8\xc3V\xacg\x8f\xf3\xbe\xe5\x02\xbe\xd0\xea\xae\x19\
\xbb\x98\x155\xf3v\xc8\xf6\x9b*\xb6e4\x08\x98\xbb\
\x1b\xd1\x9ao\xd9\xaf\xdf:e\xd5c\xdd;T\x1e-\
\xd5X\xbeM \x12\xfb)\xc7\xc5\xcc\x8b\xa8*h\xe1\
\xda\x1b9\xb2\xdd\xae\x90\xd0\xfa\xc0\xa3,\xa8-\x0e\xe8\
\x05|\xd0\xd4\xbc\x7f\xfb\xac\xec^\xa3[=!,\x85\
\xf9\x9d\x04\x1c\x96\xad\xf2\xf4@7\xd4\xa5h\xe6\x10\x06\
M\x19\xf0\x929\xa5\x11mn\x01\x97\x06\x0f}\xbf\x80\
\xe9?\x9cs:\xf3$\x0e\x83\x0a\x1d0#\x07\x9b\xae\
\xad\xed\x07s\xe7\xe28\x9a\xda\x1e4\xb6\xd1\x9c\xc0H\
\xc0N\x17\xb5Z\xadVo\xe3\xd4\xa3\xfb\xe0\xd4\xa0\xbb\
\xa3\x9c\xa1\x07J\xfd\xcc\x9e\xc7\xaaTvP\xe8\xa7\x9f\
$4E\xc5\xa4Ix'\x82\x96\x22\xda\x91vR\xf3\
\xe6\xb7\x22]\x0a$d\x8cJ\x0f\xcav\xca8\xebD\
\xba\x09%\xa1\xa5\x84\xc2\x09Hs\x18R\x08\x93\xff\xc9\
\xbdF\xdc\x0f\xc0\x04\xfe\x0dP\xb4hv\xd2MVi\
/`Mg\x93;\xe5L\x15\xda\x82+\x8b\xe5\xf6w\
\x83\xe5&5\xa7\xbb\x153\xa2\xac#\xf4\x85\xa3\x07\x1c\
\xbd\xfd\xde\x0a\xb4\xdc\x1bT\x9a\x1b|\x09\x92\xfda\xa1\
\x7f\x91\xec\xc35\xb7\xee\x5c\xa1\x93\xcc\xe3\xcaM\xe8\x02\
 \xa9n\xdez\xc5\xfe\x11W\x80\xff\xa8\x19\x13h\x97\
\xdapM\xb2\xf2\x98\x91\x9a\xf0\xd3\xa8\x95\xc0{\xcbX\
\xa3\xa1w\x1dg#\xc5\xa91\xdc89\x92\xda=(\
Kr~0X]\x94T\xa4\x91\x9cb\xf9?nY\
\x18\xbe\xcb\xd0\xe2\x17\x1f\xdf=;M\xbd\xc8\x05\xb8l\
h[,v\x93w96\xbd\xf8\xac\x9c<v|\xdb\
\xd5\xfe}\x93\x82\xfb{\xc6y\xf5[{}\xdf\x15K\
mqOgnB\xd1_*\x8d\x0f2\xbb&\x9e8\
\x98\xecVR\xdc\xb2\xb2\x83k\x1b\xfd7\x8e\x8fl\xb1\
\xed\xab\xa3'\x86\x1d9\x14&\xd4}v\xec\x81\xbeK\
\x91\x93\xb8\xe3^}\xfe\x12\x05\xbc\x00d\x8a`\xb0\xff\
\x9e\xa0nbT\x09\xa4\x1fr\xd2\xe9_Q:\xcb\x1f\
\x14n(BP\xfd<\xfd/\xe67\x020\x96&,\
#f|\xfb\xa6+\xb3\xb4[\x0bD\xae<^\xa6\xee\
\x95\xed\xaa\xd4\xe5I\x94\x8ah\x1a\xd3's\xaa0\xaa\
\xcd\xe2WB\x90\x5c\xcf\xf7\x10\x8a\xde\xda`\xcaB\xb3\
\xb6H\x890=\xf4a\xe2\xf0\x15-V\x19\xf4\x03Z\
}!X\xaa\x87\x11x\x08(\x92\x05@\xa8\x9b\xa0\xec\
\xa9\x1a\x0f\x16d$\xe0\x15\xf4\x17\xa2\xab\x831N\x8e\
Z\x1d>S-\xa7\xcf\xce\xab\xaa\xb2!R\x8f\xe8?\
\xb6>\xf4]\x9d\xa5@\xa3\x06\x18\xe5\xb6\x8c\x1aE%\
\x04;A\xf8\xc3\x04\xab\x15\
\x00\x00\x07\xff\
(\
\xb5/\xfd`\xb42\xad?\x00\xeaVH\x0f(\x10M\
D\x0fC1\xc8\xb6\xb2\xc9~\xe0\x97\xbd\x84m\xcfg\
\xae=\xd7\xf3!\x0eY\x12\x99RJ~\xfb\xec\x81\xb6\
\x05\x00 \x04(\x0e\x01\x01\xdd\x00\xd8\x00\xefy\xed(\
 ?\xd2Q\x16Wg\x05At\x19\xc0\x09\x87\x1a\xd1\
\x01\x90B\x82\xa2\x12}\x1a\xc9\xa1Bh\xad\x987\xaf\
\xd3\x8cd\xa4\x12Pq~\x05M\xa9`X\xb3\xa2\xd2\
\xd3H\xa8\x9c\x22\xc9\xb2x\xa8L\xb4\xffnJ\xf9I\
A\xdc\xafMp/\x0b\x19UG#\x9a\x8e\xf7\xcb\xc2\
Qe$q\xaa\xf9DH5\x1fq\x92U\xaem\x0e\
<8\xe0\xd49\xad\x09\xcd\x87\x8a\xd0jA\xa4I\xc2\
\xd9\xddn&\xb1N\x0eU\xd3t;\xbd\x0e\x84\x90]\
\x02IJ\xa1\x9a\xaa\x89>\x1e\xf4\x99\x0d\xd1\xf3,\x0e\
/v\xaa:\xcd\xc7\x94\xa6\xf3H\x89\x8a@\x96\xc5#\
\x13\xd5\xa4(\x0a\xa2\xd1P)\x10\x08\x86\xa6Q\x16\x9c\
\x06EW\xb4$\x12\x89\xe3$ \xb5:\x02(\x13\x12\
\x9fj\xc2\xa4@q\xd4H\xa2\xc8Y\xe3\xa4\x0c(M\
\x03@\x81` \xb0\xd0iY\xcc\x89JQN\xb1V\
\xca\xf2\x1a\x04\x0f ,\x8b\xc6\x14I\xfaLSYv\
\xf1\xb2\x98hTQ\xb3A\x91\x1e\x13\x02\x8a\xbc\xb8a\
\x1e|\xd6 \xf7Z\xe6\xbdomwq\x80ID\xd5\
\xf8\xe8\x87\xee\x9c9\xf3\xfa[\xef\xd97\xe6|9\x87\
\xde\xed\xed[\xb8\xab1\x0d\xb2C\xfe\xe5\x0f\xban\x06\
Wsn\xc6\x0b\xfd\xf6\xddb\x0c|\xcc\xef\xbd6\xc0\
\xacQ\xaa\xcb\xe2AQ\xa8\x9a\x22\xf5`V\x10&\x06\
\x0e\xa8YE\x96EU\xa3\x09B\xe3\xdb{\x0b\xf6r\
\xb7\xd6\xbe\xe0C\x87\xf7Xs\xcb\xdb\xb2`WX\x16\
\xd0\xa4\x1c\x89\xca!J\xa4\xf8L\xc9Q\x18\xfbbk\
\xb7a\xb3;\xe6\xdf\xeew\xb5\xf3e1E\x8d\x88\xa2\
\xcd\xfb\x87\xbb\xfe\xdd\xb2x\xd8]v`\xb8\xfcx\xb5\
fJB\x99H\x804Hw\xa8\xcf\x84@\xd8\x1f\x8f\
\xcc\xc1\x85\xf2\x9f\x16\xddBv\x91\xe1P2\xc7\xee%\
\x83\x01!c\xd7\x8e\xb5{\xe7\xec\xff\xdcZo\xd7\xdb\
\xeb\xff<\x90\xdbB\xdf\xde\xdf6\x0eQ\xa2\xa8\xc8\x04\
\x12i\xea4\x1f\x91\x87J\xd8\x1a\xec\xb5\xce\xed\x0by\
\xc1\xc9\xd3 \x83\x0c\x97\xa3\xf4\xa1\x97\x85\x84\xca\xe8\xa8\
\x16\xd1\xa8))\xca\x80f#B\x22\x03!\x99Q\x83\
\xac\xa0)\x1d\x85k\xcd\xder\xec\x0c\xf77_\x90]\
\xd30\xcf\xb5e\xb7\x0e6\x06\x17s\xee=\xf6\xc5\xb8\
=d\xeb\xf1r7\xf3k\xab\xf9\x99\xb7\xf3\xd6\x98\xc3\
\xecX\x8dQ\xc3< #R\x81)FU\x15\x89\x09\
&\xc4\xdf\x9c\x9aU\x8a\xa0\x86\x0f\xe1>\xe7p5v\
\xfd\xcd\x9a\x7f\xbd\xe0\xbd\xbd\x9e/3l\x1dr[\xdc\
\x9ao\xf6]\xfe\x8f_\xb7\xc7^\xf7b\xfd\xda\x9b?\
nl\xb1\xe6\xdd\xfe\x17\xf3:\xc6\x1e\xfb\xfek\xf8\xbe\
\x7f9\xd6\x98\xb6\x0d\x99\xdd\xb2;|\xe7|\xed\xf3\xd7\
\x8e1\xb7\xce\xd8/k\x8d\xb9\xb5\x0d\xe3\x1as\x8c\xff\
\xdf\xdb\x08\x86FC\xe5(\x10\x0c\x0d~f\xe6\xbe\x7f\
A\xfe\xf6\x1e\xbea\x905\x0d\xc3\x5c\xdb\xa60\xde\xde\
\xcc\xadW\xdaC\xc68\xd7\xbe\xd9r\x8a7\xd6k\xdb\
y\xbd\xddb\x86\x16\x9ac\xef\xf5\xdd\xbc\xf0PqA\
!@\x82\x9auNtJ\xcc\x09\x94\x1a\xe0\x0a\x09\xc8\
\x9bO&\xd4\xc32\x8d\xe2\x18{\xae\x17c\xc6\xff\xf7\
\xdfj\x8d\xf2\xcc\xcf\x7f=f\x95Gi\xcd\x1b\xf7j\
g\xdcs\xc7\xab\xbfQ\x9e=\xc8|[\xfe\x85\xdb\xdc\
\xab\xa3F\xc8Bw\xf3\xf5\xbb\xdc0UNI\x1f\x90\
\x08\xa5X\xa1\x924\x1b\xa2\x05\xcbB\x9a\x8c(5\x1c\
\xc5\x94j\xa4@\x92\xa2\xea\xc0\x89\x1e\x8f\x9c\x94\xa3\x90\
\x1e\x13\x01\xb3\x11\x1f\x11C\x8d\x89GF(#N\xa0\
h\x84\xc4\xf3 8\xd0 \x01I\xca\xc5\x1ae\xac\xf3\
\xc1\xf3!zD\x93\xf8`\xfd\xec\xf65O(\x83\xd1\
\xcc\x08U\xa7\x8c\x22\xb3\x92\x22\xd5\x90PG5\x03\x81\
\xc9\xa8q)DJFf$)H\x92\x8d\x03\xb1\x0c\
1\x8e:'\x1d\xe7\xf2X\x1a\xc28\x1c\x83\x18\xa4\x08\
!\x84\x10F\x08!\x82E\x04\x22\x10\x91\x11\x12\x92)\
z\x5c$\x04\x80\xf2\x86\xc5\xcdQ\xa6\xd8\xb0\xcco\xe3\
\xbb\x9fJ\x96\x12Fq@K\x96\xc0\xffy=h\xa5\
\xf8\xa6%\xaa\x06\x8eId<\xcbt\xa0\xc4\xd7\xc6Y\
V\xaf\xc4\xa3\xbf.\xbc\xdc\xceFrf\x8a\x09\xc5g\
\x9f\xaf\xfc8\xff\xfc,P\xf8\xd0\x0b'\x07\xd2\xc3L\
\x84!q\xfb\x1f|\xc4\x07\x94n\x1dM+\x1aoh\
\x00\x068\xfb\xe3ij\xf1kt\xa4!\xf3U\xc43\
\xe1j5\xa5\x87\x16\xe5\x0b\xa3\xa0\x1e\x11\x18\xb7\x09i\
\xee\xc8\x0d\x16\xca*\xc8\xd0\x0c\x0aPx\xe5e\xe0U\
(\x18{p&P 4#\xfb\xed\xcc6\x99\xb9c\
\x09\x8c\x8b\x1197\xb2\xcf+\xf7?-\xd4\xc3\x06\x94\
\xfbp\x86\x8d\x18I\xa6xM\xe2E\xf4[\xb81\xd8\
\x019f\x03\x81\xbc\xc5Y\xe18\x07at\xa8\x94\x0a\
N\x86\x81\xac\xd6\x8d\xf1\x93\x13z\xe5\xf0\xe9W\xb3{\
\xb1\xc2\x08\x8e\x0bQ\x0co\x1a\x10\x8b\x91\x00\x06,\x7f\
i\xa0\x80\xf1a\xf6\x01\x82\x87\x19\x0d\xc0`i\x09\x05\
\x1a\x00\xdcu\xdfT7-\xa2\x92V\x0e2\xba\xaa\x9f\
\x09e\x80\x8d\x97UT\xd9\xfe8\x97\x82\xfb\xd5\x0d\x87\
Hm1\x1e\x83\xca\xf6\x09\x81\xa3\xbd\xaax\x0d\x03N\
\x12t\xee\x99\xfc\xa6\x19\x96\x07\xe2\x97\xca\x072\x15\xe1\
\x14\x22\x05Q\xf4\xa6\x96\xf4L=\xc5@>g]\xd9\
h\x1aI\xc9H\xdc\xf3\xf6\x5c%y\xe4\x81L\xc4Z\
a\x16T\xbd\xf4l\xe1e\x99,\xb8]\xc3dC\xb7\
=Hn\xa0\xc3\x94c\x82l\xa3\xe5\xd7\xc7=\x95\xd4\
\xd3/_gvz\x10\xd9\xa8ar9\xc9\x1a\xfd\x9b\
\xa6\xb6&\xaf\x1c'U\x5c\xea\xf7\xd8g:\x1ag\xcf\
\x1c\xe0\xab|\xd0u\xcf\xd1-\xc8\x81oY\xbc\xf9e\
A\xee\x9e\xb1\xc51\xbd\x00\xd1\x9aZ\xc2\xb6\x8f\x97\xf6\
\x80\xddj\x84\xb4\x1c\x93\x9f>p\x99r'\x8f\xe2I\
q\xd6\x12\x02\x14P\xd1\x10\xbeFj)\xa4\xd0b#\
~bEJ\xdb\xe4\xfa-\x81Bg\xb8L\xe2\xf1\x08\
\x85rZG_\x94\xb3{\xba\x1a \x0ad\xf0\xe2\x90\
\x8a\xda>\x84\xf9\x0e\xc6\xe8\x13\xa2\x00\xb6\x15\x83\xad\xf6\
\x8b\xda\xbb\xe2j\x09\xa1\xf8\xbd\x17\x09\xcf\x1d{\x14\x0d\
\x90\x0b\xdd\xce\xec}\xb0J\xed\x1eA?I\x1b\xcf\x89\
xZ\x94\xc1Y':\xa5\xb9\x14h\x11i'\xb4p\
\x06+hn)\x12\x8e\xa2r\xef\x0a\x8e 3\xebT\
\xaa\x09\xb5!\xa5\x84t\x04\x006\x0c]\x82\x99\xaf\xfd\
^\x13\xee\x00\xe0\xba\xbd\xd9\x9a\x16-;\xdd\xe4b{\
A\xd0t6\xee\x963\xd5\xb5\x05^\x0b\xcb\x5cT\x98\
\x1b\x87\x9dn\xae\x86\x0a\xb1\x92\xe4\x85u\xac\x1dZ\xe1\
p\x22\xd9\x97\x03\x00\xef\x8d\x93\xdf\x12\xf5)\xf9\xc1\x1e\
k\xdfNz!\x0e\x91\x5c\xe0$\xe9\x80\x08\xa4l\xae\
\x0b\x1ay\xddHIG\x1fc\xa5\xf0\xd1\x8f\xe2\x99R\
\xbbT\x8d\xd7\x00J9\xa3\x84\xfe3P\x93\x86\xef\x86\
1\x96@\xf3Z\xf8\x12\xe1G\x1f\xddp\xc8H8\xec\
\xa9Y^\xf4\x17am\x90\xbc\xa4\x11\x0d\x81\x89\xf5\x9c\
\x92\x92j\x12l\x1a\xf9\xb7\xf9\xa4\x98qm\x94\xfb$\
\x8f\xd0\x81\x1fX\x1aN\xad(\xd2x\x88\xa0-\xc0\xce\
\xcfP\xbb\xae\xc3.\x81\xb0'\xbc\xd5o\xa1\xe2I+\
\x16B\xe5\x84=\xf8\x02b\xdd,\xcfD2\xf0\x1eb\
\xf7p\x12\xc5\xe3\xd8\xa3\x0feF\xc3\xd5+q<\x9b\
q\x13\x8f\x9e8\xec\x99|<\x91A\x8b\x8e5\xe3)\
FhJ\xaa\xe9\xe3{\xfc\x010-\xd6o\x0c\xeeU\
\xaa\x7f\xe5\x10W\xdfZAyk\xf0 \xc4\x8a!x\
qp\xbf\xb1\xa2\x8b\xdf'3\xe6\xde\xe84u\x17\x17\
\xba\xd1\xdd\x8dxC\x84\xceWlS\xbeb\x08\xd07\
\x88\xb1\xdf\x08!=\xeb\xd1\x8b\x9d\xe4@\x0f\xe3\xa0\xf2\
\xb0\xcc\x90J\xc7\xc6`\xe7Z\x1fK\xe5\xd2\xc0$\xb4\
2\x160x\xa72\x09\x94~f\x17490$\xb4\
\x01\x02E\x87E\x98T\xb4#\xfe\x90\xfb\x9d\xfe\x8b\x7f\
\xcd\x92\x0b\xfd\x8a(\x12\xdb\x09\x186\xfd\xfa\x80\xb4\x1a\
\xa5\x1c8\xbb\xe54\x01\xd9#\xa8\x0f\xf1E\x15\
\x00\x00\x06\xb7\
(\
\xb5/\xfd`\xb8!m5\x00\x9aBL\x0c'\xe0N\
\x88\x1e\x1by\xb4\xc2`\xb9\x10=\xf2\x02\xc0\x91c\x8a\
\xec\x80J\xb3XB\xa8\xd0*`\x09Ua\xec\x22I\
\x98!9lp\xbd\x00\xb6\x00\xb8\x00\x8dq\x14\xc2\xa8\
\x1a{\x13\xe8\x92\x964\xd5@4\x81\xc7_Go@\
\xf7\x1b\xd0\xa9\xa6\xd1\xed}(\xfc\x9d*\xf1\x8fj\xb6\
\xdd\xb2\xb6\x0c<0\xa0\xf4\xcf\xec\x9fw\xf6\xa49\x93\
0\x84QZkoAj\xcf\x11\xbe\xd6{\xcak\x0a\
\xa5\xd4\xc1\xc7c\xf7\x02\xcf<\xeb(\xd2\xce;\xae\xe3\
(\xc51\xa7\xf0\x9e?z\xfc\x8ac\xf1\x9e$\xd58\
\x96\xe19I\x12\x04\xe4\xe0\x0b\x04\xc2a\xad\xa4A\x81\
\xb6f\x97=\x1e\x0fEa\xa4\xde\x1b\x0c\xc9K\xd5\xe1\
\x14\xb2\x82\xa4\xd1\xef#\xb1\xdf\xeb\xef\x02\xc9Z\x00\x16\
\x08\x87\x01Jg\xd5|\xd6\xb8\xda\x5c;O\xd4\xb2\x10\
<\x80\xa0\x1a(_\xab\x9d\xfc\x89j\xcc\xa9&\xeb\xcb\
\xf7;\x12\x1cA\x06,\x02\x19B\xc3\x9b\xf49\xe6\xa4\
\x22!i[\x16\x99\x88\x8bsQ!\x13\x8bB.O\
J\xe6V\x82\xba\xc5\xc9\xa51\x97\x90\xef\xbdHac\
\x8d\x01rw\xaf\x91j\xa2\xad\x1f\x9e\xeb~\x00\xa9f\
?O|\xadQ&g\x94\x8f\xcd\xe9\x963\xe7\x8b\x0b\
\xaay~7\x18\x5c!\xacuYZ\x83\xf0E\xc8\xa2\
j\xf2\x85\xee\xd6\xeb\xa1\xb5\xe6\x22N2E\xc2H\x90\
\x1c\xca\xc2Hw^\xe2\xfb%e\xba\xc5a\xd4\x09\x95\
D\xc9\xfe\xfcy\xb4rL\xa4_-\xa0U\xba8o\
\x81\xd9z\xa9\xe6q\xa4K\xbas\xf8h\xe4\x91\xfa\xc0\
\xd5y\x8c\xb5\xd3\xf3_[w\x82]\xdfE\x18\xf9\xf3\
v\xe1\xc0x4\xf1W\x8d\xa3-\xb3\x13GY\x9a\xd1\
\x80\xee\xee\xcfcI\xf7\x95/\xb4k\xb4\xfa}\xa6\xdd\
7\xf4\xd0\x0d\xee>R\xf1\xde\x13D\x9aV\xcf\x1fM\
\x8e\xb6KT\xccE*\xe2l\xf01\x18\xe1\x12e\xa4\
\xf5\xc3S\xcdC\xdb\xda\xe0M\xb1\xdfn\xcdx\x1e\xaa\
Re\xd8\x8f\xaa\xa4\x92B\xea(\xa5S.\xfb\xfb\x8d\
\x98|\xf5\x84\xde'\x06\x03\x91\x1c\xb3>?\x05\xbd;\
\x17`\xdf\xf1\xcc\xe3i\x0bh\x80\x0b\x0cxO\x0c\xc6\
\xf7Q\x0fk\xb2\xb7\x12\x89dr%Z\x22\x99b\x89\
\x89$Z\xa4\xdfS\xaf\x8e=9k\xeb\x9c\xf9[\x9d\
%:\xa9s\x8d^\x19H\x17;o\x89o\xce\x16\x17\
\x17\x89M\xd2\xc9\xa8ts\xa1\x93>\x87\x90\x178\xd8\
\xcf'\xd5\xf0~\x03\x08\x07\xc8\xc1\x95\x05\xc2\x01R\x16\
t:\xa8\xe4B'\x9d\xb0A5K5&#u\xef\
\xda\xe0\xd5F\xe6\xe2\xdfu\xaa\xc0\x05H\xd6\x5c\x83S\
\xf1\x10\xd4%\xee\xad\x04\xd2\x18\x1f LZ\x22\xae\xc4\
\xbd\xc9b\xab\x0bri\x10\xb2\xf9\xdck\x98\xb3\xd1\xb8\
\x12o\xcae\xb2\xa6p\x0c\xdf+\xee6\x92&\xbd\xa1\
\xe4\xf33\x0e<\xa3b\xe8q\xbf\x0a0\xbe\xdd\x81r\
#\xc7\xfeV\x168\x82\x04x\xa8F\xd7\xa1W\xc6\xb1\
\x93fT\x0a[G`\x1c\x07\x81\x81\x06\xcccw\x8c\
0\xd6^m\xed\x1f\xc9Fc\x04\x82+Cc\xa8;\
?\x81\xa1!\x9a\xc1\xe0\xb8>\xfb\x1b]\xf3%\xd5\xcc\
\xed?\xdc\xe8Bj\x14\x81\xc8\xd7\x1e]\xf9>z\x0f\
\x81\x99\xa8\xa1\xadB6$#IA\xa1\xb0s\x91\x08\
1R:\x86Yu\x02q8\x85\xd1\x1c\xc6 \xc2\x08\
b\x84\x10\x84\x88\xc8\x04\x12H$\x22\x12\x90H\x81\xa1\
\x0e\x10\xb0v%8$\xe1\x818\xf5\xdd\x80\xc5\x07\xed\
MY\xe1\x1c`Ly\xda\x8f!D\x08\xba\x08T\x95\
di\xf5\xa7\x88.\xd28\x9c^\xf0\xbf(\x5c\xc4\x93\
C\x82\xcd\xd6\x8e\x07\xd7\x80\xff\xd6\x85\xd8\xd5\xd7$\x94\
\x15}\xa0\x18\xdb\xbf+\xb1\x15I\xdf[\xc2\xca\x82\xdc\
\xb4\xe5\xa0/\xf2\xe4\x1d\xde\x06\x01\x91\xac\x1a\xb3\xcc\x9f\
\x89 \xa7U\xb46\xa3ec\x82\x98n\x19X\xb0\x06\
=\xb31\xe8\xad\xfa\x82i\xc3 \xa3>\x9c\x8a\x0a\xd9\
\x93\xd5}\x95\xaf\x97\x88X\x5c\x8e\x9eQ\xa18,\xa4\
\xa9\x84\xf6D3t\x84\x9b\xb9\xcdV\x9a,\xa3f\xed\
\x194p\xd7U\xbbu\x9e\x89x-\xa8\xf4\xa8\x82\xd7\
\xef\xc0oi\xe0\x17$ \xb7\xb3)%\x08b@\x93\
L3H\x96\x1aP\xd2\x1b|%\x07\x189m\xa0p\
\xf9b\xa7q\xd7_\xef6\xdd\xbe:m*\x11\xe6X\
M#\x04\x0dGn\x00\x12\xf8\x01\xdb\xa0\xe8GP\xcf\
\xc1!\xac\x84}\xaes\x16\x0a0\xee<ZV\x01\x9c\
T\x89F!\xb8RY\xb0\x8d\xaca\x8e\xaa\xea\x14\x03\
q\x19.\xe7\xd5u\x82n\xabp\x84W\x16\x9b\x7f\x85\
j\x05\x8fO\xbb\xac\x82\xe3~q,\xd9\xe6\x22\x93\x9f\
\xe1\x80\xa3B\xba\xe1\xbd\xb6@\x87\x8ek\xdb\x86\xb8&\
\x15\xdd\xee\x89\xe7\x17^\x13\x96\x06\x91\x9b\xc6\xf9\xd6F\
&\x05>\xf8\xf5-\x18\xbbX#\xa5\xa1\x08(\xc5\xd7\
\xe5\xa4\xfc\xd1\x0cKK/\x9c\xb2\xcb\x12\x13t\xf9\xed\
o\xa6f\x12e\x08\xf1\x05\xf5W\x0e\xf5\xb4\x13\xb8\x11\
\xc0\x89\x15D \xd0\xeb\x88\xc4Z\xc8\xbf U\xd8\x02\
i\x80bq\x01\x12\xb4\xd6\xcc\x88\xca\x80z\x9b\x02s\
/E\x22\x90\x0bA\xc4W\x17\xca\x1a\xc8\xf3F\x9c\xdc\
\xe48\xc1V\x01\xa0^\xef@\x07<\x89\x9b\x96\xfb\x0f\
\xc3Y\xf1~-\x17\xa8\xb1\x86c\x88\x03Ah\xd9\x00\
\xed\x1bN#\x0e>z\x9bq\xa6\x9d\xe0\xbf\x1d\xa4\x19\
\x0d\xfa\xd5\x22\x1c%Nh\x89^\xed\x0c\xcb\x06t\x5c\
\x00\x05!\x94\x93qF\x90\x0c\xee\x09\x80\xcb\xa1\x1f,\
\xe0\x18\xf0\x9f\x98\x15H\x92w\x8a!\x00\xd8\x9aw#\
[c1\x17\xcd\x02>H\xdbiM\xa0\x1e\x15i\x13\
\x89\xd3\xf2\xf3\xed\xfb\xe6\xb85h9\xd8\xc8o|\xa0\
\x19\xff`\x0eRP\xb5Ym.+\xdc\x94\xb8Y\x90\
\xa2\x11h\xdb\x10\x85\x805\xf8\x89\xd2\xed3S\x82#\
\x14\x16\x03\xa3\x0e\x09uF.\xef\x8e2/64\x9b\
[\xbf\x1cR\x88L2\x80*\x5caE\xfb\x18\x91\x01\
\x0c\xcf\xea\xa4b\xf3\xa7\xc3\xc5\xd1\x22\x1e\x02\x88\xc9\xcd\
m8D]\xd4\xe8\x07\x95\x02\x22\xed\xc56\xb22\xc9\
Q\x09a\x04\xdfI><\xf4\x89\xf8\xfe\x04\x04'\x8e\
\xb1\xd5\xb0\xaf\x0e\xd6-\xf3\xfb\xb0\xeeLT\xf9\xb5\xc5\
\xc6\xe3'\x0d&\x92\xd8N\xd8M*\x15\xef\xa3\x8e\xba\
\x1e\xc2>\x91\xb1\x91\xed\xc7\xdb9\x0ct\x99\xba*\xc2\
2.\x906\x89\xd7\x05\x8bm\x1aci\x98\xa0\xc4\x82\
\xab\xf6\xc4\xd6\x93\x17O\x926)\x06\xcb7;u\x0c\
j\x1bI\xaeA\xee\xa6D\xe5\x00\xf9/\x07C\xf6s\
\x8c\x5cB,\xa5F2g\x90\xca\x82\xf2Z\xa6lB\
 \xbdb\x87Y\x12\x9e\xf8\xd0*\x12j\x0f\xaa\xe1g\
\xacB\xcb\xcex \x1d\xa2\xc8\x9b\x00\xea\x1d\x9f\xea\xd0\
c?\x10\xa4/\x90\x10\xda\x00\x04\x88C\x8a\xa7A\x9b\
8\x1e\x11\x5c\xa7\xcc\xe7\xdb\xb3\xf0\x83X#\xdc\x18A\
5\xc4\xc6\x8eD\xe0cb\xa54\x89\x919\x94\xe0\xed\
\xc5\xffC5\x5c\x05\
\x00\x00\x0a\xa8\
(\
\xb5/\xfd`s7\xf5T\x00*r(\x13(\x00o\
\xb8\x0d3\x9bh\xc57\x83LSDv\xb4@u|\
\xfb\x8f\xdci9\x9a($$))\x89\xc4\x92!\x88\
\x85\xaa*\x040\x22R\x01;\x01\x0d\x01\x9d\x8a\xc9\x9c\
\xb7\x85\x97\xf9r\xb6F\xe7\xbb\xd9\xa8\x8d\xe1Z\xdc\xdf\
\xb5C\x96K[\x8fW\xddw\xb2\x150\xe1D\x133\
Y8&\x11\x04\x91\x1e&\x92\x10Y8\x22\x08\x84\x15\
\xf1Y;\xb7n+s\xcf\xf5pW^]\x8e\x98\x17\
\xe0E\x10\x0d\x89\x82\x91\x900\x8f'\x91@\x8f\x05\x12\
\xc6i\x98\x88\xa1\x16\x0e\x9d\x9d\x13q\x22hU \x22\
\x85\xa6jT\xa0,\xc5D\xa1\xb0\x04y\x8dC\x016\
=\x9e\x85\x07h5\x11S\xe1H,\x1c\x0f\xa8i(\
V\x85j\x02: \xf1\x9cH\xe53l\xa4v\xf2\xc2\
\xd18\x13D\xc4y\x10\xac\x0b\x07\xc4\xd40\xa4\xf7`\
(\xd2\x9b0O35\x0cW\x02\x09\x09\x18\xd3{\xd8\
\x83\xbcGT\x81$F\x91L4\x18\x88\xa8k\x82\x99\
\x1e\x0ai-U\x86\x22\xe3\xffs% M\x14@z\
\xa4\x07\x9aL\xa0\xc7\x8bp\x1e\x8f\x05#Y2\xa4\xe9\
y\x93'y\x8cG#\x89*\x94\x85\xe3\xd14\xa4G\
)\xc5\x10\x89\x90\x1c\x18\x18\x0a\xac\xa5\x1a\x18\x91\x08b\
\x0e\x93\x90\x90`0\x1a\x94i\x82\x10\xa0\x1e\x85yH\
\x17\x1e\x06\x0abr$T\xf3&\xe6E\x08\xd4Z\x00\
\x1c\x18\x0a\x18X@\xcf\xc2\xf1\x1eH\xc24\x0f3I\
j\xe1\x96\x02\x09\x13\x16\x8e\xc8\xe34\xd0\xe3yj\x81\
,\x17\x8e\x07r\xa4\xe8E(\xc9d\xc2\x80C\x0f\x88\
\x89\xa14\xb8\xb5\xa0\x8071\x92iB\xa9@\xa9\x1a\
\xbc\x07F\x12a<\xc9\xe40\x90H\x9c)\x02\xc3\x99\
\xbc\x88\xe10\xe0E\x98\x89S`b\x1a\x8f\xa6\x02=\
0\x17\x22\x88B\xe3\xf1P\x90\x00B\xc3;\x99\x99\x98\
\x86\x99\xde\x04\xd1\x99b\xa2y\x15\xce\xc4\x99`&\x14\
\xad\x98\xa8\x9f\xebq$$\xcc\x03$\x89,\x0a\xf3H\
\x92\x84\x81\xbc\x06z\xd6\x04\xa52\xa9L@\x0f\x0f\xeb\
U\xa2)\x8aH@\x10\xd2\xc2\x11=\x0aF\xb2\xa2\xa8\
\xe2\x5c[M\xc6\xfd\xda\xfa\xec\xd1\x95\x9d:6\x81\xa0\
\x0a]8$\xa0\x86\x81\x90\x90\xa1E\xaf\x89\xa0\x07\xc8\
\x8b0\x14\xe6\xa1\xe9\x85\xf8x@ \xbb\x10\x19\x86\x9b\
^\xcb\x9f\xcd\x1cu\xc9t~\x96\xea\x16\xa7\xd9.\xdb\
\xf2\xce\xb5\xa2\xb3\x5cK~\xbaw\xf9\xba\x8c\x0cW\xaf\
\xe7\xc6\xfd\xf7\xf3\xb1\xfd\xf8\xea\x98\x91\xa5c\xecw\xf6\
\xfd\xbfh\xc8\xec\x86\x8c\x1b\xaf\xe5W\xb5\xb1m\xb9\xbd\
\xe8\x10Y6\xb8w\xf8\xc9\x9c\x97\x5cw\x89\x8b7\xd6\
T\xc7W\xb6I\xa1\xde\xceYk9\xf1\xca\xf0|\xfa\
\xd4\x99\xc6'A \xd0\x22\x1b\x14\x93\x03\x11X\xf7\x08\
\xd0\x88\xa0\xb5p<\x09\xc5D\x81&\xe9I\x13\x9e\x07\
\x11\xa2'U&\xe7\x99\xd0\x10L\x17\xcfD\xb5M\xd9\
[\xfb~>\xf77e\xaeKc\x7f:K\x97\xaa\x8e\
YY[\xfe}\xdec5\xa4[n\xa9.wY.\
-\xb1\x1f\x19\xfb_;\xd5kc\xc6\x86j\xa2Z\xeb\
7\xf7\xae\x8d\x0cw\xe9\xddv\x97\x0c\x0b]\xaf\xffm\
\x97\xe9R\xbf.[;\xdbt|\xe7\xb8\xb1\xd9*\xc7\
\xea~\xbd1^\xaa=\xbb\x96\xac\x97\xdd\xb1\xf4\xcdg\
\xbe\xeb}\xa9+\x7f2\xa7?\xb2c\xa8Kk\xa6m\
-\xd5\xb2wQ\xdc\xc5E\xd6\x94K\xe7\xcc\xc5\xfd\xae\
[\x11\x86\x037k\xdep)\x98(b\x1an8\x12\
\xe7\x9d\xdb\xf4\x19\x12h\x86\xea\xb5!\x80\x80\xd5\xde\xac\
\xd5\xf2\xae\xa9R\x97\xda\xe7\xb6~W\xe1\xc2K\xa5:\
^\xb8s\xedr|V\xef\xefn\xc9\xdc7:6\xc6\
\x9e\xdc\xdc\xef\x91\xe85\x1e\x07\xb20M\x95\x87\xc6\x04\
%\x1b\xefy\x17\xa0\xa8y\x11\xaf\xf1$\x95\x88\x00B\
*\xd6\x82K&\xb6k\xcft-\xfb\xcf\xaa}\x9f\xb5\
J\xdeFdN\x97\xa6\x9a\xaf\xc8V\xf5/\xbf\xa82\
1\x11+\x82\x9e'\x0c\x05\x22\x11\x12\xc3\xa1\xf5\xab\xa2\
\xf3\xb6\xad\xac\xd9\xdf\xac\xfa\x8b\xca\xda\xd8/\xdf\x8cW\
\xff\xd7)\xa6\x7f;\xb6\xcd\xd5]>c7\xa4\x81@\
\x1af\x03\xbf\xfa.\xc3\xd4d\xbd\x96\x5cE\xb7d\xfb\
\x96\xfe\xea\x9d\xad\xd1\xa9ns\xee\x9ew\xddb[w\
\xc7_\x5c\xe7\xfa\xee|%j\xdb~[\xf6\x0b;t\
gf\xaeZq\x97mKv\xc7Z\xf13\xe7\xc2\xaa\
\xaaZ.\xee5y\x9d\xcb\xc6X\xfd\xef6\x22\xaa2\
\xa7\xb4\xb9\xfdM\xa6\xa9\x1c\xa8\xb7\xe6\xac3\xd7[\xdb\
3\xc7\xcd|\xf6\xf6\xd9\xe0\xdf\xba\xbd\xb2\xb6\xe4\x223\
^8\xb5\xdd'?3\x8c\x98I\xc2\x86:'\xfa#\
\x14\xbd\x0a\xa7\xde\xee\x9br3\xcf\xc6\xd6T]\x19]\
2k\x99\x8a\x8fQ#zjs\xd9\x9cc|\xd6H\
\xc48\xd2\xc4H \xcdS\x81\x10j*Tzb\xaa\
:/\xba\xe5Vd\xe5\xad\xae\x17^o.\x99*w\
\x0e\xdb\xe2\xb6\xd7\xfb\xf9\x1d?w:wt\xaa\xcf-\
\xd3-C\xb5\xda\xef\x1a\x82\x8a\xa82\xa3\x98\xb2\x08\xaa\
\x22\x19%I\x92,\x07\xc28\x06\xc3y\x96\xc4zK\
=\xe2\x980\x85q \xc5!D\x11c\x18!\x84\x18\
B\x08!$\x10\x91#\x22#R\x90V\x07\x9f~\x03\
\xd4\x03\xf4?0\x0a+\x99\x0a\x89\xcf#q\xb4bD\
\xa3\xcc\x89\xd1\x88\xabR\x14n\x22\x87\xa0\x04M$q\
\xd9\xa4+\x84\xa6)\x8b\xe7mV\x1c\xad\xb5\xa3,\x81\
f\x81\xed\x15/\x99\x0aR7\x07\xe4\xf1p&k_\
3\xbe\xb0Bu\xed\x8d~\xdf)b\xaf\x89\xed_8\
\xac\x0c\x96\xf2'\xb3\xe57\xbcO\x8b!\x01\xe6\x05\xc5\
<\xf0\x9d\x13g\xdd\x02\xa2\xcf\x1f}\xc5\x92r\x8f\xf5\
\x14>8\xd0uj\x92]\xab\xb8\xf4\x06\x7fK\xf3\xee\
\xb4+\x92\xb8\xbc\xcf-*\x90\xab\x80\x10\x15w\x0f\xfc\
\xe4\xcc\xfc\x8f\x7f\xb1\x0d\xef\xc1|;\xc8\x1e\xa5]W\
%\xd9\xc1c\xcd\xb9\x7f\x81\x8f\xb8m\xae\xc7\x189\xcf\
\x0e\x07\x02\x17\x8aC\x82<\xa3\xf6,\x5c\x81\x9d\x93\x05\
\x07\xd2\x09\xed\xca\xeep\x1cA\x0bb\xd4{I]\x1a\
\xd7\xe6JZ\xe6\xf0\xced[\xbe\x1e\xaa\x02|\x1dC\
\xd1\x1d)C\xb9\x90\x0d\x86\x94\xad\xc9\x9d\xb7an\xf7\
5\x7f\x1aK\x87n\xed\x82\xbcg\xefW\x03\x91\xa6*\
\x92x\xdc\xc4F\xbdE\x8c\xb6\xb3^**\xd7#_\
\x84:C\xe2\xf9\xc2\xfc\xf6\xe0\x1a\xe23\xd8\xc8\xa1\xd2\
\xfe\xc9\xae\xf9\x1foRi\x9d\x08\x0a4\xb9x\x1f\xf6\
\x948\x9c\xb2\x1d\xae\xc1G:C\xabH[~A\xfa\
\x5cHp\xa9Wsb8k\x98\x80\xf3\x09\xe0P\xf4\
\xb6\xaa\xe249\xc7-\xf69\xe5B\xc5UVJ3\
;[3\x10\x1fP\xe14\xe9 ^\xe0\x9a@\xf1\x85\
\xb6\xa8v\x92\x1d\xf52q\x080\xca\xdc\x82V\xf2\x11\
\xf5\xfc\x1fv\xf5\x15D\x1a\xa6\xb5\xa5\x9c\xd53\x02\x1e\
Q,\xfc\x96\xf9\xb0z\x06XlKg\xb92\x9a4\
\xda\x85\xbd\x0d\xf9-2\x17\xd7\xcc\x0c\xcb\x8av\xde\xae\
: \xbb}\x13lUzb\x95B}\xc5 K\xe1\
\x1d9U\x8aH\x14\xeb\x8e3J\x95\x9d\xfa\xed\xe3.\
\xfb\xb0\x0f4\xfe\x18\xe5P\x99&\xd8APn\xa2V\
*\xa2D\x09\xa2\x88\x07K\xff\x16\xff\x15\x06+\xc1d\
\xeaW\xe4H]S\xb9\x9f\xc4\x83\xc2\xe1v\xec\xa4\x86\
|\x5c\xa3\xb0\xe6\xa9l\x09\xd2&\xb1\xc3\xdfXPz\
Pj\x15q\xe9uk\xf8\x1eg\xff\x0aY\x1a\x13\xe9\
\x18r\xe9db\x15\xe3`\xae_z\x8d\x14\x18\x02\x96\
\xd6\xe6 E\xe3\xe4\xd9\xf4N\xb6\x81b!\xffyb\
.|\x0b\xa1c\x99\xefd\x81\x89\xcb\x87\xc7C\xc9 \
\x8e@\xf1\x0c\x94<\x8b\xe8\xb5!\x17\x96\xd8+S\xbc\
\x17\x99_r\xb7\xf6bf\x86\x8f\xc5\xd0\xb3}\x82\xa6\
\xb1>\x17\x9f9\x220\x0a\x85/\x0c\xce&\x1b\x0b\xd2\
}\xed\xb4\xb4\x15\xa0\xe6Sn\xdd\xd5T4\xdbTm\
v\x8eA\xee\x8a=\x06\xd9_\x18}\x948\xae*\xcd\
\x89O\x0e\xab.U1d\x99\xbe\x91B\xfb\xa5\xc1\x8c\
\x7f\xa3\x17\x1e\x85\x14!G\xf8\xbe\x90\xb9\xd4M\x197\
\x16mn\xd8>\x10\xebr\xa6'9h\x92\xac)\x86\
\xb1\xaa\x09\xd0\x83\xd4\xa2Y\x22D\x05\x9b\xf4\xcb%,\
VM:\x02\x22\x9a\xb9\xfc*\x07\x0d\xcc\xb5\xcd\xbeW\
\xd2\x11X\x90\xe1\xd9AQ\xf4Y\xc7\xd8\x5c<\xa3\xe9\
\x07\xe0!\xe6\xdb\xb75\x97\xe3y\xc2\x93\x80\xb7\xc5\xb0\
\xcfQl|L\x98?\x04MY\x1e\x0e\xb9\x22\x00f\
\x0f\xb1\xb7-\xc7\xbd\xbfv\x0a\xab:\xae\xc9\x09\xce_\
Hpr\x1b\x08\xd0q\xe4@\xb4R\x00\xf0I\xcee\
\xfdF\xa6.\xe3o\xd8\x07\x04\x82m0\x8f\xe2A\x16\
\xd4\x10\x10\xcd`^\xeb\xe0F\xd3a\xc2\xd2\x02p\x80\
\x06\xa6[N-\x82B\xa5p\xa0^reH[]\
\xc2\x11W\x9e\x88\x96\xf0\x22\x09b$z\xf4\xcf\x98\x18\
\x9c\xc2q\x17\xf8Y\x94\x11\xc4\x95\xb4\xb2Vq\xd1\x9a\
\xb62\x11m@vC\xe7\xfa/\xe3\xe5\xe2\xa1\xd4\xf6\
\x99\xa4\xfc\xedzN\xe3\x80\xa0\xd9\x0c\x19\xd0\x1a\xea\xc9\
\x84\xe6|bV\x03\xa4U\xae\x13\xa1\x14\xc7E\x22\xf4\
\xf5\xa5\xb6\xea\xfe\xea\xb2\x10\xb43\x10g=}]f\
\x10&6\x0f\xaa?a)fA\x939W\x03\x09\xc9\
\xc6)\xc4B)#`C\xe0\x0e\xfbl7\xda!@\
v\x9d0\xd5@\x1cU\x9eu6l\xccz\xe5\xed3\
\x90\xee\x5c+)\x19\xd2\xdaS\x15\x1fJrm\xe16\
!\x5c\xf3a\x0c\xd8}T)|\x89\x85S7\xb5\x85\
A\x98\xb8\xef\x9bT\x9bv|O\xa8\x93\xdf\x91\xaa\x1e\
t*%O\xa9\x80\xf8\x82r\x85\xe27\xa5\x08\xd5\x1c\
\xf7<\xb9\xbf\x0a\xb6)\x10\xa0\xdcE\x90\xe8\xbdj\x13\
2\xcaZ\xc0\xa2\xfa\x99U\x04\x03\xa6 ^\xa6\x05\xd1\
\xcf\xa2\x18\xc6I\x97\x9a=G\x8a\xf6*\xb7\x0b\xe3\xb9\
AIwxu\xa6\xa8\x93\xc5\xc3U0\x0b\xa4\x8f\xe3\
O*\xe3\xdc\xe7\xf8\xd7\xf0Z\x8b\x8d\xee;]\x88\xe7\
\xbeH\xda#\xdb\x92q\x83\xc0\xce\x0c\x19R\xe1\x83\xd0\
\xbb\x18\xea?\xb5\xa8\x98\x94srT\xc5\x8c\xc0i\x97\
\xf80\xb0\x12\xd3\xf3\xff\xd5j\xc8\x97\xab\xcd\x82M\xe9\
\xa8\x82)\xa6n\xbd6\x98K\x1d\xc499\xef@\x96\
*-(\x0d\x14>\xcdU\xd6\xef1\x1cA^_\x95\
\xafz\xa8\xd5\x85\x08q\x99b3\x9c3^?+\x0f\
\xe3\x15\x18\x0e\xf3\xa7\xbc\xa0c\xfaQ\xb8\x95R\xfbs\
\xb7\x9fc\xc4\xfa\x86,\x83\x8f\xd7Z\x81\x15\xc22\xc3\
\x93\x84C{\xf1\xb7&\xbc\xc6\x90`*G4\xceG\
\x0b\x8b\xdf3\xc38\xfa\x5cp\xfbj\xc5\x8e\x93\x94\x8c\
\x19;\x90\x96\x03\xfb\xc8!~\x8ck\xf3tH&.\
@^\x9cX\x85\x91QN9\x82\xd5\x9b\x03\xe6\x5c\xa0\
[\xb6\x96\x07Vr%+A\x0d;\xf3t\x89B\xd9\
\xb3\xa0\xe6\x05\xe0\x05\x9d\x81x\x98\x830M\x82\x1b\x82\
x\xcaM>\xfd\x0f\xaf%\x0a\x8a\xc8\xfaH\x02\xe3\x90\
\x85\x10K7\x13H\x07\x18FiCV\xe6\xe8 f\
\xbfw|\x08A\xb6\x02\
\x00\x00\x09\xb9\
(\
\xb5/\xfd`o>}M\x00:mt\x12(\x00m\
\xa8\x0e\xc3\x18\x98N-E#\xd2\xfe\xee\xe5\x0es4\
\x01\xb2\xb2\x01\x80G\xef]\x11\x11\x11\x81\xea\xb0\x82\x7f\
\xf8\xff\x8f\xab\x82\x08@\x01\x05\x01\xfe\x00\x10\x10G\x5c\
\xcf\x83@\x94\x1fv\x9c\xb9tP?\xef\xb0t\xca\x1c\
\x06;\xc8\x99\xb2\x86\x18\x0c\xe7\x5c\xd92_\xd6\x8c\x95\
\xbb1L^\xb6\xb9\xc9\xfd<N?\x1b\xbd\xbc\xdd`\
\xd5|\xc7\x1b\xf3\xb6\x09\x07\xa7\x0f\x94P\x16v=\xab\
\xd1\xa0\x96\x01\xaa\x88\xb8\x22j@\x83AQQ\x12\xf5\
4R\xc4\x05\xa1.\xcb\xf9\xf9\x9a^\x049\x95\x82\xca\
ym5\x1e\xe4@\x00)\xe8U\xcd\x15AoY<\
\x14\xa4\xf8\xee\xddJ\xe9WAXc*t\x97\x05\x14\
]\x0f\x8e\xe8=\xb4^\x16\x0f\x17\x14I\x12\xd6{\x1c\
\x88\xf5\x1e\xce\x04]\x10f\x83\x00\x02\x82\xc4\xf5&|\
\x8d\xf7T\x11\xcaB\x884Q$2s\x9b\x89sM\
\x11V\xd3\xec&6\x13\xce9eI\x03\xaa\x18\xac\xc9\
\x9a\xa8\xc7\x83z\x1eD\xf4<KBQ\x13\xd65\xbd\
\xc7\x93^\xe2\x81\xa4*\x02Y\x16\x0f\xa4\xb0&EQ\
\x16\x1c\x10\x96\xc3\xc2\x02\x81\xa6Q\x1a\x12\x8e\x8a\xc2\x08\
%\x12I\x22\xa1\x80\x5c\xd7C\x00\xe5A\x9c\xc7\xa20\
-P\x1e\xaeH\xa2@\xefr^u@i\x1a\x00\x0e\
\x0b\x04\x0a,\xd4\xb4,\xdeDI\x0e49\x97\xa5,\
\xadI\x00!\xc2\xb2pL\x11D=\xd3S\x96D]\
\x16\x13\x15Y\xd5\x83P\xa4\xc7\xa4\x80CQc];\
\x97\x8d\xb1\xc3W\xb6\xbd\xdet\xdb\x06\xde\x5cl\x9c\xca\
x\xb2\xd3G\xfdf\xd1{\x95\x13\xb9\x9b\xbac\xdbo\
\xdev\xd1\xb7\xf1/?7}G\x7f\xde\xefFmM\
\xe6\xde\x94\xb3\xdb\xba\xd6\xdb\xc8\xfc\x99\xcfu\xaa,1\
\x1bev\xcd\x18c6n\xcb\xdcY\xb2{\xa7\xff;\
\xc3l\x18\xf6\xce\x5c\xbb[KEm\x98\xe6\xda\xdf\xe9\
b2\xad\xf5\x7f&j\x80IT]\xcec\xdb1c\
g\xd5g\x98\xdc\xb0\xb5\xf7;cd\xecx\xbfeK\
\x97\xf8\xcc;e\xa7\x8d\xdc\x1c\xdbu\x87\xcf\xba\xae\x0d\
\xdb\xb2\x19:\xe3\x9aj\xf3b\x06x\x97#]\xcb\xe2\
QQ\x0dkr*\x08\xcf\x8a05xP=+\xb2\
,\xac+\x9a\x228\xfa[C\xb7\xa9\xfb\xbf\x8c\xae]\
Dk\xfe\x0c\xf9\x97\x852\xc3\xb2h\xbc\xeaAaE\
8\x12\xc9y\x9e\x94P\x5c\x19\x1d3\xd7\xad2s\xee\
e\x9d\xb8\x8c\x97\xc5\x149\xa2\x8ajZ\xb7K\xecf\
\xcb\xa2Bfj\x84\xba\xd4\xa6\xf8\xeb\x8aB\x99L\x80\
\x04\xcf\xe1@\x1c\xc6\x82\xe4E\x10P\xc2\xa1;\x1b6\
o\xba\x86\xbf\xcd\xf6\xb2\xaf\xa26\xbe\xca\xa8\xec\xfb\xd8\
\xba\x81\xb5\x96\x8dn\x95a\x8b\xbd\xae\xa5\xbf\xb2\xb6\xed\
\x19\xba\xa66n\x9b\xc8\x9a{v\x96\xd8\xba\xf9\x86U\
\xd7\xb8\x9c\xcah\xb3[\xc7\xff\x86y\xe7N\xff\xbbu\
S\xdd*+n\xba\xf6g\xcc\xedt\xdb\xdb\xfb\xda\xad\
}6\x85\xc7\x91\x18\xcf\xc3\xac\xfb\xd1\xab_e\xdc&\
lU\xb7\xf1yYD4t\xff\xdb'+\xbb\xe44\
g\x19\xce\xd3\x18\xfew\xff\xdbc\x10\xc3\xb3s3v\
c\xe7\x8d5FVVGu\x0d\xf76w\xecm\xfb\
\xdb\xbf\xbb4\xb0:\xbb;d\x0d\xe3\xbe\xd71U\x19\
\xe7\xce\xbd\xc9L;u\xb3\xdf\x15=HR\x1dc.\
\x13\xbf;\x99\xd3|\xf6\xd9\x99\xcd\xbc\xadk\x98\xcbx\
\xdbV\x86\xde\xbb\xac\xe1\xf32cnvbk;/\
\xe3\x7fO\xf4s\xab2\xf7\xe4\xcb\x89 \x1e\x02(\x22\
\x19\x98\x9c\xc8\xb2\x22\x8e\x82\xd7\xd0~\xae\xde%\x05\x0b\
\x04\x1c\x10V\xc2a\x81\x80\xa3\xb1\xb6\xda\x94\x9b9\xd5\
\xb1\xfb\x9dw\xcd\xd0f\xee\x91\xff\xdf\x039\x0dVA\
q\xdd\xb8\x9a\x0ck\xbb?\xa6f\xbb:'f\xd3(\
\xee\xdc\x9f\xdf\xea\xdc2>\xb3\xed\xba12\x85y\x19\
]\xdd\x9dC\xded\x0d\xcf\x94\x17{W\x1b\x9e\xcai\
`\x08\xa0\xa8\xde\xf5&jR<\x0aT5\x80\x19\x14\
\x0d~\x9eL\xaa\x0a\xc94\x0asol\xd1\x95\xe1\xee\
\xec\x86\xdf(\xad\xda\xb8\xb11\xa9<\xca?\xbf..\
3\xac1S\xdcn\x94\xf6\xe6\x98\xfe\xd4N\x97\xcf|\
=\x5c\x0e\xa4a\xf7\xb9a.\xe8A\xd4\x03\x12\xa1*\
U(Iz\x10\x11\x83e!=\x86#9\x12O\xba\
\xa2\x05\x92\x14]\x0f\x12\xd1\xe3\x81^\x95p\x90\x1e\x13\
\x01\xcf\xe1<\x22\x02\x97\xa3x\xa0\x08\xc5p(T\x94\
\x04\xc5\xf3$@\xe0@\xd1\x80\x16\xe6\x5c\x0e\xe4\x5c\xef\
\xa1\xafB\xf4\x88&\xce\xc3\xb7\x95e[m\xa6H2\
\xa1\x18\x8c\xe6E\xac\x07E\x91gIN\xe5\x90P\x0f\
\xd6\xb2\xa8^\x84#UUd\x02\x894\x91\x87\x82\xd8\
\xff\xbb\xd6\xecm\xf24|PT\x85]\x16\x12\x0ar\
\x1e\xac\x5c\xf8\xeaA\x15\xc5h\x04\x82%\xa8\xd2\xb2\x1c\
\x84\x082U\x22\xa3 I2\x1d\xd2)\x86\x81\x81\x92\
\x05j\xc9z\xb2H8\x03a$E1\x10\xca\x10B\
\x0ca\x86\x10\x22 \x04\x11\x81\x11\x18B\x88\x19\x19*\
r\x03\x80+\x8c\xb7\xb4\xa6C7\xce\x9c\x07\xcdU&\
ml\x0ea\x9c-\xa5\x89\x85JV\x99\x1b\xb5\xcff\
\x015\xad\x9a6\x076\xdfz\xe9\xe9\x93X\x9d\xe3\x04\
\x0f3\xae\x91\x99@l\xe0t\xd4\xa8,\x94\x1b\xe3\x0c\
.\x92\x87d\xfa~\xd8\xa8\x1e\xd0\x7f=\xa6V\xc5\xbc\
\x85\x1e\x0c\xa4\xf7HjZ\xe7\xab\xc8\xf2'\x0f+\x09\
\x0f\xa05\xc3\x94\xa8,\xb6\xf3\xbc\xc6\xeb/\xcf&\x09\
\x8f\xf5\x1c\xc5\xea\xd1\xc1\xda\xd7 \xfc~\xc0\xc7+k\
\x0c/\x8d\x17q\x8eR\x00\x0f\xb8\xb3S\xf0\xdaX|\
\xc7\xe4\x0e\x14\xa7\xc4\x8d\x91\x9b\x07\x9d2:D\x1a\xab\
\x09\xed\xa5\x16\x0ck\x041\x81w'~\x92\xd6\x08n\
\x1c\xe0\x09\xb1k\x8b\x15K\xf7\x9cM\x8es\xffn\xd8\
\xe9.u\xe9]HL\x86\xd3\x9d\xf2\x11\x84\xae8\xbe\
V\xc1\xb3\xf7\xfe\xd0\x8ea,\xc6q\x147\x5c\x0d\x90\
?$\xa3P\xda/\x1fN\x80\xaf\x12\x17\x91\x1a$\xa6\
\x97S\x0a\x9b\xd5^\x07\xb4.x\xc3PV[\xd2Q\
\xa9\xd5R\xd1e\x08<\x86\xcb\xcb\x04~O\xa5*9\
\x8e\xd7\xee\xd5\xfd-5\xe1\xf7\x99\xc1V\x1c\xf2=P\
Z\xa9\xa8\x18\x18\xb3\x10\xf9:\xdc\x02\xf2!g\xa4\xc8\
W\xca\x1av\x81\x16j\xceJ\xa9Xq\xc3Y\xd7@\
'x4\xff\xb9\xab\x9a\x9d\x8c-\xa2\xc4\x16\x83\x82|\
\xd9L\x80LHR!\x81\xbeC>\x985z\xba\xbf\
\x1b\x96\x8f\x1aU0\x80\x1bp\x89\x8e\xb9\xa3\x0fx\xc0\
u<\x03\xe1L\x82\xf4\xb4<\xd1\x06\x1b\xab\xb9\xfcZ\
\x95_\xca\xaa\x01r\x0d\xe0\x87\xda\x99\x82:\xfd\xc9\xa9\
\x17[_\xa5\xe2\x9aXP\xfc\xe6\xaa\xb9\xefh\x98\xd9\
u\xb2\x1f\x8a\xa0\xc9\x16\x12\x9bIf\x81\xf5{\x0a.\
\x0f\x7f,\xeb\xa7D0d\x96\x93A\x0a\xf2\x81M\x94\
\xeem\x9an\xec\xbc\x99\x84\x1e\x05\x22#!\xffRz\
\x8b.\xae,\x90\x04\x94*L\xd8\x07\x8f\xe9\x04\x84\xb6\
\x17@\xe5\xb8\xcb\xc8\x01\xee\x18\xa4\xd7iIl'\x95\
\x9f\xc3\xf5\xba;P\xba@%\xb38ux\x87cn\
bK\xeeY\xe7\xe1q\xa3\x00b^\xf7}L\x11e\
'w\xe6\xce\x97S\xb1\xb3*\x14\xa6\x92x?\xb7\xb4\
\x0b\xfbRg\xf9}\xc9K\x82c|T\xb2F\x1d\x87\
\xf4O\x22\xa8w\xda\xbc\xbcq\x8a\xfc\x7f\xc5!\xb0\xc7\
\x08(\x80g\xb7\x1e1\x8c\x86\xe21\xd3\x89\xbelu\
[\x08\x7f\xc2\xeaa\xd58\xc0t\xf1;\xc0\xb8,y\
\x89\x86\x99\xbe\x1e\xae=\xef\x0b\x1a\xe0C\xdd\x0f\x84W\
\xf7\xb4I\x98\xf76\xb8\xdf\x9b\xb1\xbf7y\xc47\x0d\
\xe6\x9b\x89\xd4\xfau\xb0'\x0a@Y}\xb0n\xa1J\
\xdbV\xcd*\xd9\x01\x12\x9a\xddR\x14\x8e\xab\x82\x88w\
=,\xaekK\x8ab\xc0\x07\xa6\xc5\xf9[\x1f\xd5\x0b\
\xe8\xa1\xa9\x81J\xfbFP\xab\xf8[\x0d\xa1\x16\x05\x94\
\xdf\x96\x92\xe5\xdd\x03]\x89M\xe0\xcc!\xf4\x1e\x8a\x8d\
\x91X\xadF\xf4\xd8\x02\x94^_z\xc9\x02{\xd1\xe1\
\xf4R\x98G\x11\xa8\x9eu \xec\x9c\xdft\xbf\x93\x8e\
\xd2\xef\x17'jj\xfb\xb0X\xa5;!\xbf`\x9f\xbd\
\xd3V[\xc8v\x5cG\xab.\xa3<k\x14\xf6H\xf2\
'g\xf6\xd3b\x95\xb2\x13\x08\xfdT'\xa1JQ\xa5\
\xb4\x17\xeet\xe0)\xdf\x0a\xd2N\xb7\xa0^+n\x97\
\x12C\x14\xa3\xd2\x1a\x8a\x0e_\x7f\xd6\xa9\x9a&\xd4:\
\x91\x12\xd2C@\xe7\xc1\xbeA\x03\x9f\xa1{\xcd\xba\x1e\
\x00\xf2\xff\x0d\xf6Z\xf4\x87\xe8\xa6\xd4\xd8\x0b\xbc\xebl\
,\xb4\x9c\xa1\xba-\xb8g,?\x09\x17C7\xf2\xb1\
\xbd\x10Y\x9fX\xc7*\x00;\x0b\xe7\xccMn\x0e\xe9\
\xdeXH\xdb]!\xa5\x9f\xd5KR/vC\xcad\
t\x17V\xa2\x11\x00\xd5\xa2\x80M\x17\xa0X]9\xa1\
{\xc9\xa39\xf9$\x19U6\x8b\xe0R\x05^\x9b\xa9\
L0\xba\x03?6[\x88\xf8NF\xc4\x10\x98Y\x0b\
\xcc\x91\x9a4\xfa\x8d\xba\x8c\x14\xf1\xbe\x12\xcb'\x7f\x0b\
\xd8v\x81l\xa3iO\xc2\x06~B3\xa9h-C\
S\xbd\xeb\xf1\xe3s\x9dk\x9d\x0e\xb17RC{x\
o\xc6\x04E\x91\xa9.DD\xa9\xd9O\x1f\x8b\xf9\xec\
B\xa2?'X\xfd\xd6\xbf\x88\xb5X\xa82\x13>x\
(\x8f\xdeloHF2\x09\xcc\xe1\xe4ZV\x0cL\
J\xad\xfa$\x5c9\xae\xa8:\x8aL\x82\x9eLs\x0b\
\x01\x8fr\x02n\x95\x19\x81)\xb8\xebI\xa7G\x8f\xcc\
\xecFk\x9c\xee\x8d]/\xca!\x9d\xf5\xaf\x8e\xffU\
\xde\xc0\xda\xa4i\x00#_\xe4\x05\x07\xcf\xfd$\xe6\xb0\
.BKV\xdb\xba#\xd0P\xee\xa5\x8c|\x10\xb9\x0d\
\x18\xd0MT\x0b{$\x04!\xfa\xad\xf8I\x10\xf4\xbb\
K\xffDA\x8fB\xc0\xc6\xe1\x9a\x90u\x0e\xc7a<\
\xbe\x92,\xd5\x83\x04\x1a\xab\xca0\x83x\xf4g\xf4\x12\
\x15\xf6\xef\x059?\xd0\x15P\x14\xa4x\x07\xac\x99\xc0\
\xb4\x0c\xf3(\x8ev\xba\x9f^T\x95,\x11\xb6\xc8\x9d\
E\xa9\x86\x11\xaf#\x13xTI]\x22\xcb\xa2+\xfd\
\x5c\xd8e\xc2\x1ff\xe3\xad\
\x00\x00\x05\x06\
(\
\xb5/\xfd`\x09\x11\xe5'\x00\x96\xf5\x9f%\x00m\xcc\
\x03\x83OL\xbfy\xa8\x12\x13u'b\x1a'\xb0\x07\
e\x03\xceP\x9c$\x8a\x94\x10\xd8h\x90]\xfa\xaf\xab\
\x82\x08\x96\x00\x94\x00\x95\x004\xdbn\x93\x08\x13\x1e\x12\
\x94\xfe9\xf9\xea\xeb\xd64O2.)1\xc6\x05n\
\xb4\xe7\x08\x87pY\x94%*Q\x14\xc9\x09\xa9\xec\x0e\
\xe0\x99g\x8da\xba\xfe\xe3\xd6\xfa\x14\x99H\x85\xf7\xfc\
\xd8\xe3W\xaa\xc5[\xcb\xdeT\xad\xc4\xb3sna=\
xc\xb1p@\xe8\x06\x14k\xeb\xe4&\x10\x08DQ\
\xa4\xac\xf7K\xc0}F+\xa7\xc8\x0c\xee\xea\x17\xe2\xec\
w\xfa\x1b\xc1A\x08\xd0X8\x0c\x9e\xceo\xfa\xac1\
\xb5\x99v\xee\x1e\x04\x17\x1e \xded\xe5ku\xcd\xef\
^L\xe4\x9b\xb2\xbe|\xff\xc3al3h\x04\x14\x83\
\xfdV\xda\xee\xdb\x82\xe8\x8b\x7f\x84\xe2\xbd\xb5\x8d\xf7\x9b\
5\xa8Um\x1b\x07\x8a\x9e\xc6\x89@Q\x139K}\
\xa2dbZW,o\x82hK/\x1e\x17\x91~+\
\xcd\xb4\xb3\xdfnMU\x01o\xda\x1a\xeb\xfa\x16\xcd\x9e\
S\xca*\x8a{\xcd\x5c\x98\x990\xd7\xba[\xc3\x8a\x18\
\xa3\x8c\xc8&q\x9c$\x91=;#\xbd~\x96If\
2\xbcz\xdbp$}\xfb7Um\xa5\xedd\x94D\
IFs2o\xb2\xd7M\xe9\xa2\x8bo\xda\xf4\x01\xe4\
\xef\xa3_\xd6\xfdk\xca7]\xdd^\x88\xc2\xbf\xd2\x8c\
?\x16\x89\x9c\x122\x96f\x91\x13jd\x12\xa1\xc0v\
\xf7\xc0\xf3\xc4hI\x9e\x87\x81\x8c\xe5i\xa0'\x89\x8e\
\x14\xf8N\xf1\x9bx\xa6\xbb\xdb\xb7\x1a\xcb4\xfd\xf9)\
\x85\xa7(\xb6\x1e\xf7\xcb\x80\xf1\xed\x0e\xca\xc5\xaa\xfd\xad\
40\xb6\x11\xbcE\xb1\xeb\xe8\x14\xdb\xba\x92\xaa}S\
\xd74E)\xb6\x8e\x90j]Hh\x90*\xbb\x99\x05\
\xed\xd4\xd2\xfeX\x8c\x98\xc8\x86)\xa5\xb1\xd5\xebOP\
z\xd3\x14\xc51\xad\xf6_]\xf3\xb7:\xc3\x8cfn\
\xbf\xe2bw\xa3Xdk\x96\xb8D0_H\xef\x9a\
\xbaz\xf58\xd3\x1d\xee\x0b\x87\xf5\xe0JcV\xd3Q\
\x5c\x8c\x9a\x01\xe9L\xc8I\xe4\xb3HH\xbe\xc6\xb1\x94\
F\xe3Hg>\xb3\xc21\x11dL\xe8\x98\xc8hd\
3\xa7\x03m\x99\xaco\xe2\xbf\xb5N\x1f[\xabp\xeb\
\x9eu$\x19\x89]\x5c\xaa\x8b\x0bdD\x17-\x93\xf1\
D\x0f4\x93\xe8\x91\xd0E\xe8\xde\xf4\xe2\xd42\xd2\xc5\
\xfb\xfb\xc5\xa4|\xf5D\xef\x1a%}\xbe\xb8\x91\x0a\xac\
\xd5\xf9\x1f/=\xd66,\xf8\xac\xb3T]\x9dfO\
J\xb0 \xd2\x00\xe9)\xf4\xee\xfcM\x8f#\x9dG\x90\
d\x06&\xd3<K\xb28\xcd\x8c1\x81\x1e\xa8\x91\xa9\
Rlh$)HR\x186\x03a\x88A\x14e\xce\
+\x0f2\xa98\x85\xe1$\x85\x08\x81D\x11\x09dJ\
$\x90@bD\x82\x82\xc2\x82\xa8\x03\x1a\xf0\xc3\x8f\xb5\
atyI\xb2\x86\xea\xc1-vz\x18\x1d~\x88\xd0\
\x98\xbb\x06\xa0\x80G(q\xa1\xaa\xee\xbd\xe3\xb5V\xda\
3hh\xf6I^\xd7d\x90\x14\xad!\xc1\xd1\xdd\x84\
\x09?\xf2'J\xf7\x17'\x9c\xd0\xb6V2\xda\xa1\xc4\
\x81\xd1\x08\xb2.\x18z\x8a\xa2\x18\xf1\xa8\xa01\x09\x1a\
\x05o\x9f\xa4\xd08\x93\xe2\xcb\xbb\xd0\xe0\x0e\xad\xca^\
\xff\x84J\xdf\x11\xb4\x02\x8aM\xb7\xaf)\xb9\xf5;\xdd\
\xe0pUH\xa9\x0c\xd4\x11\xd1p\x13\xb5`\x9d\x9e\xbf\
\xaf\xc2\x82\x94\xf7\x85j\x9er\xe5\xa1s\xba\xb6\xe9\xd9\
\x08\x16p\xd6\xcc\x86\x81-\xf7 \x97 \xfc\x0fq\xcb\
\xb4\xfb\x8d\x9a]Fr\x0dA\x1d\xe8T\xbe\x04\xcf\xcb\
\xc1\x5c\xff\xe3_AJ\x15\x03\xa4\x84L\xa0\x82\xeb\xf0\
\xe8\xfa\xfad\xdeA3\xbf\x1f\xe4<xa.\x05s\
\xab?\x04@]\xbb7\x0f\x1c\xb2\xda\xfdf\xfd\x12\xa8\
\xaa\xe6\x06\x03\xfd\x08l@\x00*\xc0\xd9\x92\x92\xcf`\
\xd6!\x19>\x82M\xebr\x8b.\x81\xdf\x08\xdbWs\
\xa9\xa2M\x88H\x1a\x01\xe9\xc8\xde\xee\xa4\xbb\xa5\x12\xd7\
$\xc9\xc7\x0bA\xcf\xb4\xc2\xe1vdB%\xc2z\xdc\
\x92\x07\xc1Rf\xf1\x92*H\xb2\x16\xd7)\x0f\x9e}\
+\xf7\xa73\xf1\x19\x03\x8d\xc1\x92\xc8\xfb6\x12\x81H\
\x85z$\xb1q\x0enR3\xf8\xf1\xf5#\xdfQF\
\x8d\xd0\x5c\xdf-?\x17\x04\x9e6<j}I\xf2\xc5\
\x9d\x9b\xeb\xcf\xad\xdc\xc2F\xfb_\x9d1\x99\xcd\xbe\xf8\
\x0aQ\xf6\xde\x16.\xfd!\xe2\xd6\x0b\x0a\x1c\x0d\x00B\
Z\x17g\xa2\x04\xc9\x0d\x90\xe5\x09\xc5!`\x8e\x00f\
\x04\xf8\xa2\x1e=\x99\x1aQ\x01\xc0?&\x08\xf6G\xf5\
2\x8eY\xe95\xd1\x08\xce,kft\x0e\x17N\x97\
\x09\xbe\x82\x94G\xcc\xba\x97bN\x1f\xf9l\xaf\x09\x87\
\x079/o\x9b\x819l\x94\xcf\x96\xc0\xccQ&\xf5\
\x0d_\x88\x86uv,78\x85+\xf4\x0e\xf6#\x02\
w\xa8\xc0\xe1[\x11\xa6z\xa3\x8a%\xfe\xd4\x08\x90\xb1\
\x82\xec\x1a\xdc\xeb\xd0\xe5\x092_\x0a\xb5\xd3\x912\xe5\
\xa1A\x12\xb7G\x88\xe1`\xd7\x0cZ\x08=\x05\xd2)\
\x12\x08|is\xa6U\x99\xea=\xa9@>\xe1m\x07\
~05\x9c\xfc\x99\xf7\xcf\x12!\xba\x8b\xe4!\x126\
L\x9b\xfe5\x10zq\xb0\x1c\x89Y9\x1aG\xf6\xc2\
\xff\xc3\xd0V\x05\
\x00\x00\x0d\x05\
(\
\xb5/\xfd`Zf\xddg\x00z\x91<\x17&\x00\x8f\
\xc68;`\xa8R\xfb\xcf@\xe8\x93\xed\x89\x94\xf1U\
\x17\xd1\xdd;\xbcJ\xb2\x9b\xec\xe6\x17\xd5\x8a\xf8TU\
\x95\x02L\x08\xb4\x01A\x01A\x01\x03\xa0\xa9\x81L\x8c\
\x87\x88\x149&\x92F\x9a\x00M(H H\x90\xa0\
\x09\x05\xe3a2=$\x14\x22\x94\xdd\xeb\xd1\x0e\x991\
\xeb\xf5/\xce}\xb9+\x99\xf1p)\x00\x92$\x1c&\
\x17M\x05\xa4q HC\xd9\xcb\xda2\xc3\xc7\xcb\xde\
Tl\xb5\xc2N\xc6\x83\xe4\x11\xf1\x90\x22\xc6U\xdfJ\
\xb5\x19\x0f\x19\xcc\xec.\xee\xed\xfc\x8aq\x15\x07\xc5\xc2\
\xc2\x04\x86'/&\x07\x9a\x98\xb8t\xb2\xd9~\xfbG\
\x1dn\xda\xfe\xba\x81\xc8\x7f\xb6\xaf\xf5\x81\x80\xf8\xdfk\
\xec\xc5\xd6\xceK\xf5.Kl4<6\x87b\xa2\xdb\
\xfe\xb1Y\xaa\xe3\xbcc\xc3\xc0\x9f\xf34\x14FO\xd0\
\xc4\xe1\x88\x18\x05\xce\xe1bzD\x05\x1c\x02\x1c\xa4\x08\
\x129\x0c\xe4b\x9a\x88\xa6\xc9&\xe7\xe3i\xa4\x06R\
\x03\xe9\xc4\x01=\x06\x0e\x94\xc4\x04\x92\x1c\x90\xc4T@\
\x0f\x0c\x8c\x07'z\x1cX\x15QR\x14\x92&Z\xcb\
\x1c\x0e\x19\x0f\xcfc\x92\x88x@\x12\xae\x8c\x07\x89\xe9\
yT4&\x90\xd3LL\xa0H#y\xa6\xa7\x8cY\
0aAc\x82$\x059 G\xa2\x88&5\x01\xb1\
ph\x98\x192\x16\xcd$\xb9\x980\x0cb\x03\xad\xf1\
\xff\x97\x15\x8eG\x120\x91L$Q$\x129\x10\x86\
\x87\xe30\x1aW\xd7\x98L\x12(\x02A\xa0\x86\xf3@\
$\x8a\x09\xc6\x83\xf38L$\x8a\xa2\x00\x88\xc001\
\x00\x00\xc0\x01\x86Q\x1a\x1a\x11RT\x8f\xaa\xa8\xa8h\
4\x1c&\xa6Ib\x80\x02M4\xce\xe4\x82\xc4\x81\x22\
1=*\x94\x07\x9a\x1aHR\xa00L\x00\x03\x00\x0e\
 `D\x12\xc6\x03$\x89 \xcd#i\xa6\x89\xc2p\
\x86\xc1\x04\x0a\x8c\x87\x08\xc9\xe3\x89\x1c\x09\xa40\xac\x8e\
\xf1 \x89\x1e\x13\x09\xc2\xa0@\x22\x16\x08\x0c\x04y\x85\
\xf6\xba\x9ce\xa8\xf6\xa8\xa8\xe8\xca\xa7\xeelz\xc1i\
 \x10\x8e\x93\xad\xca\xb5\x12\xe3u\xbaE\xe3\x1djq\
2\x1e.\x1c\x87\xcc\xce\x96\x97\x0bi\xbcA\x88\xc6q\
\x01\xcc\x88\xcc\x0e\xf5#\x80sS\xb3\xd4\xf3\xd7\xdb\xb3\
\xf2\xf2\xb6\xee\x99T\xf4\xddRtdTFd4\xe4\
m\xee~5\xb3<+n\xd9\xdd\xf2\xbb\xa9h\xd9\xa7\
vh\x0aM\x0f\x89\x0a\xbb\xef~\xb3bU\xeb?\xe3\
fS3\xedu|/\xc3e\x1d\xf5\xbaV\x11\xdb\x8b\
\x133\xcb\xd0\xd4JO7\xb1\x93yS9\xf5\xaew\
-\xa7\xe6\x81\x01Z\xf0P@\x12H\x9a\xc7dB\xd1\
4\x80\x1c\xa7\x9c\x124A\x1e\x0e|\xfd7\xef\xfc\xe2\
kT\x5cF\x1d\x1b\x12\x0d\xcb\xd3nY\xcb?\xaec\
\x06k\x15/\xadR\xfdv\xcb\x91}\x1d\xb1\x16=\x19\
\x93\xd3\x8f\xb7\x96\x13Y\xb5N\xcfz\xd7/M\x1d\xdf\
\x15\xb5zya\xc3\xbfk+c.\xf3\xb5;\xcb<\
\x1d{\xb7-w\xd5\x96y\xbb\x8cY\x9a\xb7\xf7T\xdd\
\xed\xea\x98\xc5_\x97\xff\xb0lqWf\xb3\xba\x01\x16\
\x0fij\x22\xa8\x9f\x9d\x9bw\xdce\xe9\xe5\xba\xca\xdb\
Y\x9d\x9f\xc8nno\xc5\x0b\xff\xe5\x9fV\xfa7\xe2\
~q\x1e\xee5\xa0\x9bv\xed\xf2~\xa7\x89e\x01\x16\
\x13\x14\x0c\x85\x13=\xd9\xf9\x89\xc5w\xe1\xb8\xb8u\xc9\
\xfc\xfb\xf7G\xa2(CE\xf44\x12\x13\x03\xc0\x12\xf4\
H\x11\x84\x03\x8ah&\x1a\x08\x00O\xc3\x80\xa3n\x9d\
\xe2\xe7m\xe5\x9e2g\x03w\xf6\x96\xfd\x9d\xe2\xad\xd6\
9~C\xb2\xb2\xd6#2\x0b\x1f\xbav\x99\xff\xe57\
\xa2\xfe\x1b\xaf\x15\x9e!\xab\x1e\x16+\xd3~\xcf\x89\xcf\
\x8cg\xd1n\xca\xeep\xd6-{\xad\xd7\xe1\xcch\xc6\
\xfe\xd6\xee\x9b\x0b\x1d\xe4<\xc7\x8e\xef\xb5\x5c\xc7o_\
\xd9\xf3L\x0b(3<9\x91\xb1\xe3\xf5F\xf5\xfc\xb5\
:g\x16MM\xb4\xf26\xbf\xedl\xbb\xc2\xe5\xed<\
U\xcfj\xb7N,\xcdUeL\xbcU+\xbd\xbb\xc4\
nn\xfe\xff\xb3N\xeb\xb5^t\xff\xbc{\xack\xf7\
\x04\x0d\x22L\x18H4!y0\xbd\xdd\xca@\xbe\xf9\
|^\x8b\xcdy\xe7\xb5\xbb\xfa\xbd\x8a\xfd\xdf\xa5\xb7\xfa\
\xeb\xdd_\xed|l\xb8Xy\xafkX\xd6\xd9\xb6\xe8\
x\xc1\x99\xce\xde\xf7\xe7K6\xbaya\xb7\xfb{\xb3\
\xa3\xde\xbb\xe3\xabe\xcd\x88\xffW\xd9\x8d\xdcX\xc6l\
\xf7\x5c\x9b~g]\x8cx\x8e\xe5\x0d\xfe\xca\xd5v\xb7\
p\xa6}\x96\x1a\xb3\xa0b.\x9eZ7\xe0\xbd\x16\xa6\
\xddr\x9a\x8f[\xcc\xcc\xc2\xbf\x7f\xcc\xaa\x87v\x8f\x17\
\x00\x0eD`\x984\x22\xda=o9\xdf\xecw\xd1\xac\
\xd2S\xf5\x9e\xe73(\xdc\xfe\xedm\xc8\xafg\xbd\xb5\
\x8c\xf2\x88\xdeg\xb7V\xaa\xc8^\xdc~\xd8\x95\xca\xa7\
\xdf\xa5g\xb1\xc2\x87X\xca,\xeav\xb7\xfc)j\xde\
\xdf\xfd\x95\xa7\xac\xff\x9ffZ\xad\xc2\x8fX~_x\
K6\xdf\xa2\xdb\x8e\xa8\x8er\xff~\xcd\xbe\x5c\x10\xe5\
\xd8\xb4\xcc\x94\xd3\xcel\xdc\xc63v\xcd\xcf\xba=}\
\xc5\xbeMn/\x5c\x98\xbbQ+\xb5\xeb\x97\xd6\xe3V\
\xee\xb2z\xb9o\xf42\x05\x93\xb1r\xe1;\xf3\xb7\xb5\
Bf\xc1\xcdL.\xcd\xf3|\xf5\xee{\xee\xe7\xad\xf7\
\xb3\xd2\xeb\xf6\xf4\xafG\xd4o\xe0\xbe\xc4R\xc4kp\
\xa4\xa6A\xc0\x00\x07\x09\x9a I$q\x80.D\x92\
#-,\xa4\x0c\xb60J\xefzc\xed-\xa9j\xea\
\xc5\x8c\xa2w\x9eZ\xbe\x98\xe2(\xcc\xc9\x87\x85\xb9\xb4\
g_\xa12\x8a\xa2\xd6\xfa/\xca\xc7]f\xa7\xf6\xc6\
\x99\x93\xc4\xd4L4 r\x96\x9aM\x0f\xf4D\x91\x09\
\x8aH:%\x82@\x1e0\x1e \x10D\x03\x89h@\
\x90\xe9\xe1\x00\x02yL\x12\x1a\x8f\x88\xf3@R\xc3\x00\
$bA \xf2805\x0e\xceC\x11A4\x17\xa4\
\xa8\x82\x83\xe30X\x10\xc1\xc1\xf10\xba\x99\x9a\xa7\x99\
\xa0\xc8A\x19\x1e\x91\x87E\x13Y\xd4ks<F\xf2\
\xa8\xb0\x88  \x18\x88B\x9a\xa0\xe7A\x01M \x8d\
\x14Q\x11IL\xa0\x8b\x06\x22I\x14\x01\x83\x02\xa8\xf2\
\xa2\x1e\x94\xc6)V\x22\x92$I\xa6\x03\x02\x22\x88!\
i\x92\xc5a\xe9\x92\x07\xb2h(\xc3P$\x041\x0c\
\x89 \x08\xc2 \x0c!\x84\x08\x08AH`\x04\xc4\x18\
\xe2\xcc\x94\x94q\x03\x1f\xe7\x81\xa4\x1b\x0e\x0d{\xe2Z\
\x8d+\x91\xf6OTs\x18\xb1\xcf\x8b\xd6\x1f$\xc1\xdb\
\xa6\x7f\xc3\x07E7\xeb8\x8a\x1ac\xf3\xf0\x8aM\xef\
W}\xc6\x88\xfdQ\xaet\xd6\x90\x09dq\x9e6\x7f\
\xc2\x0b\x0e\xdb\xfb\xb5@`\xc5\x94\x02=\xc7\x1f+\x8e\
>\xa7\xa8\xfc\xb0\x82o(r\xe7+\xf6\xbb\x81\x0e\xa1\
?\xa5PD\xb7\x96\x91o\x14\x9dG[\xb7\xe4K\xf0\
\x1e>\x96\xe7\xa5\x1f\x8a\x14\xb6\xa00\xe4\x94\xa8\xad\x8f\
\x1d\x08^\x80\x86\x84\xf7\x1fx\x85\x0fh\xb2\x0eg\xad\
\x96\xdeX\x04&\xe7{\xf9d\xe2\xe7\x85\x01\x13fg\
\xeb*\xcfGW\xf6\x94\x86\xb3\x98\xba\x09\xda\xee\xe8\xe0\
\xd1\x9a\xf0\xa8\xa7\x1eOx\x07v\xa8\xe3p\xd7\x10\x96\
\xc6+>\x90a\xb4J\x9b\xce\xfa\x0b\xe4\x99\x0f\xa6X\
\xf0\xd9\xbc\xc6\x83h\xf1\x0b\x0b2\xc4\x91\xf7\x01f\x09\
C\x88j6\xdc@\x9b\x0e\xd8\x11cL\xfbxg\xf1\
\xcf\xd1\x09\xc1C\x06\x95\x22.Xa\xc7K>g\xb9\
\xe3\xe8c\xf2\x1d\x8b\xc3\x06\x22\xde\x98\xa4B_n>\
Lu\x22&\x81HI\x84\xd1\x04l\x8ab\x06b@\
fk\xa5a\x84\x94#\x82\xeeO\x06\xea\xc0\xa4P\xce\
~\x06sb\xfc\x9ac\xd4k3\x02\x05\x0b\x16\x5c\xb6\
\xd6\xa2\x98f\x0a\xaeYR,i\xa6\x196H&\xb6\
q\xf6M\x0al\xb4\x0fP\xae5\x17\xbdo\xad\xe4\xc7\
d\x98m\xa1\x99\x12\x7f-\xf9r\xb67\x18z\xc9q\
\xe7\x16\x80\x7f\xad\xc1\x1f\x00\xe8\xf2\xc8\xaf\xa6\x1a\xc1\x9a\
\x95\xc2)\x7f\xc0>\xa9P\x8c5\xfc\xfa=Gu\x86\
\xd3\x15\x91\xfbQ\x9e\xb8\xa7\xce\xe3\xfa\xdd>\xe9dS\
\x1c(\xc7\x91\xad\xd3c\xdd\xc4V_\xac\x80\x8a\xe3\xb7\
\x0ci\x9c-2\xa8a@E\xcb\x19\x88f\xc9\x8a)\
\xc0h\xec\xc0\x98\xc1\xccB\xef\x1d~,\xec]\xd8\xcf\
\xab\x22\x15\xa0\xc5\x06\xa5\x87\xad\xf7\xab3\xfcU\x83t\
 \xd0\xfe\x12pu\xf8\xab\x93\xa5\xea\x886i\xe0~\
62;\xf1\xdaTK\xd5\x1b\x87,\x98p]Q\xc7\
\x97\xf3f\xa9\xde\x85\xe3\x85\x16s\x15\x98\xee\xdc\xa1\x94\
}\xcb1c\x93(|7\xdb\x0d\xf21\x96\xdaM\xcd\
\xb7\xbfk\xe1Xg4'\xab7H\xc8Yz\xbf\xa9\
\x06\xc9\x82$Y\xad>kj\xc8\xffx\x15\x04\xc0\xc1\
\xd59\xaf&\xc0kJ\xc4\xc2\x12\xf6\x1b\xf1\xcd\xb3\x0f\
\xab\xaak`\xa8\xc7x\x03\xe2VS\xae\x91e\x13\x01\
\xff\x0b\xf1q)Y\xc5\x85c\x8a?a\x90\xf52\x11\
\xeb\x12J7\xf9K\xcc\xb6\x89\xff2-`\x94N]\
\x11\xfb\xe9\x900\xb2\xe6\xc8\xa9\x7f\x0c\x9dpS\x16\xde\
\xdf\x13\x05\x8c/S\x80\x22w\xa9x\x80fJ\x1e\xa1\
\x1c|\x5c1;[\xdeJ\xa9!\xb4\xfe\xc6\x95\x82\xbb\
\xd6\x0e\xb9X\xa6\xe4\xee`\x8c}\xb5\xbce\x89YA\
\x92\xa4\xf0mU\xf2\xf4C\x93\x95\xea\xe9\x1f\x8d\xc0d\
A\x91\xc9\x0e\xf1\x10\xaf\xd5\x86\xd4T\x89\xec\x00\x8c\xc9\
\x8e\x06&\xe8\xe1\xbaM\x99\x22\xc5z\x8aH\xe0\xa0\x0e\
\xcb,5\xd5L{\x0a\xba\xfa\xfb\xa8 \x9d\xcc\xb6>\
W\x13.e\x001U\xce<\xaf\xb5k\xc1\xae\x15N\
\xee\xd7\xe4FW\x12\xa8J1\xd2\xbc\x14\x05\xf0\xb3\x9f\
\xab\x8d\xf0\x18\x89\xd0\xc3\x18\x0c\x85\x125<X\xb1R\
\xad\xc5y\xf4\x1d\x8en\xc0\x95\xb4 \xf0\x1au[\x95\
\x808\xd1\x97\xba\xa0U\x0fs\x8d\xb1\xa8Zq\xd5\xc4\
\x1dN\x94\xecT\x9f\xeb\xcd\x96\xac\x17\x13W2\xe7\xdf\
9E\xa6>J%\xb3\xce\x85Q7\xd2!\x0f\x5c\x89\
\xac\x0b\x9b\xe8\x98Z\xcd7+Z\xa1\xcfn\x94\xe9s\
\x8c\x18\x8f\xb6\xa7\x19\x1b\xe7=\xc0\xa6/\xa1Dh\x5c\
\x02\xd1\xa6\x9b+\x0c\xd8m\x5c\xd9eGB\x14\xba\xb1\
\xe9F3\xe2M}K\x9f\x16\xd2\x1b\x81\x5c\xb4O\xe6\
\x16\xe5?\xc0\xbc\xce\xff\xc6Y\xed\xea\xa9\xec~\x89 \
\xeb\x08v\xb2\x87\xe20g\x88\x82D\xe8\x97\x983\xa1\
\x94\x9b\x05\x99\xda{\xb0\xb1O\xcet\x03\xe7\xcd\xa3\xf4\
D\x1b\x99\xc8I\x9e\xff[\xa0\xba\xb2\xc8\xfc(U\x08\
\xdd\x07#7\x03b\xb8\x03\xb8\xc1\xb8\xd5q\x00\xc58\
\xf1z\xf9\x89\xed\xa8\xfe\xb9dWw\x07\xea\x1a`\x16\
 `\xde\x81\x9an\x22J\xaf\x81\xcf\x83\xb1\xa2$\xf6\
\x5c]K\x9br\x86\xcd\xe777\xe0\xbe\x15\xb9U\xe5\
\xec\xb4\x11D\x94\xc3\xb4\xeb\x02\xb4\xc9rZ\x905\x0a\
\x0e=\xd4\x80_]\x1cr\x00\x89$\xd9\xb2\xf7\xf2\xa3\
)\xf6\xbc\x9a\x8dG\x1fC\xae\x00\xdb\xdcz?\x849\
P\xd9\xcc\xba\x95/\x96\xc3\x16\x0c\x9fdk\xb8\x0dG\
M\x94\xe4\xd82.\x0e\xbeTN\x19\xb5\x9e9?\xaf\
}\x18\xe0G\xf0\x9b\xbd\x97+\xe6/\xf3^\x92\xf6;\
\x01\xfb\x1b}F\xbc^`\xbej\x84\xfe/n{\xa5\
\x17\xa3\x15\xef\xf5\x1c\xaar\x0dTgf\xdb\x81\x92\xd9\
\x9b}\xeb9U\xb0\xed\xd6\xc7*@n}8l\xf2\
@t\xe5\xb7\xcd1\xbd\x00\x1f5\xb5\xec\xb4\xdf\xaaZ\
l|\xab\xef\xb4`3\x14|\xa3l\xc7\xf3\xc0:y\
(@\xc6\x10\xe6E]\xcd\xa4#\xa4\x11\x11jQ\xa4\
\x7f@\xbfY`\xf16\x1c\xc0,\xe6Q\x07*\x22:\
M\xfa\x9c\x81\xe8\xd6\xf5\xca\xc2\xe8\xc5Q(\xb5\xfd\xcc\
Y1:\x01\xbe\xc0\xd6Y\xa8F\xeb*cC\x7f\xd5\
A\x11N\x1b\xe5i\xb4\x91\x154\xfb\xa2^\xa5\x1e\xba\
B?5M\xc6\x9e\xa8C\x1aC;\xf9p\xca\xb5 \
\xedTk\xc5\xaeD/\x05\x123Ee\x07\xc5\xfd\x12\
\x9fu2\xdd\x84\xdaPRB@\x1aP\xf8(\x06P\
\x18\x9fz{\xcd\xb9\x1f\x00\x8d\xff\x0dWZt\xec\xe8\
&\x16\xf7\x82\xbd\xeal\xd0\x97\xb3\xa0\xb6\x05\x85\x8f\x85\
\x18\xc1\x85\xc6M\xe0v`\xe5\xc6(\xeb\x80\x1eD\xe8\
p\xa02*\xfc\xfb\xbd\xb9\x91\xe6\x8f\xbc\x09\xa3\xc7\x9e\
\xf1\x7f\x99C\x92\xcf|p\xc3'\xbd$\xfc\xca\xc1u\
A\xde\xba!JE\x88\x93n\x08\xc7\xd8\xf8L6\xca\
l\xf2BK\xf1x\xad\xa1r\xc5\x08a\xfb\xb1\xaa\xf5\
\xc2320\xe0\xf1x\x1dd\x8b,h\xc6\xda\xc0;\
\x12\xef\xfb`,\xd0z\x87\xc3J2H\x00\xcd_H\
\xcc\xdc\x0f\xc4\x93V\x0c\x9c%\x81\xba\xd8\xf3\x17\xe6:\
\xd4q\xae&=2\x16?\xd8\xd7x\xba\x22_\xf8\x11\
Q\x8f\xc0\xc1\xafZq\xff\xf5\x01)rjG\xfdv\
\xa5S\xbaX\xb8\x8c\xe5/K\xe1\xaa#\x0b\xfe \xb3\
1\xc9\x9e\x03\xf6M\xe6\x182\xf7\xe8\x8d;\xb9\x95%\
iU\x02=\xc9\xfd\x1e}\xd5\x19v_\x0d\x8e3\xe5\
\x9bz\x14<\xf5^M\xca\x94\xc6\xf3_\xe1\xea\x8f\xfc\
\x80[\xbe\x96\xb2\xb9\x05x\xa0\xc4\xee%\x18c\x8d\xfc\
1\x155\xf8.3\x07\xdfT\xfbG\xf5v\xf4m\x91\
\xf4f\xb8\xef\x9b\x97b\xfd\xf3+<u]\xc7\x0bh\
\x1f\x11;\xbe\x951\xe9\x17]\xfe%X\xea\xb6\xc7\x98\
\x00%\xc3\x09!t?\x96\x18\x8eRv\x8c\xe5\x14o\
\x81\xc6\xa6\x22\xce\xc0ut)\xe8)\xed\xcaY\x08\xe2\
\x1b@\x19\xe2\x0eA\x10\x070L\xd6\xb5\xc1\xfa\xc9\xcd\
:e\xa4\xdf\x8e\x15\x14\x11\xab\xc8(G\x1e\x0fc\x96\
nJ\x00\xeb\x84\x90\xb2\xbdlEG\xd1\x12{L\xe1\
\x0fg\xa5V\
\x00\x00\x1a\xab\
(\
\xb5/\xfd\xa0d\x09\x01\x00\xfd\xd4\x00\x1aJ\xc5/*\
\xf0N\x88\x0a\x0f\x1b\xc1}m\x05\xf4\xcc\xc7X\xed\xa3\
&\xf3\x8d~t\xad\xc0!\x0fR\x97\x14!\x91\xf0\xcb\
\xfa\xc6\xe7\xf7h\x06^\x18\xb8\xa8N\x03\x91\x02\xf6\x02\
O:\xb4e\xbb%<k\xe6=kRd\xac\xc4\xa4\
=]&\xad\xde\xba\xf1\x89\xebR\xed\xac\xf8\xea\x5cm\
\xb4\xc7\xfd\xaf\xd1\x1a[g\xf5\x19\xef\xad\xab\xf7\xf9\xc6\
\xafZ\x9a\x85\xafLFD6\xd6B\xfc\xe3QW\xc8\
V\xa8fM\x9d\xff;\xcc\xa3\xad\xcbS\xdaC\xbd\x13\
V\x9dY^4\xe5S5\xf8#W\xd1\x11kog\
\x96\xa4\x09\xef\xc5\x93r3\x87\xdf<\xca\xc3,\xbc\xe4\
\xc2\xa3{c\xa5\xaf\x22\x5c\xe2\x045lz\xd6\x19\xe5\
}a\x117\xc5\xbc\x19\x80\x02\xf2T\x1a\x10\x09y\xa6\
k\x98m\x1cl\x06p*\x8dHe\xb1\x00\xf1L\x1a\
(\x92\xc63\x01\xaa\x1aR\xd9b\xc1\x92/)\xb1*\
Z{\x9b\xec\x0e\x85\x02\x09\x04\x12<\x0eEb\xb1@\
\xa9@$\x148\x04\xb0Xhp\x9e\x07\x05\xc6\x92?\
J*4\xb6\xdf\xf2R\xe5\xa1-\x16\xd9\xdebA\x02\
q\x80<\x93\x86\x11\xbb\x08q\x17\x0b\x11\xaa\xea\x15\xef\
:\x9f\xd4rQX(.\x88\x80\xf0\xb8\x8a\x8a\xc3\x89\
\xa0<N\x04_m\xf5T\xd78m\xffN4\xc7#\
\x8b\xed\xbc\x97|\xb6\x99e\xfb+\x9fr5^\x9a\xa1\
n\xf62f\xa3\x9e\xe2\xd9\xea\xfeu\xd6U\xde\xd7\xaa\
\xaa\x22kU\xc3\xa3\xd1`\xacU\xa9\xdb\x5c[UZ\
XxY\xdc\x95\xf8ZV<\xe5\xb3;\xec<\xb4\xab\
*\xe4\x86\x83\xf5\xfa\xc7\xd9\x87\x95]\xf5l48\x0d\
\x96\xbfv08\x9d\x0e\xaed\xdc\xe7f\xf2~\x11\xf7\
~\xc8K\xaa\x85\xbb\x96\xd6y\xe3\xc6ZV\xb5\xeau\
\x90\xc1\xc1\xbcg\xedU\xbb<cN\xd2\xd5\xe6^4\
\xbf\xba\xbb\x1a\xdb]\xbd\xd5Nu\xd7\xde\xdf\x5c\x99\xff\
ir\x9d\xed\xb7\xb2\xda~w[\x5c\x5c\xbe\xfe\x22\xa9\
t3\xef\xd9\xb5\xa5\x9bv\xcd\xbb\x8a\xcbiG\x86\xdd\
]\xfd\xf1\x0b\xfber\x22\xabj\xa3\xae1\xb6\x9d\xb2\
\xa3s7w\xcfvY\x8b\xb1\xb8\xae\x0dhl\xc6\x9b\
\x9a\x8a[\xc5\x87\xc7\xdfo5\xfc\xf6\xee\xbc\x1f\x89\x1d\
\xa8]V\xc6p\xf0*|1\x96Ew\x9fCih\
\x98,\x1a\x5c\xa1\xa2\x02\x994\xa8\x00\x14\x9eI\x13\xa9\
\xa8DL*\x94\xed>JEc\x22\xd2p8\x91\xc8\
\xc4\x01y4\x1e\x06\x9e\x86\x83\x94\x06\xe7\xe1\xa0\x80\x8a\
B\x8bxP\xd0\x84#i\x18\x0e\x92\x08\xc83qp\
*\x0d\x07\x83\x91\xc1@\x05\x128\x0dH\xc4y\x80\xe1\
\x80\x10\x83\xe1@L\x1e\x18N\x04\xd2\xd0T\x9eI\x04\
\x85C\x10N\x85\x22q\x1e\xa7a\xb1\xe0\x98<\x14\x14\
\xd1\xecY\xd0y\x22\x16\xa9\x14n\x8b\x85\x07\xa4\xf2\xe0\
\x00q\x1e\x18\x17\x0b\x0f\x95\x07d\x82Aq\x1c\x8d\x08\
\x8a\x03\xd1\x90<*\x0f\xaa&\x81\x09\x12`T\x1c\x09\
9\x0d\x8e\xe3\x91\x98P(\x22B\xa1\xc0\xa8*k(\
\x1a\x15I\x05\xa5i\xcc\x18V\x8c\xee\xfeM4<\x9e\
\x00(\x12\x8ad\x02\x011q8\x10 \x0e\xc7\x82q\
:\x83R\x918\x10N\xc4a8\x1e\x91G\x22b\xb1\
\xe0x(P$\xcb\xb20p\x80@q\xc0\x80A\x01\
M\xb3$0\x1c\x9e\x09Ahbb\x82\xc1P\x88\xa8\
T\x1e\x06X\x9c\x88\x86\x83\xf2@\xd2\xc0\xf2P\x81L\
,\x0f\xa7\xd2p\x1e\x04\x96\xa6\x01\xc0\x01\x83\x02\x0cX\
L$\x8b\x05G2\x894\x1e\x92F\x85\xb2,\xb8Y\
`\x02\x0a\x16\x0b\x0e\x12\xc8c\xe2\x908\xcb\xa2\xe8\x8b\
\x05\xc9\x04By\x1c\x08K\x04\x82\xc2\x00\x07\x01ft\
d\xfa\xdf\xa4\xaa\x17\xff\x90\xf5\x9d\xda\x86\xb8\xfb\xfb\xdb\
x\xa9\x8d\xd1\xab\xae\xa3+bq-_\xe9/\x7f\xf9\
\xcb_\xfe\xf2\x87?\xfc\xd9\x9d5\xadj\xf3\xc4kc\
\xc2\x97\xef\xa8\x8e\x0d\x93\xab\xc9d\xbd\x9a\xc9\x9b\xd6\xf4\
\x17\xea\x12\xff\x8e\x87\xa8\x9c\xadTVx\xd6|\xb3\xc5\
\xa5\xfe*k-Yj\xc3l\xf5*\xdd\xfazBU\
\x067U\x09\xdf\x0d\xd3g\xac\xc5\xa6b\x18\xdfu\xbb\
c\xbb\xda\xd1n\xf6\xb2\xf3\xafv\xc6z\x22\xbd\x8eA\
\xacLR}\xeb2\x1f\x92nvS\xeb\xe2\x91\xf5\xf5\
;\xa6\x11r\x1b\x7f\x93\xb4\xd6\x0e\xa98\xbb\xaa\xf8\x18\
\xcdM\xa43\xeb+C\xca\xba3\x99\x89M}\xcdm\
\xbb\xb4wLr\xdb\xd1\x97\xeb\xb6\x11\x8b\xf8\xdb\x18\xd7\
\xf6\xde\xf6l\x7f\xbd\xd7M\xbc\x9a%\x1e)\x1b\xa3v\
f\xa4\xc8i\xdb\xccL\xcfL\xb0|\x91\xd6m\x91\xb1\
>\xb1\x18\x0b\xb1\x10\x0b\xb1\xf0\x0a\xf7\x0a\xf3\x0a\xef\x0a\
\x7f\x85m\x85k\x85i\x85g\x85\xb7\xc2~\xe1\xbe0\
_x/\xfc\x0b\xbb\x0a\xb7\x0a\xab\xb0\x0a\xab\x10\xf1\x8e\
\xf2\xf6\x96n\xb1\xf044l\xd5\xd2]\x85\x83\xc2\x91\
\x86GW;\xf3\xb4kR3\xe6\x18\xf3\x8a\xd1\xf0\xd8\
z{\xb5\x93y#\x8d;m\xda\xca\xebSUk\xdb\
\x92\xb6\xd9\xf5\x18\xadE\xd2\xbb\xbd\xdc\xab\xaa\xfd\xd5\x99\
w\xaa\xaaH\x9c?\xac\xfd\xe6\x15S~\xf5J}\xbb\
\xb3+lR\xbc\x86\xb9b62]c\xd5\xbag+\
\x1d\x1b\x1e!\xb2Z\xbe\xa8\xcf\x95'\xce\xd6C$|\
]\x8f\xac\x8d\xe9\xe5*:\xdef\xb5\xbe\xb5T\x0d\xc3\
ezkj\xd6xE\xde&F\xd6^E2\xe4K\
\xbe=\xacs\xd1\xe6\x1e\x92\xdd\x95\x9b\xfez\xed^\x89\
\x8d\xe1d\xeb\xbbS\x9d\xcd\x94~/4&V=}\
Qw[\xef\xda)\xb7\xdfm\x94\xc7f]\xa3:\xeb\
-\xb2\xa7\xb2\xf2)\xd7v\xd72\x15\xe9\xa8\xdaKu\
\xdc\x96\xad\xa4ww\xa5\xab\x8b\xbcE\x99\xba\x9a\xd5v\
L\xbd\xe3\xd5\xc3\xd3o\x8fE\xf6\xc5RS\xe6\xaeS\
5\x9b\x15\xb3%g\xd1\x15\xf5\x12-\xff:\xbe\xd2\xb5\
\xd3\xf4\xa8\xb2aV\xd5N\x9df\xbb\xcc\xbf\xda+O\
\xabV\x9a\xb9\xa9Ku\xbb\xab<:\xb5k/\xa7\x9d\
R\xb9\xd7\xd2\xce\x99\xc8\xab]\xc4\xa5v\xbdd\x8b\xc6\
GV\xa7Vg\x84\xd8\x89\xd8x\xd3\xbb\xd9v2\xad\
>\xd3\xe8\xb4\xd0\xb4\x89\x13\xe9g\xf0\x9bl\xd4O\xce\
Z3\xda\xd3=\xee\xa5\xceL*c=\xb3R\xeb6\
#\x93\xa1\x9d)\xd3=AW\xf3H\xc8\x8c.Wf\
\xd3\x0b{\xdfTx\xbd\xcd&;_m\xe9\x8e\x18\xfd\
5\xd5\xbe\x91.\xcc\x99w\xca\x99Vz\xc9w#\xdb\
m\x5cE%[\x1a\x13\xcb\xf8E\xb9\xd8=\xa9\x8d;\
\x99\xcc\xceto\xdf\x8bfv*&Q\xf1\x97\xcb\x86\
\xaf\xa3/\xa8\xca\x84\xc5\xab\xb4Ks-1\xc3\x96v\
\xccW\xee\xee\xcc&c\x96_\x9d\xca\x95v\xa5_\xf6\
\xb5\x94B\xa1<!\x80\x01\xaakIc\xbe\xdb\xe5\xd9\
\xdd\xcc*\x7f\xac\x5c|\xa6\x9fm\x9cfU\xc7Uu\
e\xb9G\x88f{Je\x96\xb3\xadl\xeb\x98\xee\x98\
\xd5\xb6C,\x11\x98\x0b\xf1\xd62\xb3q\x92\xce\xec\xda\
z\x94\xa7\x87wm\xc8x^\xde\x9f\xde5\x1e}i\
\xd3\xbd\xa3^\xf2m\x8a\xf9C\xda\xa5\x18l<\xe4\xda\
\xef\xf5%\xe1\xc2\x7f.\x9e\xd3\xc8\x16\xc6\xbcq+3\
]+\x19\xdc\xe3\xb2iGu\xa6_\x96Zt\xcb2\
\xcd\xdcZ\xc5kKe\x0c\xb7]\xb5\xd1\x99\xde.%\
\xf3\xb6\xd2\xbeb\xd31g\xd7E\xb5\xfc\xad\xcawF\
\xd5,wN\xfdY\x9f\x1eK[\x95\xb9Z\xad\xa4\xe7\
\x19\xd2\xf5\x9a\x15\xb1Y\xb3\x99Z\xd2ew\x13k&\
\xbf\xea\x8e\x08w\xcc`\xe3\xd8\xf3\xaao\xb7O\xb7\x5c\
\x8fO\xf5r\xad\xf1\x7f_\x1a\xdb]\xd35Kd\xd9\
\xb5\xeem\xdb~r\xe6\xf9\x87\xdbJ\xaf*U\xfa\x82\
}\xc6+\xde\xd3.\xf6\xac-\xdb6\xc2\xbc\xfc\x17\xbd\
,b\xa6[/\x99t\xb96\x9f\xcf\x8b\xf2\x22\x1dc\
\xd5\xf8\x22[\xde\x88{f\x88\xfd6JF\xf5\xec\x92\
\x8e\xc94\xbb!v[\x7f\xab\x08\x1b\xe6x\xf1\x90\xb6\
Y\x8c\xef\x18-\xb4fq,x\xcc\xb3\x8f\x97\xbbZ\
\xef\x8c\xae{\x8f\x97\xfe\x86\xb1\xe7\xb6\xbe\x12\xa1\x18\xc3\
\x1b7e\xf3\xa5\x16fi,\x0c.\x15\xf9\xadw\x93\
=w;[J\x5c`\xf5U4\x9e\xa7\xf1@\x05H\
\xe4q\x18Q\x8f-\xa9\x14\x9c\x07\x93G2\x91(4\
8\x9e\xc6C\xa5\x11\x91`\xa6GX\xf5\x86\xa9\xca\xc3\
yL \x22$&\xcf\x97I$\xe2@\x808\xb0X\
\x888\x0c\x8d\x88\x03\x83\xe1\xc0\x89T \x0dD\x22\x90\
\x8a\x04\x0c\x08\x84\xf30\x1cD (\x08\x80\x80\x14P\
i(8\x1e\x12\x13\x86\xc6\x83gb\x81\x82\xc3\xb1@\
\x02\x11(4<\x9e\xc56*\x8dG\xa3\xe2@PL\
\x18\x18\x1a\x09\x8a\xf3\x80H8\x11 \x10\x10\x8a\x06D\
\x1a~\x8b\xed\x8d\x042\xe1P\x22\x8d\x86\xc7ab\xf2\
@q*\x1a\x91\xe7\x91\xa0\x88\x90h $\x1c\x93G\
\xd6\xfeIly\xdc\xdb\xd9t\x93I\x04[,LL\
\x1e\x8d\x07J1\xd0\xc7y<\x13\x86\xc5\x82\xe3\xd0\x88\
h00\x98p \x10\x1e\x0c\x07\x8d\x97\xf7m\xfb\xa2\
Z\x97\xa5\xda3\x7f\xac\x9fqa\xf61\x95\x1a\xb3\xa7\
\xbc\xf4\xca\xdd,K\xb4\xb2\xecJ*<*\xedm\x97\
m-\xab*\xaaifY\x16c%\x96a\xb1\x9d5\
\x91\xedn[Wx\xa6LO\xc56\xa5\xc2\xe6\x5c\x84\
\x99{\xc8d\xd8`m\xf7\x1a\x9dq.\xdfx\xd5\xf4\
\xd7\x89[\x96\x95\x86\xabX\xfa\xb23\xc6?\x17\x9b;\
\xf1\xf8\x97\x95\x1b\x0c\x0ap\x80@a8`k\x96W\
\xed\xb0\xad\xb76\xe9\xae~g#+\xec%\xbdB\xb6\
\xd5\x86\xc1c^\xd5\xe2n\xcc\x86\xc9f9,\xfb\x13\
\x9ba\xbeK\xbd]\xda\xd9\xe52\x9dA\xcb/\xca\xb7\
V\xdc\x8a\xc8\x8d\x99U\x0b#\xf3\xdey\xf1\x14\xb5_\
\xa6\x8a\x95\xb9\x94zw\xbcFB\xc3\xfd\xb5\xda\xe6\xd5\
1=\xedGuc\xfc\x11\xe36\xf8\xb2\xa4m5\xae\
s\x9d(\xae\xbdY\x9a\xa4\xa7\x8cO\xb2Sl\x1a6\
]\xb4W\x9du\x22\xb3\xb0*r\xdb2?b\xad1\
\xdd\xb7&f\xb8\xdfk\x84\xcb\x19v!\xd9\x1e\x19\xa3\
\x95\xa7\xcc\xd8\x9fM_\x1a\xe6uWG\xb9\xe4\x9dR\
\xbe\xce\x18#c\x11\xa21\x16\xeb\x8b`\xc9\xd9\x9c\x87\
\xd5,\xcb0\xd3\xbb$3\xddk\xc5T\xb6\xe4\xbfz\
xX\xf4\xa5;\x9b\xe9\x8c}\xcf\x92y\xb3\xb0o\xb8\
T\xdd\xcc\xeb\xbbL\xa9M\x1d[\xc2\xe2\x19;\xfc&\
\xb1\xda\xdb\x96\x138m\x97\x96\x9b\xc9L\xcc#{\xc3\
\xe8nUqw\x1d7\xcdN\xa6\xc8d\xdb\xc2\x5cT\
\xccw\xf9\x1d!sW\x97\x88zW\xc6\x22v@\x1a\
 \x0e'\xa2i\x1a\x08\xe0p\xc0\xe2p$XH\x01\
z\x80\x10\xa0\x03\x04P\xa8\x88@ \x1a\x0d\x12\x8e\x86\
\xc2C\xf2\xc0\xd1`h\x1a\x12gb\x12ix\x1c\x08\
\x93\x06\x12H$\x82\x12\x89@\x18 \x14\x08\x84\xc7y\
\xf04 \x1aL\x1e'\x82D\xe2\xb1g\xf2\xe0\x904\
OD\xa1\xa9@\x9e\x89\x06\x0c\x15\x0a\xc5y\x1c&O\
D\xf3\xc01\x8904x*\x11\xc8c\xc2ABi\
*N\xe4\xa1\x91L \x95\xc63q8\x8f\xca\xd3\xa8\
P\x14$\x0e\x90H\xa3\x9c\x87\x04\xd2T(\x9c\xca\x83\
\xa3\xe2LT$\x0d\xc8\xd3\x80\x10i\x00!\x01Q\xa0\
L\xec\xd2\xce\xfa\xb8\xf7>=Tn\xfa\xc2\x8c\xf5\xfe\
N\xc9u\x5c&e^[{nF,T\xaa\xc5\xd4\
\x94\xcc\xf4\xcdv\xbc\xcaf\xf8\xc5:\xdc\xdb\xeac\xbb\
\x86y\xfe/\xbb\xc2B\xba\x85\xf3{\xda|dKv\
\xe6\xe5\x8f\xca\xa4\xc6(_\xbd\xf27\xc2\xeb\xd5\x94U\
\x91\x9f\xda\xdb}7\xfdO\xcb\xe8\x16l.\xd3\xd7\xed\
\x89\x8d\xd9>2\xee.\xa6\xa6\xa2j\xf2\xde\x17M\xb7\
\x0a\xb5z\xf9\xae\x98\xcc%\x5cz\x19\xf7\xd7_\x1e\xb7\
\xa2\x9d\xda\x18\xce\xc3\xa3{\x9d\xc9\xbb&\x92\xe9\xc2\xcc\
\xa1\xec\xbc\x89U\x0cgjk\xd7\xd6\xe6\xf5t\xaaE\
\x0d\x19=j\x12\xdam2\xe2\x93\xeel\x15\xbb\xf9\x99\
\xc6IWKF\xe5_\x92\x9d\xf1\x9a2\xa1\x98>s\
ZZ\xa76Z\x22i\xf6\xabJ\xa9\xec\xda\xfa\xf8\x94\
\xee\xd5Fe\xb9\xa5?}Y\x9b\x0c\xbf\xf5&\xac\x1b\
\xde\x95V\xec5\x95\xa6i\x11~\x93W\x8d\xf2\x96\xc0\
WX\x15\x87\xf3\xd4\xcf!!\x13\xb1\x08\x8f\x0ck\xf6\
\x09\x91\x99\xc4\xac\xc5K*\xe6\x98\xaf\x12\x8f\x89kE\
\xbf\xadt\xc0f%f4M\xfb\xa8;\xadu\xbf\xd9\
l\xb8\xd5t\xd6\xd3\xee\xecD\xee\xbb-\xe6\x91-\x16\
\x86C\xa8\x03e\xfah$\x85i\x0a\xcd\x8c\x88\xcc\xa8\
\xd0\x1a\xb3\x84($\x22\x90\x87\xe4C5\x8f\x9e\x0ec\
\x11bQ \x0a\x08\xc2APX\x18\x0e\x031\x0c\x05\
1\x08\x8b \x08\x85!\x08B3\x08\x82`\x9c#\xd8\
I\xfa\xc2\x82`\xa1\xc1\xfe\x16\x5c\x86\xe0\x15M\x1c\x08\
\xdc{\x0b'\x13'a;\xa05\x88S\x85\x90\x8f^\
6\xfb\x1c&\xd5[\x85\xcc\xd4\x10\x1b\xccTo\x0c\x87\
\xc7\x16\xec\xee\x82\x9e\xf3\x82\xca\x06\xb1\x05B\xbd05\
X\x02\xa3\xfc\xf6S\x89\xb84\x8b\xa8\xd1\xf6G>\xcb\
\x96\xa0|'L\xb8\x83\xf2\xb6\x07\xc1\x8c\xb8/\xb8a\
\xdd\x01\x18['\x85^]\x15w\xbe\xa6\xc3J^{\
`*\x5c\x0a\x00H\xd3\xd3\x22e\x94\x1b\xa8\x1ep\x9f\
\xdeU\xa3\xea\xdf\x9b&\x7f\x8ck\xbc\xa6\x02\xe3rQ\
\xc0\x99Ns\xcesRT\xe6\x94\x1a\xbb\x1d\xd3\xf75\
\x8c\xa6I\x83\x83\xe4K\xfe\x0a\x96_\x09\x19\xab\xe0A\
\x18\x88\xb4\x85\x1b\xe2U\xe7a\xdc\xab\xb5\x0d\xb1OI\
\x94J\xcd\xe9\xe1]\xc7\x19\x9f\x02&^{\x86>\x81\
\xaf\x1c\xa9\x09\x0d\x99\x92\xf1\x90\xa1\x17UQS\xc1\xe0\
#\x5c\x80O\x19\x8a\xba\x22\x96\xebdo\xfb\x85\xca\xb1\
3\xban3g#\xea\xc5M\xa11G\xad\x9c\xe5\xb0\
w7\xb5S\xd8\xe6MD\x94\xe0\xe5YDa`\x04\
.]\x0b\x90\xdeD\xa1\xd6\xc4\xda\x5c\x06\x00\xcd{\x9e\
EM\x0a+y\xc9=\x982\x0f\x22_\x1a\x19c@\
{\xb1~\xfe6\xaaX\xcb\xd9\x17~L+\xab\xb1\xbc\
F1r@\x04\xd4\x0f\x9e\xaaO\x0f\x9c)1\x9d\xb8\
#\x0d\xa0\xfb\x09\xf9<_\xf4b\xaf:\x92\x8fh\xee\
Y|\xdc\x95C\xc8\xaa\x0bZ|9\xe8\xf6\xe1\xcc\x8f\
\x83\xdd\x0b+x\xa0\xf3\xa6k\xe6 \xc0\xc2q\xa0\xc1\
\xe1\x17\x90%\x98\xe0\xa5_|A\x0dj\x11\x7f\xb7\xc8\
\xaa\x97z\xca\x15\x9a*3\x1d\xceb\xa8\xb5c\xf7\xa1\
\xf2;gQ\xa2\xc1[O\x95\x9d\xc3E\xad\x16\x07v\
\xd9\xf5`\xc5w\x0fu}\xfdy< \xaa\x92\xae\xd0\
\x82\x0e@7\xf1\xd5\xdc\x89d._\x95Dl?\xe3\
R$\xd9\xfb\xf6\xa2\x88\x95\x0f3\xdb\xa4\xc4\xadE6\
YO\xe4\xa91!_\x00JQO\xbf\x89\xab\xfb_\
q\xb8\x8d\x8ds\xbc\xa8\xf0\xbb\xf1f\xf6\x04\xa1\x9d\xa6\
\xdb9~\xa6\x86\x8a\xd6\xd7\x1f\x8e\xeb\xdbY\xc9\x0a\x8b\
\xc2\x83\xeb\xc8\xae\xa8\x84\xf5`\xc0K\xb0;J\xd5U\
\x1b\x9c\xb6M\x10a\x02\xe3\xd3\x0eEx\xd9\x99\xbf\x90\
5 7\x7f\x03p\xef/\x0c@/\xa5\x17c\x86\x07\
\x8dQ\x14\xc1)\xb1M\x99\x1a\x0e\xc9\x861\x9by\x82\
\xe9D\xae\xee\xca7\xb2\x05\xfd\xc8\x1c8o\xceI=\
Y\x88\xaa]\xcag\x18\xf4\x00\x92`\x18wx\xa0\xac\
\x06I!y-G\x13\x14\x8f\x06A\x92V\xa3\x8b\x82\
\xd6\xe4{'\xbb\xc1S\x98\x9b\xaf\xad\xf7\xdf\xef\x22\x92\
X\x8f-\x82\x0b\x1c\x87\x86r[\xdb\x0a{\x9d?:\
\x7f)\x07r:\xb2Sz\x8a\xeb\xfd(\xd4\xa2\xeez\
\xd8\xd7\x0a\x027yN\xe9\xd0\xae\xc3J\xb3\x8d{Z\
l\x9d[\xe8\x93\xc4\x06\xd8u\x88!G\xda\x0d\xa6\x8c\
\x8e\x05\xd2\xee\x840\xd1\xd5m\xcc$b\x0cX\xed$\
\x80@~5\x11el\xc2\x9e\xac\x89\xa2\x9ac\xc4W\
\x18\x82\x22\xd9\xaaB\x15\xc2\x9d\xb8\xfb\x22\xc4\x97\xbb\xaf\
\x03\xa9\x00\xd1s\xbfy\x17}4\x9d\xb9\x96x\xe66\
\x1d\xd7\xf0i\xa9i\xc3w\x0fR\xc1D\x0fO[\xbe\
\xca\xb1*9]\xf8\xb0%5\xd8~\x93D\x14\xf9\x0a\
:\xa1ZJ}\xfb\xa8\xbe\xe4/\x85\xe5\xbd2\x19)\
\xcckb3\x816s\xac+\x82\x0c\xb0:\x9c\x80\xa6\
\x22T\xff_&\xef%\xe4\x957\x13\x91\xc1g\x96%\
$\xb1ND\x0b\x9c\x06\xda\xd3\x05\x95,\xecA\xdf\xa5\
\xea\x02R\x7f\xc9\xb06b\xda\x0et\xfaK\x00^\x04\
\xcd\xcb\xff\xb0\x0a\x22\xac\x91\x85\xdd\xac9\xde\xe1\xa3\xa6\
+\x1d\xf4\xa6\x9f\x8f=\xa9\x0e\x5c\x06\xf6\xec\x8fpK\
\xc0\xc6\xe9\xc8(\x17i\xe7i\xc0\x05e2\xa9\xbe\xb4\
\x18\xc9\x90Xw\xfe\xbc_\xd3<\x88zJ\xe3\xc8\x05\
\xdf\xa9@\xd5\x11$\x8eq'\xff.\x9d\x0e\xa0\x1fj\
|~\x9a\xd7\xfd]$\xe9W\xc1\xda\x0f\x1f\x81\x1a\xbe\
=&Z\x08\x08\x96t\x0d=_\x08\xda\x16\xabMa\
i\x97\xb1\x83\x0f\x8c\x04\x90\x9e\xd5\xae\xee$\xe2?\xa5\
\x22\x00\xdf\x1dS\x18\xef\x09\x9a\x81\x00\x0f\xae\x94\xc55\
5\x04Z#\x9e\x96\x9b\xdc\x0c\xd4\xe1\xf0t\xb0\xc3\x9e\
q=Y\x98?s@}\xa5\xber\xf1.U\xb3\x1e\
\x0a\xe2\xc4\xe6\x85\x1d1z\xb7M\x85&\xc9s\x9d\x81\
/\xa0) :\x08\xb8\xf7\xb5\xb6\x0165ENG\
W^k\x03\x8e\xddD\x90\x19\xd6u\xf4\xa9?\xc5\xf1\
\x8e\xa5\xd1\x0e\xd8\xb3\x0b\xfb,Y646\x92\xf4\xad\
9\xc7\xe0\xab\xaa\xd9\xd2\x83/\xfd\x1e\xa6\xa2\xc6\x88=\
\xeaB\xe2[\x86\xb0\xd7\x16\x91@\x9a7\xeeQ\xfa\xa2\
p\x05\xa9\xa2\xf0\xb1Tm\x83\xb5\x8f\x83\x7f\x99\x94\xc2\
\x88\x0f\x9d[\xd0\xdc\xb2\xe1\xe1\x07\xfc\xcf\xd1\x82J\x13\
XF\x11\xa9\xb6C\xafZDo\x10\xd3QT\x9af\
\xb4uF\x92\xaf\x19Ea\xe1\x96\xd6T\xec+&y\
Cd~U%\xa8\xb0)\xd8\xde\xf1\xeb\xd4\xee\x89\x84\
\x87\x18\xbd\xa7\xd0\xcdg\xe6\xe66\xe9\x19q\x84\xc0\x22\
\xdf\xb5Q\xcb\x19\xea=\xf8\xd1\xaf@SL\xdd\xbe*\
\xb0\x0a\xd7E\xb4\xdck\xc6\xc4\xd83&)_Nv\
\x99\xe6\xf0{\x99/\xc0\xff\xe5\x84\xdb\xf7\x84\x80& \
\xb3\xcf\x8aI\xfa\xae/\xf49\xc3\xc7%\x0a\xa2\xf5T\
\xa1\xcf\x9c\x88\xa6\x87uT\x8cx\xfd\xdb>\xb0^m\
\x0d/f]\xd8\x01\x9f\xc4\xb5\xac1E\x01\xbe\x067\
\xe8\xb6\x81Y\xa50\x1d\x87\xf4d\xaby\x06\xe0\xf03\
%N\xb4l\x5c\xe9\x80\x9cId\xd0\xea\x81GV\x16\
\x1b\x00\x96\xe8\xed\xfba\x85s\xc1\x11\xa8@\xce\xb4\xcb\
\xf7\xe6\xcd\xab\xec\xb04&S.\xec\x9f\x1f\x96\x5c\xe0\
,;\x0a\xbd.\xae\xbe#Je\xeb\xf1\xac\x10\x82\x97\
\x087\xbd\xd2Z\x9e\xcf\x07(\xf9\x99s\x11i\xff\xb1\
'\xe9\xc8\x09\x1f\xc6\xad\xb6\xc2\x0b\x93z#\xaf\x89\x92\
2K\x19\xb6\x8a\xbe\x8d\x1b\xf9\xc9C\xa0\x80\xdd\x7fm\
u\xd0\xb3C\xfd\xc28\xb4v\x85\x8e\x8es\xa1\xcdp\
\x88{A@l\x8f\xd0v\xa1{\xe3\x8d\xee\x83\xb2\x02\
\x87\x00f\xfb\xdd\x01\xe6H5\xd82q[\xc4-\x81\
X\xc2\xc4\x92jS\xbf(\x0a\xc8\x11\xa9\xfe\x8e4T\
A\xc2\x94\x0fn\xafo\xe0\x0e\x00K\xe9yk\xdb\x92\
\xc1\xf0\xb2\x85}\xc0\x00}l7\xdc\x81\xb4\xca^\x9c\
\x8a\x88H({\x18h7\xee\xc7\x01\xf4\xe1\xde\xfa\x14\
\x07x\xf7\x90\xa9l\xb0-\x7f_^\x17\x03\xfeI\x86\
\x06\x02C\x16\x1b\xb7\x06\x9c\xb8d\x18\xd1\x1c\x00\x04H\
k\xdfCC\xa69r\xe5\xf8h;\xe2D\xa6\xd5\xb7\
\xc7\x16\xe1\xe7\xe0\x9b?\xb1sm\xe11\xb7\xf2\xdd\xce\
#'\xa7\xb9^\xc5.\xe8\xeaEFA\xeb}_\x91\
\xedyPb2k.mi\xec\x00\x83\xc5\xda/\x94\
\xa0\x87\xeeT&6\xc2\xdb\x5c\xe8\x18\x86\xc6b\xf8\xa0\
?\x89T\x96\x87\xa5\x9f\xbfIt\x10\xb9a\x84\x7f\xb1\
\xa0\xe7\xca\x92\xb3\x01!\xa5E\xa2Mn\xc3\xfe\xe6\x13\
K\x8b\xbfn\xba\x93%X\x13\x16\x0f\xa0'\x9di'\
QS\xb9t)\x88\x16\xdcnb\xa3\x1463u\x06\
f\x09My\x96f\x8cQe\xbe\x12\xd3\xf5\x8e\x99\xea\
{\xa9\xbfs\xac%bbZ\xb8\xf3\xc7&J\xa1#\
\xbb\x22\xa6\xc77\x8a\x0b%\x81\x01mK\xc6\xea\xe2\x86\
\xd1\x83\x15*\xb4\x8dAG2'\xc6d$(.\x07\
;\xa6\xd5\x99\x99\x94A\x0a<\x87@\xe8\xf9(\x9dL\
\xe7\xe5\x04\xee\x82\x8b\xe9\xe0ks\x96\xa1\xe0r\x10\xf5\
&\xd6\xcb\x990-\xcd4\xfe\x0e\xa3,\x9ee\xa6[\
P\x89\xb8\xd8\xb5\xa6\x9f\xdf\xbb\x96i\x89\x1f\xf7\x9d\xd8\
\xdd\x14\x8aB\xe8:\xae\x87\x13\xf5\x94\x99:\x86%\x19\
\xfab\x88\xbeg\xd6:\x88\xa8\xc0\xe9P\xea\x95Kb\
\xcf\xe3\x92\xed\xe4\xab\xe4`\x9d\xa75\xf5\xe1C\xf4I\
5\xdbT=LGh\x1b%)\xc8R\x99\x09\xa3r\
cZN\x10T\xb4E\xdd!\x9f\x22\xb4\x98N\x15C\
~\xc9D\xe4\x1f\x9d\xcf\x9e3\x1d\xadI\xa0\x97q5\
\x06-2F\x8d\xe1t\x17\x7fn\x1b\x1c\xde\xe191\
3\xb2\xb6\xa8eM\xcb;\x9a\xdd\xc4qq44\xd0\
\x1a\xf2F\x9b*t\xe7\x9f\x86\x8f\x97)\xb3\xa3\x86\x84\
\x1a\x1a\xe8/\xd57\xe5t\xa0\xc69\xcb\x0d\x16\x9a\xcf\
\x08;\xcfNW\x03\xcd\xf8\xbbSP$\x89\xaf*\xce\
\x14D1Ami\xb65u\x87\x14^\xc0\x90'\x9b\
\xeb<\x1d\xf0\x9f\xa6W\x16\xb2\x0f\xfb\x1co\xcd\xc0\xc5\
\xe23\x88\xb0`\xb5%\x96\x04\x9a\x0ek<l\x22r\
\xf3\x03aft\x11U5\xf6Q\x00\x8b\x90\xfdR\xb0\
\xfd!\x0e\x06h\xa0\x15j\x0b8`\x02\xd2T\x8f\xe1\
\xa5\xd1\x8aM_\xb7\xb100\xd9\xbe}\x1ft\xd7D\
\xb2\xc5\xadLN3\xf6\xdbBc\x8b\xb5[\xe8\x89#\
xN\x10L\x91\xc3pf\xf7\xff\x18\xee\xc1p\x11C\
\x07\x98(\xc4\xb8\x00\x86\x06;\x02\xe8\x08\xc0\x10M\xc6\
}\x99\xe4\xb8\x16\x9d\x90\xc8\xffZkg\xa3Z\xdb\xe6\
\xf9\xe4\xad\xfd\xf7i\xba\x93\x99J\xfb\x09\xae\xf7\xce]\
\x95ueG\x8e\x9a\x16\xdc3J\xc3\xcf\xd0\x91\xe6\xef\
a^\x8c\x1a\x9c,\x01CS\x93\xdc\xa5\xb8\xbf\xae\xf5\
\xa3u\xfb\x89y};\x88m\xc3n&\xd6oP\xe5\
\xca\xb9\x83\xeae\xf1X\xb7\x89P\xcb\xb0=\xaa\x93\xa3\
\xc4\x8a\xd2\x99\x1e3\x9c\xa7\x1c\xc4\xa1\xc8\xdbY\x9b[\
\x969\xc6\xef\x095-|\x16Ju_\xa8c[y\
\x0cb!\xbd\x9d\xad\x901\xf5\x19\xd3\xd3?;\xf5\x10\
}\x14\x7fl\xa7\xa9\xdf\x06\x8f\xf7\xfc\xd5\xc9\xe4\xe4\xc8\
8\xc1\xca\xc6\xd3]\x11\x7f\xe9\xa5\x09\xb7\x96\xa5\xcc\xfc\
\xcaZ\x0c\xcdk\x96\xc1m\x03\x88\xafu\x19\xe21\x9e\
\x0f\xf1\xf1c~\xfa9\xa8\xa8l\xf1A\xabS`~\
\x9b\x9a\xf6\xe4gx\xceb\xd2\x85\xe3RU\x92\xb2i\
\x0cS\xd9Xo\x90\xa6\xee<\xf8\xa6\x0e\xb0\x83\xa7c\
\xca\x8b.\xe1\xf2\x83\xa8\x9ea\xae cr\xefc\xdb\
\xc4\x00 \x1dn\xf87\xe9~y\x1c\x8e\x97\xad|8\
:\x1a\xeeY\xeeotpe\xb4q\xf6\x06\xb7\x82\xe2\
\x18d\xce\xfa\xde\x9c?\x09y\x98\xad5\xe7\x16J\xa9\
\xcc\xf1\x02\xdb\x85&\xad\x19\xf4\xe8L\xbc;Vy\x03\
\xc5\x19\xcdO\xc7\x92\x14z`\x8e\x12\x96\x8c\x9d\xb5\xfd\
*\xf6\xffc\x04\x94\xde\xdc==CFC\xcbA\x89\
\x16&\xb4\xdf\x91\x00\xbd\xa3\xe8\x95D\x99\x98:\xdd\xa3\
\x9c\x14?\x87R\x9d)`-\xb4\xc0\x17\x8eV\xc9L\
\x17z\x17(0[\x00v,\x9a\xae$I\x8b7\xa2\
\x11}\xd6\xaa\x82p^}\x05\x86\xce\xa3\x09 \x01O\
\xc0\x15\xc5\x13\xfe\xf0t|\x08\x9cC\x95\x96\xc2\xdfU\
\xe2\x9c\x83)\x7f\x12\xfe\xfc\x05\x96sp\x88\xed\xd1@\
\xd9\x09\xb1wM\xb2\x84$\x9a*\x11;/\xee\xb2i\
t\xc2\xd9\xf6\x87\x9e\xdc\xe3\xe00\xcen'\xd1\x90?\
7\xe2S\xe4\xbc\xcb\xd8\x0c\xba\x1d\xddu\x00\x8e\x10\xf8\
\xe5J\x98\xb0\x7f\xc6\xd2)\xcc\xdf\xbf}\x10\xd3\xaf\x1f\
\x9a\xe6\xc6\xc5\x04\x0e\xbd\x14\x89\x9fy\xf0\x89\xe1\xab\xd3\
\xf3\x97\xc4\xbf5\x8f$\x7fj\x5c\x0bI\xf9\xa1\xa7\x11\
w}\x86\xf4R[\xa1qbX\x94\xa4{p7\x9d\
8]\xf1\x8cp:\x8d\x84\xf4\x12\x95`\x9c}\x197\
\xfc\x01\x8d\x0e\x1f\xbc\x0b\x9c\xf1\xa5T\xc9\x96\x8d8,\
0H\x91\x96\xf0\xb1%\x14t\x10\x95\x89(K7\x98\
P\xf9l\xb2F5^\xe4\x98\x04|\xe6\xe1\xe1q\x01\
H:\x0c\xe9\x8a\xb7g\x06A\xc3\x0b^\xdc\xcepR\
j\xfd=;\x14d\xd3+G\xc7\x87\xdb9\xd4\xd3\x01\
.b\x1f\xee\xb1\xbc~\x8a\x928c\xcd\xfc\xf0\xaa\xf5\
\x8a\x17\xe2\xe0\x12e\xb0uLE\xd6\xadQm\xd4u\
\x01O\xec\xc1,\xa0\x13\xaf\x91 \x07\xd0\xd8\xc4\xc0\xa6\
\xc7\xc9$\x95\xae#L\xb1r\x0c\x84\x9c\x97\xa3\xb3\x16\
\xb6;\x01b\xfb\x93Bg\xa5\x8dE*\x9d\xe8&\x16\
\x87/\x8cG8w\xd03b\x98\xbb8&\x1c\xd9}\
\x1e\xdd\xf0\xca\xfc\x9c\x83k\x17x\xc1M\xc8\xe3k\x8e\
.\x1cb3~\xb8lq= \x19{\xf53r\x1b\
\xb2\x08\x02\xcf\xc7\xcd\x1e\xe5u\x89\xc2\xa8\xf2\xa3\xf5\x06\
\x0c\x80--\xfa2\xd2\xa9+\x8e\x0b]\x88\x10\x7f\xc0\
\xe5\xac\xe2t\xbf8\x5c#,I\xd8\xf6\xbb\x0c\x967\
\x925X\xeagu\x07y\x82v\x22\xdf\xb0f\xd0\xd4\
\x86!\xed\xd3\x887\x5ct{\xa9\xdaE\xf2\xc5\xd6\xce\
\xb4v\xb2*\x81\xef\xf1\xc3\x93\xfa\xd1\x09(\xaa\xab\xba\
\x17\xac|\xdeGF0\xcb\x06\x15\x8b[\xba\xe1\xd0t\
\xbd\x22\xb3|\x0a\xdb\xfel\xab\xcb&\xb3cG\xef=\
8\x22\xefW!:\xc7\xa0\x9ay\xf4F9\xc6\x0f\x90\
\xcd\x14\xcf;`\x048\xa5x\x9dv\xd4k;\xc1\xf2\
\xf2l\x81h\xe6\x1bK\xe5K\xa1L\x91\x97\x98g\xbc\
\xfbaDv\x9e\xc848\xb43\xc4\xf5d\x86q\xf0\
)\xb4\xe5\x01B\xd2\xdc\xe01\xf6N\xe2\x09\x14\xe6W\
\x1eT_\xd8!Qt\x09\x14qs\x5c\xef%&\x97\
\x5c\xea-\xc7W\x8b\x95\xcb\x8dAu8=\x16\x05Y\
\x00\x9fu\x81\x84&\xb3<t\x8c\x8d\xef@?&+\
\x8c|k\xa8C\xebb\xfe\x88\xbc\x10K\xca!\x8f\xc5\
ljQ~\x8f\xcb\x7f\x87\x80\xeeh\xd6\xcc\xd1eN\
lx?\xe6\x10\xd8\xa0\xd9\x8f\x09\xcb\x94F4\x86L\
\x1b\xd9(\xe7(8p\xc8fS\x93\x85\xc0\x0a\xdd\x17\
\xeb\x14\xb3VW\xd8\x08\x5c{j\xbd\x9f7VfO\
\xbc)[\x06\xfc\xb3\x22\x02&(f\xae\x11\x83\xa1\xb1\
\xe0\xe6R\xc6\xe0\x06\xa6\x19\xffpc\xcf\x84\xa7\x1d\x00\
[\x04M\xbf\x04\xb5\x0f\x19\xc3:\xf8\xb0\xe5\xb2\xb9_\
\x91\x82j\xbb\xcdm\xbe\xba\x12\xa3\xd1t\x12:\x00{\
\x94\xe4\x86\xb2q\xa3\x91\xd5\xf6\xa9N\xca\xabo\xdaO\
\xb1?\xbb\x12\x8c\xff0\x91\x99\xa3\x89a}\xf28\xab\
'rn]\xfc\xa5\xe2Y\xef\xd6\xa4\x0f\x7f\xb8\x94\xe4\
\x03m\xe3\xcb\x0a\xe6\xc4\x14\xeeQqz\x93\x9ac\xcf\
\xc0`\xe1\x12\x88S\xc8F\xa9\xd6\xf4\x0b\xd4l\xea\xb8\
A.\xae\xaa\xea\x9c\xabG\xa6*^Hp\x7f\xab\x93\
\xd2|mpQ=#!,tV\x97\xd7\xe3\xd5&\
\x09\x93\xa5\xbfeA\x14\xb8\x0b\xb2L\xca4\xfa\x22\x0f\
\x9b\x9e80\x0e\x0e\x87GV$\xae\xa6\xa0,\x86\x0e\
\x13\x01\xa3\xc3\x06f\x91\xcfkjh\xd3\x0d\xf9\x96\x16\
\x98{p\xc9\xa0\xb2zp\x9aV\xd2Da-\x07\xf6\
\x91\xc4\xd28\x84\xc4\xdf\xf6^\x09/\xb6%\x16|\xa9\
\xae{ \x06\x8f\x10.\x1f\x12\xed#\xfa i}O\
\xb5$YM \xddW\xceW\xd0\xec\xbb\xc3\x13\xdf\xa9\
k\xbc (\x8c\x06RBK \xa2:0\x00S\x1b\
h\xfe\xfa\xa8\x17xRs=nX\xb0\x8b\x90\x8e\x8c\
?\xde/D\xd2t\xd4\x03\x7f^9\xb4\x94\x0b\xcb\xb7\
P\xc0d\xbf\xb6\xf8\xa1peW\
\x00\x00\x10\xe4\
<\
?xml version=\x221.\
0\x22 encoding=\x22UTF\
-8\x22 standalone=\x22\
no\x22?>\x0a<!-- Creat\
ed with Inkscape\
 (http://www.ink\
scape.org/) -->\x0a\
\x0a<svg\x0a   xmlns:d\
c=\x22http://purl.o\
rg/dc/elements/1\
.1/\x22\x0a   xmlns:cc\
=\x22http://creativ\
ecommons.org/ns#\
\x22\x0a   xmlns:rdf=\x22\
http://www.w3.or\
g/1999/02/22-rdf\
-syntax-ns#\x22\x0a   \
xmlns:svg=\x22http:\
//www.w3.org/200\
0/svg\x22\x0a   xmlns=\
\x22http://www.w3.o\
rg/2000/svg\x22\x0a   \
xmlns:xlink=\x22htt\
p://www.w3.org/1\
999/xlink\x22\x0a   xm\
lns:sodipodi=\x22ht\
tp://sodipodi.so\
urceforge.net/DT\
D/sodipodi-0.dtd\
\x22\x0a   xmlns:inksc\
ape=\x22http://www.\
inkscape.org/nam\
espaces/inkscape\
\x22\x0a   width=\x2213\x22\x0a\
   height=\x2213\x22\x0a \
  viewBox=\x220 0 1\
3 13\x22\x0a   id=\x22svg\
4339\x22\x0a   version\
=\x221.1\x22\x0a   inksca\
pe:version=\x220.91\
 r\x22\x0a   sodipodi:\
docname=\x22iso.svg\
\x22>\x0a  <defs\x0a     \
id=\x22defs4341\x22>\x0a \
   <linearGradie\
nt\x0a       id=\x22li\
nearGradient8517\
\x22\x0a       inkscap\
e:collect=\x22alway\
s\x22>\x0a      <stop\x0a\
         id=\x22sto\
p8519\x22\x0a         \
offset=\x220\x22\x0a     \
    style=\x22stop-\
color:#ff9955;st\
op-opacity:1\x22 />\
\x0a      <stop\x0a   \
      id=\x22stop85\
21\x22\x0a         off\
set=\x221\x22\x0a        \
 style=\x22stop-col\
or:#d45500;stop-\
opacity:1\x22 />\x0a  \
  </linearGradie\
nt>\x0a    <radialG\
radient\x0a       i\
nkscape:collect=\
\x22always\x22\x0a       \
xlink:href=\x22#lin\
earGradient8517\x22\
\x0a       id=\x22radi\
alGradient8515\x22\x0a\
       gradientU\
nits=\x22userSpaceO\
nUse\x22\x0a       gra\
dientTransform=\x22\
matrix(-0.197116\
29,1.3554801,-1.\
3155837,-0.19131\
452,-152.05269,4\
75.30024)\x22\x0a     \
  cx=\x224\x22\x0a       \
cy=\x224.0625\x22\x0a    \
   fx=\x224\x22\x0a      \
 fy=\x224.0625\x22\x0a   \
    r=\x227.5\x22 />\x0a \
 </defs>\x0a  <sodi\
podi:namedview\x0a \
    id=\x22base\x22\x0a  \
   pagecolor=\x22#f\
fffff\x22\x0a     bord\
ercolor=\x22#666666\
\x22\x0a     borderopa\
city=\x221.0\x22\x0a     \
inkscape:pageopa\
city=\x220.0\x22\x0a     \
inkscape:pagesha\
dow=\x222\x22\x0a     ink\
scape:zoom=\x220.99\
999999\x22\x0a     ink\
scape:cx=\x22150.84\
167\x22\x0a     inksca\
pe:cy=\x2261.350882\
\x22\x0a     inkscape:\
document-units=\x22\
px\x22\x0a     inkscap\
e:current-layer=\
\x22layer1\x22\x0a     sh\
owgrid=\x22false\x22\x0a \
    units=\x22px\x22\x0a \
    fit-margin-t\
op=\x220\x22\x0a     fit-\
margin-left=\x220\x22\x0a\
     fit-margin-\
right=\x220\x22\x0a     f\
it-margin-bottom\
=\x220\x22\x0a     inksca\
pe:window-width=\
\x221680\x22\x0a     inks\
cape:window-heig\
ht=\x22995\x22\x0a     in\
kscape:window-x=\
\x220\x22\x0a     inkscap\
e:window-y=\x220\x22\x0a \
    inkscape:win\
dow-maximized=\x221\
\x22\x0a     inkscape:\
snap-nodes=\x22true\
\x22\x0a     inkscape:\
snap-others=\x22fal\
se\x22\x0a     inkscap\
e:snap-bbox=\x22tru\
e\x22\x0a     inkscape\
:bbox-nodes=\x22tru\
e\x22\x0a     inkscape\
:object-nodes=\x22t\
rue\x22>\x0a    <inksc\
ape:grid\x0a       \
type=\x22xygrid\x22\x0a  \
     id=\x22grid490\
5\x22 />\x0a  </sodipo\
di:namedview>\x0a  \
<metadata\x0a     i\
d=\x22metadata4344\x22\
>\x0a    <rdf:RDF>\x0a\
      <cc:Work\x0a \
        rdf:abou\
t=\x22\x22>\x0a        <d\
c:format>image/s\
vg+xml</dc:forma\
t>\x0a        <dc:t\
ype\x0a           r\
df:resource=\x22htt\
p://purl.org/dc/\
dcmitype/StillIm\
age\x22 />\x0a        \
<dc:title></dc:t\
itle>\x0a      </cc\
:Work>\x0a    </rdf\
:RDF>\x0a  </metada\
ta>\x0a  <g\x0a     in\
kscape:label=\x22Eb\
ene 1\x22\x0a     inks\
cape:groupmode=\x22\
layer\x22\x0a     id=\x22\
layer1\x22\x0a     tra\
nsform=\x22translat\
e(160.78572,-477\
.29077)\x22>\x0a    <r\
ect\x0a       y=\x2247\
7.29077\x22\x0a       \
x=\x22-160.78572\x22\x0a \
      height=\x2213\
\x22\x0a       width=\x22\
13\x22\x0a       id=\x22r\
ect8511\x22\x0a       \
style=\x22opacity:1\
;fill:url(#radia\
lGradient8515);f\
ill-opacity:1;st\
roke:none;stroke\
-width:3.5433070\
7;stroke-linecap\
:round;stroke-li\
nejoin:round;str\
oke-miterlimit:4\
;stroke-dasharra\
y:none;stroke-da\
shoffset:0;strok\
e-opacity:1\x22 />\x0a\
    <path\x0a      \
 inkscape:connec\
tor-curvature=\x220\
\x22\x0a       id=\x22pat\
h9793\x22\x0a       d=\
\x22m -152.78572,48\
1.29077 -3,0 0,3\
 2,0 0,1 -2,0 0,\
1 3,0 0,-3 -2,0 \
0,-1 2,0 z\x22\x0a    \
   style=\x22fill:#\
ffffff;fill-opac\
ity:1;fill-rule:\
evenodd;stroke:n\
one;stroke-width\
:1px;stroke-line\
cap:butt;stroke-\
linejoin:miter;s\
troke-opacity:1\x22\
\x0a       sodipodi\
:nodetypes=\x22cccc\
ccccccccc\x22 />\x0a  \
  <path\x0a       s\
tyle=\x22fill:#ffff\
ff;fill-rule:eve\
nodd;stroke:none\
;stroke-width:1p\
x;stroke-linecap\
:butt;stroke-lin\
ejoin:miter;stro\
ke-opacity:1;fil\
l-opacity:1\x22\x0a   \
    d=\x22m -170.78\
572,480.29077 4,\
0 0,1 -2,0 0,1 2\
,0 0,1 -4,0 0,-1\
 1,0 0,-1 -1,0 z\
\x22\x0a       id=\x22pat\
h9799\x22\x0a       in\
kscape:connector\
-curvature=\x220\x22 /\
>\x0a    <path\x0a    \
   style=\x22fill:#\
ffffff;fill-opac\
ity:1;fill-rule:\
evenodd;stroke:n\
one;stroke-width\
:1px;stroke-line\
cap:butt;stroke-\
linejoin:miter;s\
troke-opacity:1\x22\
\x0a       d=\x22m -15\
1.78572,481.2907\
7 0,5 3,0 0,-5 -\
3,0 z m 1,1 1,0 \
0,3 -1,0 0,-3 z\x22\
\x0a       id=\x22path\
9830\x22\x0a       ink\
scape:connector-\
curvature=\x220\x22 />\
\x0a    <path\x0a     \
  style=\x22fill:#f\
fffff;fill-rule:\
evenodd;stroke:n\
one;stroke-width\
:1px;stroke-line\
cap:butt;stroke-\
linejoin:miter;s\
troke-opacity:1;\
fill-opacity:1\x22\x0a\
       d=\x22m -159\
.78572,481.29077\
 3,0 0,1 -1,0 0,\
3 1,0 0,1 -3,0 0\
,-1 1,0 0,-3 -1,\
0 z\x22\x0a       id=\x22\
path9835\x22\x0a      \
 inkscape:connec\
tor-curvature=\x220\
\x22 />\x0a  </g>\x0a</sv\
g>\x0a\
\x00\x00\x0bN\
(\
\xb5/\xfd`\x83K%Z\x00Jx8\x14*\x00M\
\x86t\xc3\x18\xca\x10\xb4\x88eC\xb1$\xb7!\x05\xd1\
\xb1\x18\x84\x81M`4\x16\xf7\xae\x88\x88\x88@\x0c\x0a\
\x81o\xd1\xff\x7f]\x15D\x5c\x01\x1f\x01 \x01\x89\xdd\
KI4\xc8Lm\xd0\x96\xca\x14\x7f=A$\x91\x08\
\x1c\x0c\x0e7T\xcds8\x94\x1bv\xbeZ6\xa7\x9b\
w+\x9bSps|\xe9jG\xa1h\xcdu\xed\xf2\
]\xbdX\xb9\xd9\xc2\xe4]\xb9\xc9\xdd4M?\x17\xbd\
\xbc\xbd`\xd5|\xe7l9\xdb\xa6\x8bY\x1b\xa7\xfdz\
\xff\x83B\xa6\xf2!Q\x14(\xa2\xa1z$\x05\x0b\x04\
\xc4$AR\xc3<\xa8\xa1\xa2\xaaG-\x16\x92\xa2\xec\
\xd9!UT[\xcfU\xf4\x1e\xc7M\x07L\xee5\xb5\
x\x8e\xc2\x02\x94\x16\xd1\xc30\xa8\x18J\xa2\x91\x1c\xc4\
w\xefNI\xbf\xc9\xb1\x1a\x13\xa1\xab$\x9c\xa7Z`\
<o\x81\xb5\x92X\xa8\x9c\x07r\xa0^\xe3\x1c\xd4k\
\xb8\xc8\xa9\x1cL\xa6\x00\x07\x0a8T/\xc2\xb7x\xcd\
\xf4\x90(t@\x11\xc4!3\x97\x89\xb8*j\xa0\x18\
f\xf7\xb0yh\xad)C\x16\xce\x84@ET$5\
\x1aR\xf3\x18\x9e\xa6Q\x0e\x8az\xa0\xaa\xe85\x1e\xf4\
\x0e\x8d\x03M\x0f\x87\x92h\x1c\x04\x15%Ir\xc0`\
\xa0\x14\x0e\x0e\x160L\x92p`L\x12>\x08\x81@\
\x0e\x07\x84\xa3\xaa\x16\x12$\xcf\xe1\x1a\x8aA\x84@\xb2\
P=\x90\xc4y\x95{\x13\x01\x09\xc3\x00\xa0p\xb0@\
\x00E\x8a\x94\xc4\x8b$\xc89\x91\xab\xa8Da\x8c\x01\
\x0e<\xa0$\x18\xd1\xe3HM\xf4\x12%Q\x95D$\
=\xd4\xf4\x18\x12\xa8\x11\x11@!\xba\xd0{w1|\
^f\xcc\xcdNlm\xe7]\xfc\xef\x87~n\xd5\xe5\
\x9e\x5c\xb9\x87\xe1\x15\xe0<\xa0\x01\x22\xf7P\xd4\xc3\x1d\
\xf0\x16\xda\xcf\xd3\xab\xa0g\xb1\xad[K\xb6\xb8\xe1\xeb\
\xda^g\x9am\x02o.2N]<\xb9\xe9\xa3>\
\xb3\xe8\xbd\xca\x89\xdcL\xdd\x91\xed3g\xbb\xe8\xcb\xf8\
\x97\x9f\x99\xbe\xa3?\xefw\xa3j.w\xa6\x9c\xcd\xb6\
\xb1\xde\xc6\xe5\xbf|nS]\x89\xc9(s\xeb\xb5\x18\
\x931\xdb\xe5\xbe\x92\xdd;\xfd\xdf\x17&\xb3\xac\xf7\xe5\
\xda\xcdX**\xb3\xb0\xd6\xfeM\x17sa\xac\xff3\
Q\x13D\x9e\xa9r\x8d\xed\xc6\x8b\x9dU\x7fa2C\
\xd6\xde\xef\x8bqq\xe3}\x96,[\xe2/\xdf\x94\x9b\
62kk\xd7\x1b>\xeb\xba&,\xcb^\xe8Kc\
\xaa\xcd\x8b\x99\xe0U\x0e\xaa\x94Dc\x92\x16T\xe4&\
\x07\x1e\xf5@\xa4@\x03\xd3\xa3\x1eJ\x82\xaa\x9e\xe8\x01\
F?c\xd86u\xff\x97\xb1ukP\xc6\xfc\x17\xf2\
+\x09e\x04%\xb1x\xd3\x02\x82jp\x10\xc8)\x09\
\xe8\x90\xb82:fn[\xe5\xe5\xdc\xbb:q\x17+\
\x89\xe8a<\x93\xc4\xb0\xee\x16\x0d}\x0d\x9e\xc6\x13q\
\x0d\xdf\xd6\x95l\x95\x89\x1eHDR(\x98\xf7\xa0\x9e\
\xf3<\x1e\x05\xb9\x89\x01\x91\x16(}\x0d\x0e\x9a\xa6G\
\xc4\xf1`\x1e\x8d\xe4|kv\xc5\xdc\xc5\xc9\x1a&\xb3\
\xb6\x9a7dIj\x00\x91\x1c\xb7@\xe5\xc1O\xcf\x99\
$\xc5\xe21\x9c\xc3)\x0e \xefap\x0e\x0a\xcby\
1{\xb92\xb6n.Md\xef\xd9\xcb\xa8\xbd\xbd\xec\
\xab\xa8\x8c\xaf2*\xfb>\xb2NX\x8cec[]\
\xd6boc\xe9\xaf\x8b-\xfb\x85\xae\xa9\x8c\xd9&.\
\xd6\x9e}%\xb2f>a\xb55.\xa7.\xda\xdc\xd6\
\xf1\x9fY\xbey\xd3\xffn\xdd\xd4\xb6\xca\x8a\x9b\xad\xfd\
\x19s;\xdb\xf6\xf6\xbe6c\x9f\xcd\xa0q\x90\xa2i\
xu?\xfa\xf4\xab\x8bYd\xad\xea6>+\x89\x86\
\x85\xee?\xfbde\x87\x1cs\xabp\x0dC\xf8\xdf\xfd\
go9\x08\xcf\xce\xcd\xd8\x8c\x9b\xb3\xc5\x18YY\x1d\
\xb51\xdc\xcb\xdc\xb1\x97\xedo\xff\xae\x92\xc0\xea\xec\xde\
p1K\xfb^\xc7T]\x9a;\xf7&/\xed\xd4\xcd\
~\xd5\xb3\x00Imk\xb5L\xfc\xee\x5cM\xf3\xd7g\
g\xf6j\x0cs\x17g\xdb\x01\x07\x0b\x18\x0c\xd4A\xa1\
[[l\xab\xc8\xabr}2\xee[+\xb4\x93\xd1\xfc\
\x7f\xbb\x17\xde\xb6\xf2uIO\xa0oL\xd7\x99\xbb\x91\
\x15J\xfaY\x97v{\xa6\xde\x8c\xbc\xcb6\x92fO\
\xd6\xd2\x9c\x8b\xb7\xd6t\xdbZ\xd6dI\xd8j\xb2l\
\xd9\xb5\xb4\x5c\x5c\xcc\x8c\xfd\xf2\xcc|\xc5o\xec\x8c-\
\xae\xff_L&in\x8f\xb9<\xf3\x16\xb3\xdc\x1b\xbe\
f\xee\xe3/\xdb_\xe9\xe9\x98\x03$\xcd\xb3x\x18F\
\x01\xf5\xa0\x1c\xe3-\x80h\x80\x9e\x86[\xbc\xc6q\x8b\
\xb5\xd0Tor I\x81\x80T\x91{&\xc7\x00E\
\x08\x05\x11G6\xe25x(\xa6\x8a\xa4\xd5\xc5\x0c\xc6\
R^\xec]Mh&\x97\x80\x90\x001\xbd\xeaER\
\x84x\x0c\xa4I\x01# \x16\xfc\x1c\x89L\x0dra\
\x92\xe5\xce\xd6\xa2\xeb\xc2\xdd\xd9\x0c\x9fIZ\x95q#\
[2i\x92\x7f~]\x5c^\x16\xe3\xa5\xb8\xcd$\xed\
\xac-\xfd\xa9\x9d-\x9f\xb9Z\xa8\x9c#a\xf7\x19;\
S\x99\xa5r\x9e#5\x1c\x0fi\xd2D\x82\xa0\xc7\xf0\
$\xa0$\xa0\xa7p\x10\xe3\xf0\xa0\xeaA\x00\x82\x9e\xaa\
\x81\xc3\xd3h\x9c7\x1d\x14\xa0F$\x80\xc7p\x8dg\
A\xe5\x10\x8d\xf3\x90\x14\x8e\xc1$A\x80h\x1a\x03\x0a\
`\x00\xb1p\x94\xe5*\xe7\xb8\xea\x05\x82\xb3\xa8\x02\xc3\
\x9es\x88)\x22\x91\x91$I\xa6\x03\x82)\x06\x82\x81\
\x96\x06b\xcaz\xc2h<\xc4a$D1\x0c\x89\x10\
B\x08Q\x84\x10\x22 \x84\x18B\x04\x8c\x88\x08\x89L\
\x8ds\xea!\x89N!-\x96\xaf\x14\xe40|\xe4\x92\
\xedI\xa1\xc9\xae\x03\x97\xe9\xffim\xc3l\x09\xa6\xd3\
M\x8c\xec\x11\x8a\xf1+x`\x87\xc07\xe5Q\xacZ\
'\xbe\x9e\xadS\xc3\xddM\x90\xcd\x17\xf3\xe3\xba\x0a\xc0\
\xed\x89\xef4\xabw\x0e\xe3\x18\xd3\xbf\xc0\x13\xf0\xa1D\
]L\x89\x9d\xbb6\x1f\x04\x82\xac)d\x01r)\xc1\
:l\x14]\xb8~DU-W\xf3\xf5\xf4\x0c\xe3\x05\
\xd7\x07\x06\x91\xf0\x9bA 0\xc6\xc5\xa7\xbc\x837\xd6\
)\xa9\xaa9\xd6\x03\x80\x7f\x84\xcb\xdd\xc3\x10\xf0\xc5\x80\
\xc0\x8c\x92\xc0\xa3\xed\x0c\xba\x19\x13\xd7\xde\x91W\x04\xea\
\xf3\xfd\xc7\x9d[\xef\x137\x14f\xfa\x85d\x88\xb3\x88\
{En4\x11\xb8o\x0c\x8d\xb8\xea\x07rd\x0d\x01\
\xa1\xaa0\xec}\xb4Yq\xc7W\xfd\x86aA8\xef\
\xea,>\x06\x87Z\xbaVb\xb0a\xc9<\xf3\xea\x15\
6h\x0e\x0af\x1fA8O_\x0e\x88M\xf7y\x82\
\x09\x9b\xba\xb2\x93\xefo\xd2\x04\xbb\xb7\xfe@\xc7\x8f\xe8\
U(\x99sDV\xf0\x17\xe0\x8b\xcfZ\x7f\xfa%O\
\xe3I\xd7\xae\xdfGWOp\x9du\x01\xa7\x00\xc1\xec\
4\xda?\xff\x0f\xc88K9@\xe7\x86>\x83/\x91\
\x7f\xfb\xa1\xbc\xa2\x8f\xee\xebV\xb1\xa1\xde(\xecnh\
\xa6\x80S\xb3\xfd\x006w\xc0\xd0\xd6/[\xcd\xfe\xd6\
V\x18f\xec\xdd\xa2\x89\xe9\x0b\xcb\x02\xb0\x98\x15\x00\x9e\
\x8a+\xc2\x14;\xb3(\x8d\xc0\xf8\xdcf\x22\x92%\x84\
\x9b\xf38\x16l\x22nag\xf8W\x09\xc2K\xa6\x99\
\x1e\x01\xef;\xe7)\xf0G\xba\xb4\x1f\x82\xb1\xd9t\x07\
6\xe7\xa4\xb8%\x0fG6fv\xe3\xb0P$6s\
\x10 \x87x+C\xa8\xcb^\xd28\x8b\xf5\xc3\xf8\xcc\
p\xc1\xa4\xb9\x1dHdI9\xff\x8e\xa3\xdb\xc4i\xeb\
V\xeet3\xe1T\x9a\xac\xce+\x10\x1bhU\xc3\x87\
\xfa\xfb\xc9k\x85\xb9\x1a\x86\xa3<^e\xc0\xe0C\xba\
\x84\x9c~6\x10\x06\xe6\xfd\x9c\xb2\x0d\x16\xe6\xcd\xca\x8e\
\xe5hQ\x12\x8dyL\xd4\xcdL\x1f\xd0p\xcb\xb4!\
e@\x22\x0c\x10\x14\xf8##bm5\x1f}\x81\xaf\
\xe1\xdd\xce\x89X\xd09)\x22\x84\x18Ij\xc2Zu\
\xad\xa1@\x92F\xe6v\xfa\xdf\x9e\xb1\x1f@\xfaR\xe7\
\xdd\xde\x94\xdb\xdb\xa0\xa4m\xb4\xfd\x1b\x02\xa6o\x00~\
n\x5ce\xbb\xa3zL~\x8b\xc2\x81\x15\xed\xa4\xc2\xcc\
\xcbA\xdaZAp\x8aN\xaf\xedm\xd6\x03\xbb\xa4O\
\x0a\x02d\xd3\xa2\x18T5\xf0\xf5\x80\xbd\x01\xae\x19<\
\xae\xb2&fzUy\xf5\x1b\x1e\x1e\x91\xdd\x02\x07\x95\
Y\x0b\x8e\xbb\x02y\x1e\x8a \xb3\x83^\x00SMT\
B\xa0-\x86H\xcf\x902\x8b\xaa\xa8,\xc2\x7f\xb9\x04\
\xf7\xf9\x8e{\xe6\x0b\xc2\x12m\xed'b\x10\xa2\x18\xe9\
*\xd3Q\xab\xe4{\x8a\xcc\x0f\x03\x13\xa8\xfd\xa90d\
\x94\x1a\xc1\x9a\x1b2\x9ax\xa9\x903\xdd*\xf2\x86w\
z\xac\x81\x8c\xa7\xacD\xf6-\xc6\xbe\xb2\xd8\xb6\xa0T\
\xad\xe8\x83\xf9Z\x06\xc8\x99Sf\xfc\xb8\xf9\xd7\x01~\
\x16\x8d\xd7\x87*\xbb\x9d\xea\xff9!g\xbb\xc3\xd9\x0d\
[\x99\xc5\x01\xdb;\x9c\xef&\xd6v\xe5\x9f\x87\xaaG\
\x19\xc8\x86\xdc\x95\xe9\x94\xeel\xbc7Wz2\x8bD\
\x5c\x85W\x01$\xc6\xa7;\xdd\xa5\xf7\xbfY\x14\x1c3\
C\xc1\x01\x19\x85\xec\xc54\x0e\x11.\x11yX\x91\x97\
\xea5\xc5z\x81i@\xd7c\xc0\x08\xc1/[\x1e.\
\x8c\xd2\xf18+*~\xf9\xebmQ\xf8d\xf5\xc2\xdb\
^\xdf\xf8\xa5D\x03\x8c\x0b\xd2\xe3\x8e\xd9\xf6\xebI\xe7\
y\xf9\x0f\x01\xdf>\x8b\xa0\xf5\xbanW\x03\xf3v\x0f\
\xf6\xdb\x15l\xcb\x9c\x16\xcc\xedG$\xe6{\x86'h\
\x01\xb4b\xb4>\xe5*,d\xb5:\xfc#\xd0\xc9}\
\xb2g\x0f\x84\xea\x91*\xa8x\xe3\xdb\xb3\xc2m\xbfV\
\x22q`+F\xdf6t\xea\x05\xea\xd4\xd4\xb6\xbf\xfd\
W\xf2\xde\x97[\xfd}\x8b|\xe6\xb7^\x9a;\xee\x81\
H\x11K\xa1\xef\x10FFA\x0d\xa4`D#\xeeh\
\xa9\x90V\xa5~\xbc@qa\xb8\xb9\xd4\xe3\xd1\x0c\xa3\
\x92:\xd1F\x0e8\xba\x86\x991\x80\x85\x8b\xc3kj\
\xfbr\xd9\xb7\x9d\xe8\xc3`\xe7\xc7\xfc\xba\x96\xef\xf3\xac\
\xfa+\xb7ar\xbe\x8f(eC\xf9n:\xb3\xff\x81\
*%\xbb+\xf4\x13N\x82\xdbD\xc5\xac\x81p\xa7\xf5\
\x97\xe2\xda\x90vR\xcb\x9aX\x91V\xca3V\x8c\xca\
\x0fJ\xf7\x00|\xd6\xa9g\x13\x0a\xf6\xa4\x84\xf0\x5c\xe0\
2\x16\xf8+\x98\xbfa\xaf\xf9\xc0\x03\xa0\xd7\x7fS(\
-zNtSW\xde\x0bX\xd7\xd9h_\xce\xa6Z\
[@\x15\xb1\x1c(\xae\x9f\xdd\x5c\x94\x8ba\x0e\xd0g\
\x1dV/\xa02\xe0\x80{\xe3\x0e\xba\xe5\xde \xa4\xad\
\x08O\x04\x0c\x0fS\xfe2\x82\x1b=\xaf\xad\x83X\xcf\
\x93\x1f\xca\xd0\xd1\x85z\x5c\xf7\x9bz\xcb\xebX \xa0\
y\x14<\x93 .\x15\xf0\xdaB)\xc5\xa8\xe8\xf8\xc9\
l\xd1\xf1\x92\x8c[\x94\xc0ZWTd\x12\xb5\xd5\x0d\
\x8eF\xd2\xbc\xbfb\xc9\xc3o\x086\x8a\x92a4r\
\x05&\xf6\x83$\xf4\xb8\xcb\x19\xe2\xe3\x87\xc7oe\xf0\
\xab\xe1]\x8d\x93\x8d\x95\x88\xf5\xd9,Q\x1c\x13\x8fs\
\x16N\xac\xd1\xbe!)\xb1\xde!\xf0\xfd\x9ct\x16\x96\
\xe3\xcaT*^,\x84\x84d\xaf|\xa0\xea\x94\x9eA\
\x082\xc6\x96\x1aO\x898U\x8e\xcf\xe6\xc6g \x0b\
\xf9\xc5\xf9\x15\x5c\x14\x9c\x1az\xf2\xf0\xf1\x9a\xc0\xc6\x10\
\xfe\x83\xc2\x88\x97\x22\x0e\x13\xc5+\xf6\xf5;\xca\x06\x81\
\x00\x15i\xc3>\xe4|\xde\x9cE\x16\xeb\xbeW\xc2!\
\xcbDI?\xbf\x0e\xf8\xc5\xb8H\xd3\xa0\x83\xcdX\x8c\
\xa2\x1b\xc3u\x90l\xc4*_Ur\xb8Jm,4\
QT/7\xd3y\x8b\xe8\x12u0\xef\xb3\x998_\
\x84\xcd\x01g\x0d Xs\x1b\x12<OB`\x7f\xa3\
a\x09\x88NwI\x97\x8c\xf6x\x0c\x0c\x1c\x9e9y\
\xc8\x980\x08D\x16=K\x94Q\x81nG\x99\x96\xe0\
\x19\xfdl\x8a\xa1\xeay\x92 \xf9\x04\x18\x01Y\x10\xe5\
;\xacx\xd2\xaa\xed\x99\x1fc\xa6\x13M\xfb\xefZ\x9c\
Am\x22\xae\x8aJ\x1bF\x88\x8e9 \x12\x05s\x09\
Z\xf6\xd6\xf4\xe4\xb57\x86?\x5c\xb2Z\x01\
\x00\x00\x07\xe2\
(\
\xb5/\xfd`\xe2'\xc5>\x00ZRx\x0e(\x00O\
D\x0f@:\xc8DHy\xb2\xaa\xe0\x1b\xbc\xcc\x0e\xbc\
B\xc1\xf7uX\x8e\xc4\xc8\x12\x92\x92\xdfz\x8b\x81\xa5\
\xaa\xaa\x22\x80\x11\x01\xf5\x00\xe6\x00\xcc\x00O\xd3(\x05\
\xae7\x081 :\x99\x87\xdd\x9d4+\xc4\x84\x07\x9b\
TG>\x1emZ\xc8\xa7\xa1\xc0\x8a\xa2\xc4\x80&\xa6\
J$\xf3\xd0\xf8\x00E\x94\x843\x1f\x84j\xadVI\
\xe6\x81\x88\x84\xa8\xe2_\x8b\xe0v\xdc\x94\xc4\x03\xd5\x06\
\x03\x92\x8d\xd6J\xa2Q\x1f(\xd2L\xd2\x89\x8fI:\
\xa2\xf4\xd4g-\x93\x00B\x82\xa6Ji\xc9\x85t(\
dN\xeb\xd1\xecn3\x92X\xa5\xc9\xc40\xddMo\
\xf3\xff\xcc\x22\x8b\x87\x06\x98\xa4I\x9a\x0e\xc7t\xa4\x03\
\xe48J\xc3\x8b\x9b\xa9J\xd2!#\xd98OD!\
\x0f%\xe1<\x88IRJ-0\x1c\xa6\x86\x85\x85\x02\
\x0c\xa3\x18\x1a\x06\x9d\x0bZ\x91H\xa4i\x10\x8fZ\x1b\
\x02\x94|Dg\xaa -P\x8d\x0aE\xd4#k\x94\
\x14\x81b\x18\x00\x0d\x0b\x05\x0c(SR\x12R\x9aQ\
|\xa4X'\xa5@F\x01\x84\x08J\x82!A\xcft\
$\xa9\x94]\xac$\xa4\x09MT:\xa8\xc8!1\xd0\
\x10\xbc\x8a\xbdn\xfe\x9c\xb3\xe7_\x8cQ\xaf\xb9\x7f\xbd\
\xbc\x17\xc7\xbe\xb8\x15\xe4n\xd8Z\xaf\xc7\xda3*\x1d\
\x86\x81!ko1f\xe1\x86\xcc\x96\xc7\xeb~\x1b\xb3\
\xb8\xbb\xff\xde\xc5\x02$\x10m\xd4\xf8`\x80\xcc\xb2\x02\
d\x8d\x91\x92\x98\xa4H\xab|\xa6\xe3\x01\x99\xac\x18H\
E\x8c\x182\xaa\xd0\x82(\x82\xea\x83\x06rH:@\
2\xa2\x03*P\xa3\x83\xce\x05\xc2y S\x11+\xd0\
)\x01\xe18\x0a\x128@x\xac\xf1\x89U:v\x22\
y\xe4\x03\xe4\x80$\xd11q\xbd\xbc\xfd\xccHP$\
\x8a\x8a\x191\x98G\x94\xa6)\x8a\x0b\xf9L\x89\xa1\xa0\
\x98\x92\xa9B\x12\xc4\x01\x91L\x85\x82\x91\x10Z)#\
2\x1b\x93\x9c\xc4\x88\xa9\x92\xa4\x14\xd2\xcd\xdcc^\xae\
\xbd\xef\xb6V\xe2\xfc:c\xb6\xd81\xe7Cd>\xb1\
1\xed\xa4B\xf3Q\xf9\xd0\xa9X\x04P\x12tF\xd3\
\x91\x8c\xf8\x90ST\x04\x8b=n\x0e\x97S\x8d\x97\xd6\
\xea\xf1\x02\xbf\xb91\x08\xf9\xad\xa6\xfe\x99\x83\xbc\xb0\xed\
^P\xf5[\xdb\xcfx5\xab\x06\xed\xef\xf9r\xcc\xcc\
]\xbf_\xbe\x8c\xf9\x9f\x19\xfc\x9f{\xdf\xeb-\xcc\xb6\
\xad\xb68\xf8\xdc\x96\xc6:)\x8b\xa8rZ,\xa6\x9c\
DJ\xe3\xd3\x10PD\xa5\x04M\x0aR\x82\x22^\xff\
]\x8b\x90\x15&\xad\x13\x81I\xe5\x834%\x84\x8c \
\x94a6\x06@,\x080\x22\x9aT\x07M\xb0\xb9\xe5\
\xefu{\xb7\x85\xdc\xd6c\xee\xfd\xa5n\xd7\xb9\x1f\xe4\
\x07a\xdbo\xcd\xa0\x11\x9a\x16\x8f\xb4\xf3yP\xec\xbc\
\xdc\xed\x8d-T\xac\xb9^\xe5\xae\xa1[\x1a\xf3\x07y\
\xb5r\x08\xf71\xc7\xdc-V\xdf\x1e\xb6o\x8eWS\
\xdb\xbe\x9aY\xa0\xfb\xc2\xeeo\x8f\xd7*\xd6\xee\xbdW\
/\xce\x01\x0b\x05\x18\x0eS\xd3\xc0\x16\xec5j\xdf1\
0cW\xdcc4\x0d\xee\xf1[\x969{P\xed\x99\
\x851\xaa\xed\xe2\xd81\x07}=(y8RRH\
\x8d\x0e\x14\xe20tVi>s\xa4\xb6\x15cG\xed\
*\xf7\xfd^\xdf\xef\x90\xadwfj\x85(Z{\xfe\
\xeey\xa6$\x1d$\x7f\xbb\xe7\xf7g`\x08\x1f\xaen\
^\xdcA\xc8~A\xc6,\xcd\x19\xe4\xdfm\xc6s\xdf\
\xbd\xd0_kv\xefZ\xf7\xb3m\xbc\xde\xad\xdf\xbb\xd5\
XC\xd7\xcb\xfe\x0e.\xf6\xbc\x1d\xf2\xb7un\xf1,\
\x16o\x99\xa1}\xaf\xe5\xe6\xe5\x98\x85Y/\x5c\xf8\xfd\
c\xffv\xc7\xcf-\xecf\x0f:\xfc\xc6\x18d\xfb\x98\
\xbb\xef\xb3e\xd0\x7f\x9b\xf7;t\x16)\xf6\xd8?\xb6\
~ip\xdd[[\xae\x5c/c\x01\x81\xdd\xa8\x91\xa9\
C&33)(Ha\x99\x03a\x0cc d\xcc\
\xcav\x92\x81\x1a\xc2H\x8aa\x840\x012\x88\x10b\
\x90HD\x02\x09$@\x81\x04#\x0a\x936\x07\x1aT\
\xe2\x1ajg\x10\x0f\xb3\x85\xb4.g.\x9a*\xc7\x13\
\xe83\xa5\x10\x16\xe9\xe8e9]\xa5\x8b\x97\xf8\xb1\xba\
E7\x0e\x1eL@\xb1O\xe4L\x81\x18\xfa \x9a\x01\
\xd2\x9a\x81^\xc9\xf3\xed\xef5\xcd\xb8w\x8c\x06\xd2\xc1\
\xdd4\x871\xc5}O\x03\x103\x9d3B\x10\xc5.\
:0CU\x8bl[\x08\x9a\xc6\xda\xad\xd0\xc9\xb5\x86\
\xa7y\xa1Z\x10\xc3\xf1\x17\x1b:,SW\xa2Kb\
\x18\x9d\xaa4X\xebA\xb4D\xb0\xe0\xd6\xb2lxt\
\xf1J\xb9\x8c_\xf4\xa2\xa8Q\xb0\xd4\xd3\xa2\x1a\xd2;\
\xcd0A\x19>%\xd1\xe4-\x0e\xbc\x5c\x0cC{\xa3\
#\xf9\xb9B\xdc\xd49\x93\x87\x03\xb1x\x9d\x19\xbd\xb3\
CM\xa1\x08\xd4\xbd\x95!\xd7^\x15\xce\x06\x88b:\
\x16>\xb3\xf0\xaa8s3z*v\xc4\xefb\xe2\xe4\
\xa7\xd4'\xfb\x17\x0c\x9e\xd5@!'\xdb%\xae\xaa\x1c\
\xd1\xaa\xe7\xc4*b\xaeJ\xd5c\x93p\x05\xa5R\x89\
\xa4`\xa0\x0f\x0a\xd2\x0d\xd6z\xca&\xe05Tqj\
\x08\x8cP\xa6\x05\xb0\x08mP\xf0\x80\x9b\x93\xfb\xf1\xf4\
\x9a\xb0P\xf7X?\x9eVP@\xfb\x14H\xf3u?\
\x1a\xf4\x9a&\xec\x15\xca\x92i\xafNr\xb7\xb0\xe1\xbd\
Z\x1c\x92\xb2\x17\x1a[\xf8\xd4\xb7\xb1\x18\x9c\x9c\x8b\xb9\
\xfdG\xf4\xd5\x17rw\xc9(F\xf3\x00\x8ej\x12C\
U\xd1-\x83\xbf\xabaw:\x1e\x12\x0b\xd9\xa5\xbc\xc8\
\xc1\x85Vx\xaf\xddw\x93r\xbe\x8d\xed\x11V};\
\xef\xbbA\xbb\xf5Bv\xabZ<\xcf\xd1\x87\x7f\xbb\x97\
4\x225\xf2(\x82}c4\x1cC\x16\xf7\x9a\x96\xa8\
,c!\xbf\xb0\xa0\x012\x9d\x00W\xd0\x85\x03\x84-\
\xa0T/25u\xac%tZr\xf6\x8es[\xf4\
\x1d\xe2+|w\xb6\xc7?\x14\xe9\xd8\x0cnB\x0a\x8f\
\xe8\xaf\x0ezg\xce\x8b\xcd\xa7\x15\xb02o\xb5\x9f\x9c\
\x9c\xff\xa1\x99m\xac/\x93\xe7\xca\x05\x8a\x85V\xc8i\
\xa7o\x13>N\xa6\xc3\x14\x9b/\x01u\xf6\xd1e\x83\
a\xe3+\x12\xcb\xec\xfc\x07\xc3.\xc3\xe9\xbb\x92]\xef\
\xb0\xe8Y\xe6\xb0$h\xb6.\xfa\xbc^\x07\xff\x07\xcd\
\xcc\x0bE]0\xdd?l\xbb>\xb9#!\x0a&\xf0\
C\xab\xc4c-5\xe1\xaa\x9b\x045\xf6\x94\xa7<~\
\x8f\x11\x81e{#>\xd6\xbe\x00\x01G\x9f\xa1\x9a8\
\x00yP\xb8_\x7f\xe9\x94C\xfd%M0\x17Rs\
,U\x18=m7\x88\x83\xa4}8\x8d\xdf\x04\xc8\x89\
dUj\x8a\x8e\x84\xaf1~\xb2\xccL\x0b\xbaGR\
\xc4\x8f\xe8\x22\xe5\x04\xefk@e$\xd7\x90\x18\xf8(\
\xc2\xef\xf5r\xda\xdfd\xf2\x8aF\xd7\xd1\x91#B{\
K@\xc8=\x14\x84\x88D\x83\x0d($i^\xd6\x1f\
\x19&\x19\x14\x91\x15\xd0\x83\x94\x82\x95\x12\xa45\x06U\
\x07\xecC\x0el`\x1d\x1cQ\xd7p\xa7`n\x94:\
 6I\xcb\xa0TR1\x10\x86\xe3B\xfb_\xfah\
\xbd\xde\xad(\xd7\x0f\xe2\x88\x98\x0c\x1ee\xe4\x0c\x89]\
c\xf4\xe2\x99?\xacL\x18W\xfb\xde^\xa5\xd4.\xad\
$\x92\x81]-\xef,\xadb\xa6hP\xe6Uk\x8d\
\xcf\xeb\xc2\xef%h\xff\xc1 a\x0du\xca\x04\xf3\xcc\
\x9a$\x9b\xe2l\x90\xc1\x19^`\xafnq\x04\xf4\x5c\
\xdd\xf1U\x87M\x04j\xce\xf4\x95A\xeeg\x89&7\
\xc3\xaei\xd2\xcc\x13\x99\xd5j]\xe2_6>P=\
\xe20\x18\x1c\xac,\x12\xa4\x0d\x03\x0c\xe0b\x06\xd7\xb7\
\xa5\xb6z\xcf\x5c`\x80\xca\xa3\x1cZ\x80\xe2v\x92\xec\
\x96\xed\xab\x7f\x84\xecWx\xbd\xda\xc3A|1,)\
6W\x14`\xad\x98\x0e\xf5\xcf\x83\x0aZ\xdeP\x8a\xac\
\xc2\xd3\xaf\x9dF3\x1b\x03\x91wP\x1b\x88\x5c\xbd\xee\
\x01\xf5;\xf8-X\x02\x12\x9f\x81\xa8#\x0f\x0feb\
\xbb\xf0xPN\x9f\x01\x04\xb9\x130\x02\x1eI\x18\x9f\
\xd0\xe5\xceLDB\xc2\xb7\x93\xf2L_K\xb8c\xdb\
\x10<6t\xb4\x06\xffT\x9c\xabxAP\xe5\xaeL\
\xa3e\xbfG\xa9Z\x98(IV\xb5\x87}a\xad\x9e\
f\xac\x87g\x01\x0f\x01\x8c\x98*z\x0d\xf85\xfdB\
\xa0\xfe\x1bSJ\x22\xb1\x9e\xa3\xbd\xc8\x1e\xf3\x7f(\xc8\
\xaa\
\x00\x00\x09l\
(\
\xb5/\xfd`\x076\x15K\x00\xaah\xec\x11(\xf0n\
\xa8\x0e\xc3\x18\x98\x8b\x19\xe9'\xd2\xfe>M\x0e\xebN\
7\xd5x\xe7L\xc4\x96-+\x22\x22P\xbc\x8e\xdf\x99\
Ld5<\xc5\x035\x01\xfd\x00\x1f\x01\xfd\xb8\xd3\xd2\
is\x1e\xd8A\xacik\xe8\xe1\xc19\xa6m\x1b\xdb\
\xd6\x8d\x95\xfb\x1b&o\xdb\xdc\xe4~\x1e\xa7\x9e\x8d^\
\xdel\xf9\xe4\xee\x83~\x15\x0dN\x1fH\xa1,\xedz\
V\xa3A-\x04t!qE\x14\x81F\x80EEI\
\xd4\xd3H\x12\x17\x84\xba,\xc6\xce\xd7\xf4\x22\xc8\xa9\x14\
T\xcek\xab\xf1\xa0\x06\x07\xd4+\x9a\xbc\xe6r\x9eH\
\x82@\x9c\x85\xf1P\xd0\xc2\xbbw+\xa5_\x05i\x8d\
\xb9\xd0]\x18PtA8\xa2\x07\xf1\xbd0 .(\
\x92(\xac\xf78\x10\xeb=\x9c\x09\xba \xcc\x06A\x04\
\x04\x8a\xebM\xf8\x1a\xef\xa9\x22\x94\x85\x10i\xb2Pd\
\xe66\x13\xe7\x9a$\xac\xa6\xd9Ul*\x9cs\xca\x92\
\x06T\x05\xb0&k\xa2\x1e\x0f\xeay\x11\xd1\xf3,\x0a\
EUX\xd7\xf4\x1eOz\x8a\x07\x92\xaa\x08da<\
\xd0\xc2\x9a\x14EYpDX\x0d\x0b\x0b\x0eM\xa30\
(\x1c\x15\x85\x11J$\x12\x85b\x01\xb9.\x08\x01\xca\
\x838\x8fUaZ\xa0@\x5c\x91D\x81\xde\xe5\xbc\xea\
\x80\xd24\x00\x1a\x16\x1c\x0a,\xd4\xb40\xdeDI\x0e\
49\x97\xa5,\xdf$\x88 aa8\xa6\x08\xa2\x9e\
\xe9)K\xa2.\x8c\x89\x8a\xac\xeaE(\xd2cR\xa0\
!\x9b\x8b\xcf\xa9\x0cKv\xea\xa8\xde\xf4*'r\xbf\
\xfe\xfa\xb3\xdfE\xb6\xcf\xbe\xec\xfc\xea\x0c\x99\xf3z7\
jk6\xc6^9\xfb\xd7}occ\xcex\xaeS\
m\x89\xd9(\xb3\xeb\x96\xcf\xbf\x8d\xb1\x96\xccX's\
g\x0d\xb3a\x9a\xb3\xc6\xb4\xfb?\x15\xb5a\xde5s\
\xa7\x8b\xc9\xfc\xb7{&\xaa\x80IT]\xcec\xdbq\
c\xc6\xaa\xc9\x8f\xdf\xac\x9d5\xc6\xc6\x8e\xd7??]\
\xa23\xee\x94\x9d6\xf2\xbb\xb6\xcb\x1c:\xeb2e\xd8\
\xcfn\xc8\x18\xf7\xaa\xcd\x8b)\xe0]\x8et-\x8cG\
E5\xac\xc9\xa9\x22<K\xc2\xe4\x00B\xf5\xac\xc8\xc2\
\xb0\xaeh\x92\xe0h\xffG\xb7\xa9\xeb\xbe\x8c\xae\x9d\xc4\
?\xf3\x86\xec\x0bC9\xc0\xc2h\xbc\x0abaI8\
\x12\xc9Y\x18\x92Ba\xca\xc80s\xdd*7\xc6\xbd\
\xad\x13\xb7\xf1\xc2\x98\x22GTQ\xcdw\xbb\xc4\xee\xb6\
0&2S%\xd4\xa5\xbe\xa2/S\x16\xca\x84\x02$\
\x02b\x89\xeby\x10\x88\xf2\xc3\x0ek.\x1d\x14\x8f\xe2\
\xce\xae\x8b\xcbL{n\x8a\xdb\x8d\xd2\xec\x1d\xd3\x9e\xda\
\xe9\xd2\x99/\x88\xcb\x810\xec:cgj\xc3\x5c\xd0\
\x83\xa8\x07$BU\xaaP\x92\xf4\x22\x22\x06\x0bCz\
\x0f\x8e\xe4P4<\xe9\x8a\x16HRtAPD\x8f\
\x07z\x95\xa2AzL\x06<\x87\xf3\x88\x1c.g\xf1\
@\x11\xea\xc1\xa9PQ\x13\x16\xcf\x93\x00\xc1\x83E\x03\
\xaa\x9as9\x90s\xbd\x87\xbe\x89\xe8\x11M\x9c\x07\xdb\
\xd6\x96\xbf\xdaL\x91dB=<4/R]\x0f\x8a\
\x22\xcf\x92\x9c\xca!\xa1 \xac\x85Q=\x09G\xaa\xaa\
\xc8\x04\x12i\xae\xe9=\x22\x0f\x05\xf57n\xcc\xf6\xec\
\xd8\x93\xe7\xf1AQ\x13\x12\x0ar \xac\x5c\xf0\xeaA\
\x15\xf5\xd0x\x0e\x07\xe2<,H^\x14\x01)\x1aX\
3vf\xeb\xe9\xd0\xf13\xcd\xc4^\xc6\xf0\xfc\xac\xd8\
\x94\x19\xd6p\xdd\x9b\x86\xf9\xe6\xa9-\x9bs\xe6\x90\xb5\
\xf6\xaf\x8cL\xbd\x1d\xc3\xd7\xdcU}\xc7em\xc6\xdb\
\xd8\x9d)Z\xb51\x96|9Q\xc4C\x00E$\x03\
\x93\x13YV\xc4Q\xf0\x1a\xda\xce\xd5\xbb\xa4\xa8\xb1\xae\
\x9d\xcbo\xec\xd0\xb5m/k\xfa\x97\x81\x03\x0b\x0e\x8e\
\x08K\xd1\xb0\xe0\xe0X\xffU&\x18\xf4:\xfdg\xb6\
\xaf\xdd\xc9\xd4\x93];w;vg\x87l\x15g\xec\
UWie\xab\x8d\xdb\xd8%>\xbaf\xe7\x9a9\xfe\
*\xc8\xc9\x1c\xc3g\x8e\xb9u\xdbV_\x95\x9f\xb9f\
C_\xa5_\xfbS\xb5y\xcbV\x87\xaf\x1cP\xfdm\
\xa0L,6^\x06\x8a\xd2@Y\xb6\xafrkm\xb9\
!\xb3k\xf6\x83&\x1av\xe6\xe8\xf4\xfd\xbf9f\xdc\
FYO\xa6Q\xde}\xdf9\xf7\x8cg\xa30d\x87\
\xd9(\x0e\x1b\xe3\x8c\xf1*3\xadl\xddqQ\x91\x9c\
\xd2\x9a\xa2\x0d\xc3:\x95Wm\xe8T\xf9\x7fGgX\
6VEy\x1d\xdb\xcc\xe6\xb0\x95o\xe6\x1a\xae2\xae\
\xde\xb9\xc8\x18\xe6\xa6\xad\xe9\xf7\xc6\xa6L$\xc3\xb6\xf3\
\xb1\x95-\x837\xe5\xc5\xdeU\x86\xa7r\x18\x02\x08X\
T\xefz\x135-^\x05\xaa\x22\xc0\x01\x16\x0dv\x9e\
L\xaa\x89d\x1a\xa51\xf6m\x91)\xc3\xdd\xd9\x8f\xde\
(\xad\xfa\xdc\xf8L*\x01\x82(\xa8\xd2\xba\x22t\xc8\
\xa1\xa2\x99)H\x92\x8d\x0321\x88\xc1\xc9\x98\x07\xae\
\xaa\x1d\x02y<\x84a,F1\x08\x11b\x08!\x8a\
\x10B\x84\xc4\x90@\x02\x19\x11!!\x19r\x03\xafv\
\x93@07_\xf9\x15\x9a\xf0\x1a\x8a^\xd0\x94\xed\xf9\
\xac@p\xc7\xba\x84\xe0l\x12t\x18\xb0z\xfe\xf8\x9e\
\xa9\xb3\xe71\x19\xa6\xd5\x11\xe40\xd0\xd9\xa1c{k\
\xb1\x83)\x1a\x22\xc9e\x22\x9e\xa1\xd6Ta\x99c\xf7\
\x5c\x09\xf9\xd288\xf2\xc5\xf4\x052\xb4l%\xf2\xab\
VO\xdb\x85\xf7'\x92aB\xde\x95\x08ha\x1dl\
\xa7|Kq/i\x00\x96\x0c\x0e\xd8\xa2\xfd_:\xd6\
\x8a{a\x82\xdci\x00<\xad\x96\x82\xbf\xc1@\xf4\x9c\
\x1e\xb1\x8f6\x00\x06\xde\x85\xe6c\xf9\xd4\x17\x0c\xb8\xe3\
/\xf7\xd3R\x92\xef.717\x89\xd8\x1e\xc6\x8a!\
\x1dIz5\x02\xd3(\x01\x96\xb6.J5\x9eN \
\x1do\x9alP\xef\x8d\xeb\xf0\x8e\x03\x89\xe6\x8c>\xb4\
aJ\x8cp\x99,|\xa2\x90\xc20\xca\xed\x8c@\xab\
\xfd\xb1\xd3\x94\xb0\x83o\xb1 \xbd0\xddF9\x00\xe2\
KH\xa2\x80]G\x12\xe8\xc0Pv$\x8aG0\xfc\
\x1a\x1b_\xffc\xdd)y\x19M\x9b\x11&c\xe6\xc1\
{\xcd!\xe3\xf4\x1f\xc4\x96\x0f8\xcdu3\xad\xa0\xe0\
\xcd*\xc0Tb\x9f\x88L \xbf:|\xaf\xb8\xaf\x91\
=p\xad8\xa7\x90o\xf1j\x0b3\x1c\x90\xfb\x99\x9b\
\xd0\xd9\xceM\xdb\xd1\x90U\x10-\xc0\x5c\xc0\xcfk\xc8\
\xa4C'\xf0\xc3\x19T\x01\x12\xc4\x80\xbbd\xb4)\xcd\
\x1d\x1f\xce\x0c\x11\x22\xddF\xae\xfc]AkB\xb3\xb3\
\x8c\xb2\x0b1x\xa1\xa1=\xbbW1.C\x87\x81T\
\x83C\x10\x88v\x04\xd8P\xfd\x9c9\xde4\xe4\xc0q\
m\xaak-H9*\x8d\x0dD\x02U\x0d\xf8\xa8\xd4\
\x16F\xa0a\x92\xe2\xf5(\x0d\xc5\x0c\xc0C\xa4\xca\xa3\
\xd6\xdf\x0e\xaa\xe0}@\xc5\xd2\xc1\x1d\x8b\xcec\xb9\xda\
\xed\x8a\xae\xc5D\x80\xab\x8e{ajTs\x97\xa8R\
r\x0a0\x8e\x98\xde\x94\xa6n\xcc\x87\xb3\xac\x1ba\xb7\
7\x01\xe3\x1b\xb0\xdf\xd3BE\xdf\x9f\x0a\x955\xbeP\
\xc9\x10\x0ap\xad\xc8\xafe\xfc\x14PPf\x13\x11\x8d\
\x00R\xa2\x97\xdbr?u\x0b\xe0\xe3\x83\xf4g\x03*\
\xa4\x9eV\x5c\xce\xecq\x85Q7\xb7\xe4-\xb1{\xe1\
\x22\xf3\xc3WR\xed\x19\x13\xb1\xc7\x0a\x96\xaf\x0c$\xad\
8\x00\x7f\xa0E\xa3F\xffl\xddd\xd8\x82\x8b4\x02\
\xc7c+\x87i\xf1\xac\xb3\xb1@\xd4S\x8a\x0a\x8fY\
9\x8e\x7f/\xc6K\x1bJ.\x1d\x0d4\xd1r,(\
\x8c\xe8\xce\x8f\xaf\xf5\xdc1-\xaf\xf7\xb6\xaa.3\xdf\
\xc1\xbe\x1f\xcd\xdc\xf9\x16]\x7f\xef\xdc\x02p\xc8;n\
\xd3\x96\x8bb\xb1\xdeN\xb3^\xa045\xb58o\xff\
;\xdf\xb3\xf7V\xd7\xd5\x92\x04\xbf\xe0\x80\xaeK\xc6B\
<\x90\xa6\xab\x0ah}\x08C\x03\xb5\xc7H\xbe\xa2F\
\x8c\xd9\xeaIKO\xbd\x10\x01\xd2\xf0p\xca\x19\xe7a\
\x1e\xda%\x9d\xaf>\xc7\x0f\xbaPM\x09~\xd9\xc5\xa1\
(j\xfb\x9fQf\x10\x00O\xac\x01`\xd338V\
\xa4\x8c\xb6\x9d\xda\xe0\xcaJ-\x0be\xbc(\xfcG\xf7\
\x11\x0d\xcd\x9eG\xab\xd4\xd1\xfa\xd0O<H;Q\xf6\
\xd3\xfb\xd2L\xd0\x09\xf6SV\xcbH;\xbde\xfe\xb2\
\x82\xf6\x96\xfaa\xa3\xa8T]1-\xfa\xcd:\xf9|\
B1\x1d)\xa1\xfc\x02@\x89V\xa9\xa0\xc8\x81\xbb\xd7\
,j\x00 \xda\xbd\xb9\xba\x16M\xe8t\x13Q\xec\x85\
^\xebl\x9eV\xce\x02M[\xd8\xaaX>\xa3\xaa-\
9\x9dssX\xbf\x1dJ\xed\xc3\xac#T\x00T\x03\
\x8e\x16e\x11s\xee\xde\xcc;l\xab&/M\xf7<\
z3\xf0\x00\xec\x1dwg2!\x00\xcf\xa0\xc8|]\
$S\xea\x0eH]+\x8f\xd8\x05\x18G\xf5f\xefZ\
\x1a\xf6\xd7\x1f)\xd5\x8c\xda\xff\x0fk\xab.\x1e:\xe3\
\x1d\x82\xf6:\xad\x16\xa1\xa0K\xd90\xbc\x912\xecS\
X\xe4\xf7H`\xc9\x90$N\xf3P\x89Ev\xa0\x94\
\xb2#\x81q\xa6\xef\x17|x\xa6\x5c{\xdf!w$\
55\x08\xf3fB\x18\xd5\x02\xaa\x11\x02\xcdr\xfc\x93\
\x08\x15\x1d\xbc\xcce\x8e\xbdX\xbf\x1aoz.\x16\x0f\
\xb2\x1e\xde_C}\xfdF\x06XdLH\x9a\xd3\xa9\
\xb0\x8c\xe8x\x19\x81\x9avU\xe5Yp5\x86\xc0\x82\
\x0azr\xf8\xe9\xe5\xd3\xc6\x82\xb8\xca\xd3>UmJ\
\xa1\xeacH?t0\x16Z\xf1\x98\xfcFV\x089\
\x92s\xf1\xab1\xee\xf9HC\xfb\x09\xd9@y\x09K\
\x8fC\x7fu.\xfaE\xb3\x9fUg\xb8\x1aO\xbc\xcb\
\xf2\xa9\xa8\xe5G\xe6g\x03]\xb5\xe8.\x96\x9b\x107\
o\xd7\x97\x80k<\x17e\x04e\x8f\xcc\x00\xbb0\x86\
\x0a!#\xc7\xb0\xb3\xed\x1e\xcb\xffk\x81\x17Uq3\
\xd0\xb0oF\x0f\x8a\xea+\x0b\x068 \x85\xeb\x82h\
\xdea\x00S\xbeV\x12\xaf\xef\x1d'V\xe03Q\x06\
\x22\x8c\xc8$\xa3\x10\xe1{\xba.\x01\xdc\xca\xce2:\
kq\x14\xf0\xda\x11i\x1f\xaa\x0d\xad\
\x00\x00\x06\xf5\
(\
\xb5/\xfd`m\x1f]7\x00\xbaA,\x0c'\xf0n\
6\x0f\x11*I-\x8c\xef\xdb\xf8\x8f\xe0\xdc$\xb1*\
\x16T\x00\xad\xe63\x0e\x95\x16v\x17)0\xbb\x83Z\
\x1c\x96\x19\xb8\xa8\xba\x00\xb3\x00\xb7\x00\xef\xc1\xa4\xb17\
\xbd\x96XbI\x03\xd1\x04\x1e\x7f\x1d\x9d\xf1\xdcg\xbc\
\x964\x8cn\xefC\xe1_i\xc4\x1f\xa2\xd9v\xbb\x98\
2\xf0\xc0\x80\xd2?\xafw\xbe\xee\x86\xe6+\xc2\x10F\
a\x8c9\x05\xa1=G\xb8R\xce)\x8e)s\xce\xf6\
\x1e\x8e\xdd\x0c<\xf3\xac!H\xd7w\xdcZ\x13\xa5\xad\
\xa6\xf0\x9e\x1fz\xfcJ\xb5x7\xa2\xa4\xa9\x96\xe19\
\xa5\xb4\xf08\xf8\xc3\xc2\x02\x84R\xc9Ay\xb6^w\
=\x1e\x0fEa\xa2\xde\x19\x0d\xe9#Z9\x85\xac \
1\xfa}$\xfb\x9d\xfe.\x90\x94\x02\xf0\xb0\x001 \
\xd19i>kLm\xa6\x9d\xa7dQ\x08\x1e@H\
\x9a'_\xabk\xfe\x94\xb0\xd5\x92&\xeb\xcb\xf7;\x12\
\x86 \x03\x1e\x02m\xb5\xa8H\xc4\xc9\x96%&\xe0\xd2\
\x1aT\xc4\xc4\xa2\x88\x8b\x8bq5\x95\x98miqa\
\xab%\xa2s\x0e\xce\xc7\x16k\x80\xdc\xdd)\x944\xd0\
\xd6\x0e\xcft?x\x92f;\x0et\x8c\xcd\x15%\x8c\
nI\xd9T\x95\xd2A\x86\xdf\x0c\x06\xd3W\x17\xcf:\
\xf1\xbd\xe7\xe0[0i\xf2}\xee\xd6*\x821\xd6\x22\
-.Eb$D\x8e\xc4\xbeH\xaf\x1f\xf1\xfd\x91\x22\
\x9b\xado\xe5\xa2\xa4$\xf6\xe7\x8e\xa3\x93\xc6D\xfa\xd5\
\x02\xe6\xc2hu\x0c\xcc\xd6*i\x1eGz\xa4;\x7f\
nB\x1e\xa1\x0fL\xebc\xack\xcf\x7f-\xdd\x096\
\xfd\x06\x1f\xe4\xce\xdb\x07\x88\xc5\xe9]\xe4\x0b%M\xd5\
\x96\xd9\xa9\xcd\xc5\x986\x03P\x04\x12\x1ds\xf9>z\
\xd7\x0b\xc6sww\x1eG\xba\xab|\x9fM!\xd5\xaf\
\xd3\xd8}?\x0f\xcd\xe0\x1f\xa1x\xef\x06$j\xa8F\
\xd56N\xc5\xe2\xdc\x9a.2\xf9\x16&_{\xabA\
ZG\xb8\xa4yhK\x19\x9c)\xf6\xdb\xad\x17\xce?\
4\xa2\x0b\xfb\x10\xdd\xdf/\xc4\xe4\xab'\xf4\xdeX0\
\x90\xa81\xea\xf3S\xd0\xfb\x1d\xcf<nl\x01\x0e\x91\
\xa1\x01\xef\x06\x83\xf1u\x92\x08%\x97S\x89\x14WT\
\x09\x96\xe2R,0\x91\xa0\x17\xfdnt\xea\xd8\x8d\xaa\
\xb6\xce\x99\xbf\xd59j2\xbe\xc6\xe8\x94Atqu\
\x0btR2\xb8\xb4\x08dq\xca5c\x9b\xf39\x84\
\xbc\xc0\xc1~\xdeH\x1a\xdeo\x86\xe0\xe0\xe4t\x01\x0b\
\x10\x8f\x83+\x0fs\xca\xc5\xc1\xc59\xb8\xc4\xf3bS\
\xc8\xa8\x92\x93\xab\xbd\xdf\xb4Q\x81;(\xd8\xe2\x12\xaf\
=(\xe3\x84\x8fC\xd2\xa8\xe9\x22to\xca\xe0\xd4B\
\xe6b\x01q\xb1\xc6\x9e\x94\x0a\xb70[jN\xa57\
!\x8cx/\xb1\x04T\xa99\xb9 \xa3\x0c\xd25\x87\
\x09U\xc2\xc9\xb8\xc8\xc5\x14\xad\xe1;\xc5\xddBQC\
\xef'}\xfe\xc5\x81_P\xfc<\xeeW\x01\xc6\xb7;\
P.T\xedo\xe5\x01C\x90\x00\xffP\xe8Bt\xca\
T\xdb\xd0\x0bJa\xeb\x08L\xad\x08\x0c4`\x1c\xbb\
!|\x90vji\x7f(\xb2\x09#\x10L\x17\x1a?\
\xbd\xfe\x84\x85\x86\xe8\xc5\x82c\xea\xecgt\xcdUD\
3\xb7\x1fq\xa1\x0b\xa1\x01\x81\xbd\xa8\xd1-B&$\
IRP(\xec\x1cq\x0c1P2\x86\x9dy\x02\x91\
<\x85\xd1 f\x0cQD)B\x88aDD\x02\x09\
ED$(\x94\xa4\xd8\x9a\xa1\xba\x81_\xd0\x8e\xb2R\
\xb5aZ\x85e\x87-\xd2\x83\x8a\xd7.YC\xfe\x01\
\xec~\xc3\xdb\xb1\xdb\x00\x02*tL\x22 +m\xc1\
{)\xc4\x91O\xbe\xf9\x9f\xd6\x04m\xc1\xa8p\x91j\
\x98V\xe4%3xn]\xac9\x80iG\xf7-i\
\xf1\x82m\xf6\xb0(\xc3\xf38\xdb\x8d^36\xa7\x91\
\x19\x05\xf3\xafr\xa3\x83@+\xb8\xfb\x09s\xaeM\x08\
]P\xb5t\xe8^w(PqA\xd6FM*\xe0\
\xbe\xef7y\xf9K\xf8]\xef\x86\xff3\xe6\xa4\x88\x92\
\x96\xac\x8e\xa5\x80\x9a\x0a\xcfh\xe1\xfcWA\xf4\xa3\xcb\
/2u\x16\xa6\xac\xdfK\xcb\x06 \x9fYh\x0d\x22\
\xcc\xa9\x8d\xbcC\xe6m\xba\xce:h\xfc\xf8-\xd1\x01\
K\xd0^\x1d\x89~\x94HZ\x8e\xec\xb9e\xc2\xd1\x9a\
%\xd1\xde \x8b\xdb\x17|:\x06\x99>\xcb\xc9\x0bY\
\xe2 h\xa8L\xfdC0\xd8<\x83\x12\x94\x03\x87E\
[\x94\x887\x95\x8b~\x1aF@\xb7Wy\x9b\xd4l\
\x14\x84\x81\x02\xcbk7\xe73\x81\xad\xc5\x95\xac\xaa\x8e\
\xfa\x1d\xf8\xbf\x90\x7f\x01\xc5\xf5:2J\xb51\xd0\x0f\
\xbd\xba\xec\x0cRF\x0dr\xe7\x0699\x88)\xe84\
\xf46\x18\xae3\xf6)\xeeFZ\xf7\xc2\x9c\xaa+\x84\
h\xc0\x14\x91\x99\xe9O\xc4A\x07\xd0\xe0\x0d\x18>\x8a\
\xa3\x83\xb3\xc3\xfd\x913\xf6W\xdf3\xca\x1e\x96\x13\xf5\
\x95a\xa8S\xd1\x14\x94.\x9d\x05\xcf\xc7\x8d\x19l\x87\
\x14\xf3\xd4\xaa\x5c\xba\xd4|rr+D\x7f*;\xbd\
?\xa02\xd8cv\xcbK\xc15y1J\xca\xbf\x88\
\xb2\xa7\x1d\x9cq\xd0]\xda\xcb\x86\xb4\xc4\x91\xb0\x19C\
\x8c\x92\xaaN\xc7D\xf0\xcb\xa7\x13\xc7\x87\xc0\x1b\x22\x0d\
\xd7\xf6\x06\x11>R\xd4\xa9\xcax\x15\x1b\x8e\x01d\xae\
\x05\xe4\x1b\xbf<E\xa4dL\xd2a\xd4\xbd\x83+\xef\
g7.\x00\xc1\x86\x02\x83\x0f\x8d\x10=\xb7\xf6\xd9\x17\
\x84\x08u\xc1@X\xe0\x96\x92\x82:\x08\xa3Dd\xe8\
\xbf\xdf,\xf5\x1e\x08i\xd9\xfb\x80p\xcd\x1e\xa6\xec\xa3\
7\xcf]q$ \xb0\xdc!/W/\xc8E\x00\xfa\
\x8d\x0e\x95%M x^R\x16\x9f\x0c\xe1A\xed\x92\
*~C\x19b\x91\xca\x99\xd6\x02\xff\xa3\x15\xcf\xa8A\
f\xb5\x88?1\x81K\x1c\xdc\xaaG\x06@o\x1b\x80\
\x14\xc2Q\xfa\xb5\x04\x89\xf1-\x01\xb0\xcc\xd9\xc3\xe8Q\
\xe4!\x033\x0b8\x81uagp\x04\x80\xae\xd1\xba\
\xb2\xcb\x15\xc9\xe8\xd0}T&\xd0\x9c\x09\xf3\x9a^h\
qsm\xdf<>0n\x00RH\xb0r\xd6\x06\x92\
\xe3?\x22B\x09tm\xf3\xd6\xa6\xec\xc6\xcb\xc8\x0f\xcd\
)\xae\x82\xbeN\xab\x84\x89\x04\xcep\xd9\xac\xb4\xb9\x8a\
\xa2\xe2\xcdD@wJ\x03^\xb1\xbd6\x19~\x19\xa4\
\xf0\x9ed\xd8\xa8P2\xe0\x90hk\xe4?\x8c\x05\x93\
\x8cM\xa3~\x05\x87u<6\x8a\x96\x9a\xd5\xe0n)\
\xea\xae\xdc\x9a\x12zt\x22\x15#]\xb3]\x09g\x5c\
q\xf6p'\x81q\x98Rq\xe0\x89V|\x00\x00c\
d\xac:L\xbc\x10\xfb\x93\xae\x07\x11h]\x8f7\x88\
`\x96\x1bE\xaf\xdb\x15to\xb3\xd2ti\xad\xc3m\
,\xa5\x8c\xe4|1<\x1cJ\x93\xafda\xb7\xf0\x9f\
\x9b\xa0w\xf0\x1f\x84\xeb]\x08\xab\xa3\xd3\x11ZzU\
\xae\x98\x94\x1a\xfe\xbd\xb4G\xc4r\xfb\xbf\xf3\xbf\x04\x8e\
,\xf9\xeda74\xa2\x0c\x07\x7f=J\xdd\xcfm\xdb\
\x8c\x09\x99\xc8\x98\x81\x86\x84\x10t\xd8\x9be\x96\x94\xeb\
\x15\xee\x0e\x07\xf8\xf2\x0f\xa5\x90\x94|\xb4\x0d\xa7a7\
-\xd9\x9b@\xd5\x5cq\xf3\x80\xeb;\x8fFS\xae\x1c\
*\xc8h\xc0\x16\x84\x05\x92\xa3C\xc9\xa7\xf3f\x97\xbf\
\x80-N\xfb\x85\xff\xa5\xe2\x0c2\x89\xb4%\xca\x18P\
u\xba\x0c\x81H\x07YJ\x93\x98\xc9C\x9d\xd3\xfe\xf8\
?\xe4nU\
\x00\x00\x0d\x8f\
<\
?xml version=\x221.\
0\x22 encoding=\x22UTF\
-8\x22 standalone=\x22\
no\x22?>\x0a<!-- Creat\
ed with Inkscape\
 (http://www.ink\
scape.org/) -->\x0a\
\x0a<svg\x0a   xmlns:d\
c=\x22http://purl.o\
rg/dc/elements/1\
.1/\x22\x0a   xmlns:cc\
=\x22http://creativ\
ecommons.org/ns#\
\x22\x0a   xmlns:rdf=\x22\
http://www.w3.or\
g/1999/02/22-rdf\
-syntax-ns#\x22\x0a   \
xmlns:svg=\x22http:\
//www.w3.org/200\
0/svg\x22\x0a   xmlns=\
\x22http://www.w3.o\
rg/2000/svg\x22\x0a   \
xmlns:xlink=\x22htt\
p://www.w3.org/1\
999/xlink\x22\x0a   xm\
lns:sodipodi=\x22ht\
tp://sodipodi.so\
urceforge.net/DT\
D/sodipodi-0.dtd\
\x22\x0a   xmlns:inksc\
ape=\x22http://www.\
inkscape.org/nam\
espaces/inkscape\
\x22\x0a   width=\x2213\x22\x0a\
   height=\x2213\x22\x0a \
  viewBox=\x220 0 1\
3 13\x22\x0a   id=\x22svg\
4339\x22\x0a   version\
=\x221.1\x22\x0a   inksca\
pe:version=\x220.91\
 r\x22\x0a   sodipodi:\
docname=\x22phi.svg\
\x22>\x0a  <defs\x0a     \
id=\x22defs4341\x22>\x0a \
   <linearGradie\
nt\x0a       id=\x22li\
nearGradient8517\
\x22\x0a       inkscap\
e:collect=\x22alway\
s\x22>\x0a      <stop\x0a\
         id=\x22sto\
p8519\x22\x0a         \
offset=\x220\x22\x0a     \
    style=\x22stop-\
color:#739cd8;st\
op-opacity:1\x22 />\
\x0a      <stop\x0a   \
      id=\x22stop85\
21\x22\x0a         off\
set=\x221\x22\x0a        \
 style=\x22stop-col\
or:#2c5aa0;stop-\
opacity:1\x22 />\x0a  \
  </linearGradie\
nt>\x0a    <radialG\
radient\x0a       i\
nkscape:collect=\
\x22always\x22\x0a       \
xlink:href=\x22#lin\
earGradient8517\x22\
\x0a       id=\x22radi\
alGradient8515\x22\x0a\
       gradientU\
nits=\x22userSpaceO\
nUse\x22\x0a       gra\
dientTransform=\x22\
matrix(-0.197116\
29,1.3554801,-1.\
3155837,-0.19131\
452,-152.05269,4\
75.30024)\x22\x0a     \
  cx=\x224\x22\x0a       \
cy=\x224.0625\x22\x0a    \
   fx=\x224\x22\x0a      \
 fy=\x224.0625\x22\x0a   \
    r=\x227.5\x22 />\x0a \
 </defs>\x0a  <sodi\
podi:namedview\x0a \
    id=\x22base\x22\x0a  \
   pagecolor=\x22#f\
fffff\x22\x0a     bord\
ercolor=\x22#666666\
\x22\x0a     borderopa\
city=\x221.0\x22\x0a     \
inkscape:pageopa\
city=\x220.0\x22\x0a     \
inkscape:pagesha\
dow=\x222\x22\x0a     ink\
scape:zoom=\x2211.3\
13708\x22\x0a     inks\
cape:cx=\x2228.4061\
67\x22\x0a     inkscap\
e:cy=\x22-3.3423406\
\x22\x0a     inkscape:\
document-units=\x22\
px\x22\x0a     inkscap\
e:current-layer=\
\x22layer1\x22\x0a     sh\
owgrid=\x22true\x22\x0a  \
   units=\x22px\x22\x0a  \
   fit-margin-to\
p=\x220\x22\x0a     fit-m\
argin-left=\x220\x22\x0a \
    fit-margin-r\
ight=\x220\x22\x0a     fi\
t-margin-bottom=\
\x220\x22\x0a     inkscap\
e:window-width=\x22\
1680\x22\x0a     inksc\
ape:window-heigh\
t=\x22995\x22\x0a     ink\
scape:window-x=\x22\
0\x22\x0a     inkscape\
:window-y=\x220\x22\x0a  \
   inkscape:wind\
ow-maximized=\x221\x22\
\x0a     inkscape:s\
nap-nodes=\x22true\x22\
\x0a     inkscape:s\
nap-others=\x22fals\
e\x22\x0a     inkscape\
:snap-bbox=\x22true\
\x22\x0a     inkscape:\
bbox-nodes=\x22true\
\x22\x0a     inkscape:\
object-nodes=\x22tr\
ue\x22>\x0a    <inksca\
pe:grid\x0a       t\
ype=\x22xygrid\x22\x0a   \
    id=\x22grid4905\
\x22 />\x0a  </sodipod\
i:namedview>\x0a  <\
metadata\x0a     id\
=\x22metadata4344\x22>\
\x0a    <rdf:RDF>\x0a \
     <cc:Work\x0a  \
       rdf:about\
=\x22\x22>\x0a        <dc\
:format>image/sv\
g+xml</dc:format\
>\x0a        <dc:ty\
pe\x0a           rd\
f:resource=\x22http\
://purl.org/dc/d\
cmitype/StillIma\
ge\x22 />\x0a        <\
dc:title></dc:ti\
tle>\x0a      </cc:\
Work>\x0a    </rdf:\
RDF>\x0a  </metadat\
a>\x0a  <g\x0a     ink\
scape:label=\x22Ebe\
ne 1\x22\x0a     inksc\
ape:groupmode=\x22l\
ayer\x22\x0a     id=\x22l\
ayer1\x22\x0a     tran\
sform=\x22translate\
(160.78572,-477.\
29077)\x22>\x0a    <re\
ct\x0a       y=\x22477\
.29077\x22\x0a       x\
=\x22-160.78572\x22\x0a  \
     height=\x2213\x22\
\x0a       width=\x221\
3\x22\x0a       id=\x22re\
ct8511\x22\x0a       s\
tyle=\x22opacity:1;\
fill:url(#radial\
Gradient8515);fi\
ll-opacity:1;str\
oke:none;stroke-\
width:3.54330707\
;stroke-linecap:\
round;stroke-lin\
ejoin:round;stro\
ke-miterlimit:4;\
stroke-dasharray\
:none;stroke-das\
hoffset:0;stroke\
-opacity:1\x22 />\x0a \
   <path\x0a       \
style=\x22fill:#fff\
fff;fill-opacity\
:1;fill-rule:non\
zero;stroke:none\
;stroke-width:1p\
x;stroke-linecap\
:butt;stroke-lin\
ejoin:miter;stro\
ke-opacity:1\x22\x0a  \
     d=\x22m -153.7\
8572,488.29077 -\
1,0 0,-8 3,0 0,1\
 1,0 0,1 0,2 -1,\
0 0,1 -5,0 0,-1 \
-1,0 0,-3 1,0 0,\
-1 1,0 0,1 -1,0 \
0,3 5,0 0,-3 -1,\
0 -1,0 z\x22\x0a      \
 id=\x22path8523\x22\x0a \
      inkscape:c\
onnector-curvatu\
re=\x220\x22\x0a       so\
dipodi:nodetypes\
=\x22cccccccccccccc\
ccccccccccc\x22 />\x0a\
  </g>\x0a</svg>\x0a\
\x00\x00\x0fY\
(\
\xb5/\xfd``\x84}z\x00\x0a\x9f\x10\x1a+\xe0n\
f\xd4\x013\xb3\x99\x0d4\xc4U=\x08|\xb3\x1a\xe8\
\x11\x1d|\xe3A\xaede\x0d\xae$\xbb\xc9E\xde\x0d\
*\x22|0\xc6\x1881\xe0\xc6\x01f\x01\x92\x01\xce\
\x9f\xd6\x09\xd1\x8fm\x88\x97\x11\x8b\x84Q\xed\xd8.O\
\xe5\xa1\xfa\xbb\x1d\xeb\xa6\xefY\xba&\x14 \x8e\xc3\x89\
 \xe5w\xd5\xd9\xae'\x14\x22\xdc\x1dF\xa0:|\xb4\
NN\x18\x09D\x05\x91F#&fE\xa4hE\xfc\
\x9b\xbf\xf5{\xef\xd3\x95\xba\xfe<]\xdc8s\xf7x\
\x8d\x8b\xae\x8f\x9d\x8cn\xe2\xe2*T\x8a\x15\x95\xddR\
z\xae\xae\xd8\xef\x19\x85\xbb\xad\xfe\xac\xdd\xd9w\x81\xd9\
\xfd\x98\xf5\x18\x17\xf5\x1d\xf1\x15\xbfS\xe5\xfe\x1a.4\
\x96\x86j\xa8\x066\x16\xd6f\xe6\xc2\xf1\x16I\x82\x97\
\xd4h@\x89\x04dDL\x0e\x94\xa0\x0c\x18\x11\xa4<\
\x11S\x04\x9a$\xe5^)byx\x16f=\x0f\xc4\
8\xcd\x12)\x10-k\xa5\xc6j\x1c<\x88\xb8\xcdH\
\x03\x01\x89,\x1c\x90\xc8B\x9a\x98e\xf1\xbbP`\x02\
\x08\xd6\xe2<\xab\x81\x85s\xc0\xa2\x81,\x8b\xf5\x80\x18\
\x16\xebq\x1a\xca\x14A\x11\x88e\xcba\x91\x94\x86\x84\
\x02\x035\x8c\xde\xcd\x8c\x92]Q\xc4\xd7\x8e\x81\x99P\
h\x9c\x89\xc1\xe1,\x86\xdf\x84\x02\xc3\xd48\x0f\x0bi\
1KDZ\x8f\x05\xd2L\x8d\x9dr@\x04\x07,\xa6\
\x05\xb1\xd5XL\xd4\x00I\x16y \x18\x8b\xbbK\x05\
b\x99 \x11\x92\xa2d.\xf2\x16J)\xd4\x87F\x13\
1\x90 \x12\x04z< f98\x0c\x93X\xa0\xe1\
B\x9a \xeb\xb1\x9e\xb5`\x9a'j\x88$\x14\x98\x86\
!A\x92$Y\xe0p\x90\x1c,X\xf0@Q\x92\x06\
\x0bG\x04\x99c\x0f\x0f\x0f\x8b\x05#2M\x0c\x02$\
+\xb20\x12\x04\xc8\x02\x09\xc3\xe4<$\xcd\x9a\x96\x15\
\x19\x90(\x0a\x00\x0e\x16<  \x01A\x12\x0a\x0b\x02\
=K\x03Y&)I\xbc\x92@\x04\x12$\x14\x1c\x10\
\xa7\x81\x18\xc8J\x12g\x98P\x80@\x8e\x14-\x87\xe4\
y@\x10\xe0 J\xe9)\xf5\xaf\xee\xf3\xdb\xd7\xbf\xb1\
\xbc4\xd2\x7f;\xfb\xba\x95\xde+\x9f\x89\xa9\xac\xf9\xcf\
v\x0dW\xfe\xfc|\xfb\xeeU\xabf\x9ak\x5c\x03\xbb\
U6L\x93\xaf\x1c\xb6\xf7\xf1'\xff\xf27\xff\xf3_\
\x7f\xf6o\xff\xeai~\xb3\xb3\xeab+\xf6V\x15\xf9\
\xaa\xf8\x90\xefY\x15\xcf\xebSm\xafP|\xdb\xaf^\
\xed1\x95\xff\xb6%\xf6)\xbf\xbb\xe6\xbe\xabU\xac\x14\
\xf3\xecZuf\xab\xed\x1d\xa2:\xbbJ]Wi\xba\
\xadN\xb1[\xa662[\xae\xfa\xb5\x9f\xf2\xcb\xbf\xfe\
Ku\xdf\x9f\xff\xff\x99\xfe\xf6\xa84\x9f\x95\x9d\xbb^\
\xee3v\xb7B>wU\x96\x99\x0av?\xc5\x0b\xb0\
\xa6\xe5\x99\xd4\xf9Y\x1e\xabs\x9a\xa3\xa3\xb6\xef\xa1\x1e\
\xb3R\xb8g\xc9\xa8\xf8ST\xcb~E\xc1\xa9x\xab\
o\xf7\x88\x99\x9e\xa7\xaa\xac(M\xffdW\xaf\x8aj\
\x8dwym\x0a]\xa97\xdd[\xd5\x8am\xb7\xac\xca\
\xc8\x8a\xd7N\xe1\xcaJ\xeeU\xa5L\x95\xa5z\x9cg\
\xc80n\x09\xa1\xf7j\x1c\xd1`\xd3\x84B\xf4,\xd7\
\xde\x8d~\x99\xc6\xdb\xbb\xeek\xf7\xb7g\x9c\xaa\xdf[\
\xf3z\x0f\x9fM]6.\xf6\xee\xb6\x1d\x83\x84Bc\
E\x0c\x8c}\xb5$\x09 \x0e@\x10-\xa9!\xa1 \
M\x0eD\x82\x06\xc8\xd8l\xfb\xa8(<\xbfU\x9f\xad\
r\x8aO_\xe5h(\x00\x84\x13M\xcb#\xa1\xf0\x88\
\xa0\x86\x04Y\xa2\x08\x1c\x0a#\x14\x03\xeb\xec\xf6\x8a\xd9\
I\xefg>I\xbf\xfe\xba*^Y\xf7\xedR\xbd\xd7\
N9\xc5\xa6JT\xc3U\x92\xccVdos\xdb.\
\x12D\x8b\xd0\xa7\xa8\xceP9\xc5\x9e)*\x89B=\
\xdd\xd9\x0e\x95d\x15\xf6\xaa\xa1\xe2\x12&Q\x98o\xa2\
k\x11\xd9\x11\x04\x820\x16\x04(\x9a\xa4\x84\x06\x0c\x04\
`4\x98ha\x98\x96\x88\xa2\xb8)\xb1\x1a\xe8\x11i\
\x80\x22L\xa0\xe7Y\x0e\x0e\x03\x09\x85g-,\x8fc\
\xf1`=\x93\xb3\xc0\xf38\x13\x04\x0b\xe7\xb1\xa2\x85\x83\
\xe7\x011\xc0r,\x0f\xe7\xc1\xb40\x98\xa6\x01ZX\
 D\x10\x05\x0c\x86I\xe0\x80\x07\x18\x8d&\xe1\xcb\xb4\
4\xcb\xb4\x1e\x10\xd0\xc2\x82\xd2 \xad\xc6iX\x11\x9c\
\x87\x03\xb1<x\xd1\xef\x13\x15\x88\xf3\xb0\xa4giD\
\x8e\x07\x88A\xc2\x15\xb1<Q\xd4\x00\x11i\xd0Nf\
7\x95\xfc\xae\x1a\x0dw\xf9\x9b\xdb\x18\x82\x22<@\xcd\
\xc2 \xdd\x82\x8eV\x13A\x0b\x8d\xe5X\x22\xcb\xc2\x82\
\x87\xe584\x0b\x07*9\xd9n{\x1d\xb3\xa3F\xe3\
\x91\xddT\xb1r\xef\x9e\x1d\xbb\xf1^\xeaw\xe2\xb7y\
:.\xf6\xfd-\xf6g\xbar\xeb\xd6C;]\xcc\xec\
\xe5\xb5\xa8\xd1P\xbem\x88\xfd\xa9T\xad\x1b\xe4\xdf\x9a\
\xeaUE\xa1Ja\xb3\x9d\x9f7+\xb5\xfck\xeeL\
cE\xf1\xcarm\xf4T\x96\x8ad\x85\x9cj\xa86\
\x999\xfb\x16\xcd\x95R\xbb\xdc\xae\xda\xfe\xb6\xea\xfa\xa6\
V\xa9\xc4\xb3U\xe4\xe21*z\xcd\xec~~\x8d\x98\
\x88\x0d\x5c\xa9\xb6\xe6KE\xd1\xa9\xeei\xbf\xca\xb3r\
\xbbL\xfe\xb5\xc4\xbc\xfeV\xd6\xa7x\xf52\x0b\x1e8\
\x1c\xa4\x85\x83\x05\x0f\x1c\x0b\x07\x11K\x14-\x0c\xd2\xd2\
(\xcbp\x1e\xe7q|\x0d\xf2\x14+\xb5\xd9w\xcfJ\
\xe16[\x7f\x22+\xcb\xc5}cd\xb5\xa8\x1a\x95\x9a\
\xeb\xa9U~\xa5l\x99J\xa2\xf8i\xbd\x9c\xcd\x9d\xc6\
\x8c\xd3p\x98\x15Q\x94\x84\x00\x1c\x05$\xcc\x82 1\
\x04\xac\x013\xc0\x0a\x08\x80\x11\xf18\x8f\xa5\xd1\xf0h\
`\x98\x85\xd1@ 0\xcb\x82\xb2@\xd6\x03\xf44\xa2\
\xe5\x00%@\x1cFDz\x1eg\xc1\x91\x1c\x87hA\
\x88\x96G\x02\xaa\x1d#\x82\x18\x18\x88\x12=\x0cer\
\xa2\x87\x84\x85I\x92V\xe4\x80\xa2\x88\x02\x81\x81\x9e\x85\
\x84hz\x98\x159M\x13A\x0f\x0e\x88\xa4Dk\x9a\
\xd6\xc3\xa0$,\x11\xc4\xacf\x8a\x96Ib@\x1c\xce\
\xb3\xdcj \x8e2A\xac\x89\x81\x99\xd6\xc3\x04Y\x9c\
hqx \x8c\x84G\x83\xd3\xac\x07\x03:F\x17\xf6\
\xef9&\xec\xff\xbd\xcc\x89o\x97\xeci\x9a\xe3\xbd\xb2\
Fv\xc5[\xa1\xfc\xce\xfd\x1e\xf3\x0fQ\x15\x1b\x9b*\
\xc9#Q\xa86\xb31\x11\xdd\xce\xbf\xf7\xdf5\xd9\x13\
1\xd5\xf3\xa6\xa6\xba2NE\xa2\xb8\xc4w[d\xcd\
<\x85{\x9a.Z\xe6\xbfZk_D\xda!n\x9b\
\xe7\xde?\x9a\xee5\xb6)\xa3\xb3\xf2Yf^\xfa\xff\
=\x9bk\x03T\xd6\xd3x\xde\x86\xa8\xe0\xdda\xda\xbe\
\x1f2\xdb\xa7\xe2P\x1bO\x81\xbaj\xd9\xf1SY\xf3\
\x22*\xbf\xbc\xec\xdfU\xc8h\x0a\x952{\xbe\xaa\xd6\
oS\xa9\xb8T\x9fJ\xf2\xb0\xeb\xf2%\xfb\xab#\x03\
\xf9S91+\x82\xb2\x0a\xcf\x94\xe6\xa2\xa9B)5\
\xed\x83\xcf\xa8\xe2\xa2\xa2u\x88\xa9*\x91\x92$IZ\
\x03\xd29\x08Bq\x16%B'm\x07\x92`0\x86\
Q \xc5 \x08\x8b \x84\x10b\x14!\x84\x10B\x88\
\x80\x10D\x8c\x22$$7\xd1\x03\x95\x95\x97\xf4%\x8e\
\xd8\xab\x18\x11\xcd t\x18\x03\xe0\x22\x85\xe5i \xe9\
\xcb\xb3]f\x8ebt\x89\xe8\xf2&w\x92\x1c\x01\xd4\
l\xaa\x044H\x80\xcc\x1e\xd9\xc7\x1b V<\x8a\x98\
W\xdf\x224@\xf6/)\x00\xb4\xe0\xe3j\xf62]\
o\xb5_Y\xa0\x0e\x88\xdc\xee\x01\xf3\xbe\x227\xb0.\
\xa6:\xab+\xb1\xaa\x8c\x9e1\xab\x0e\x96\xc1\xb1?g\
\x8a\x12\xcd7\xcc\x04\x199\xc3\xdb\xccg\xa0\x9e\x91\x7f\
\x1eP<G\x04\x86]\x064\xff\xd1\xa0\x1f4\xa23\
\x01\x88\xd8\xeb\xc1\x91\xce\xaf\x04\x84\xc43S\x05i\xc4\
\x86\xd3/%0xS@=%c'\xc1\xa0\x8f)\
\x9es\xbb\x94d-\xa4\xb5\xc7~S\xd2$\xf5\x83\xd6\
\x9f\x03\xa0Dx\xbf\xc3\xea}7GTN\xe1\x97\x88\
ne\xd3\xe9\x07\xect\x03\xf0\xec/\xec\x1a\xd0`\x22\
\x8c\x9f;\x14T(\x9f\x07N@}=?\x91\xbb\xce\
\x87M\xbe?\x1a\xc65\xf8%Im`\x0d*\xed:\
>\x8e\x0f\xe7 \xf9hA-\xf2\xbeu^\xdd\x82{\
\xe3\x86F\x12B\x99\xc2V\xd3\xaf\xf2RB\xb3'\xcf\
\xf8\xe5\x80\xbd\xeag\xc1f,P\xa0|b\x17\xe0U\
\xe9\xcb%E\x19\x83\xd4]<eX\xac\x09m\x87\xdc\
@j\xee\xae\xb1\xb0\xcaxI0\xfb]\xd4\xda\xcf\xd9\
\x83\x89I\x5c\xf8\xf1\xd1\x16\xe5y\x08\xef\xd7=\xeaj\
\x81\xfb\x81\x22\xed\x84\x8a\xac\x8f|\xcc\x1bhBhr\
\xb5\xc9\x17\xfdA\xe4J\x11\x93\xe3\xe4\xcb \xc0a\xe1\
\xd6\x7fg\xef'<\xd7\xf1\xc4\xa6W\xdd\xc5j\x1e_\
!1$\x9ei\x80\xa8\xf3\xdd1&l@\xceti\
$\xc8\xee\xfbb\x81q\xe9[n\xb6\x905\x93\x97\xd9\
\xc8\x195\xa5\x9e\x95\x15J\x92\x0c\xd9\xd84\xc0\xf8L\
\xb0Y\xe9[\xfc4ju\xa5\xff\xa3V\xd8\x8b\x12\x09\
\x05M\x90\xc9\xac\x9e\xc5C\xe1\x87\xef\xa7}\x82e\x8b\
`\xcb\x197h\xad\xeaF\xeb\xbaYu\xa7\x0b\x12\x0a\
\xe9}^A\xe59\xd5\xaa\x9b\xd5\xd4\x8b1\xbe\x84\xf4\
Z[\xb4\x90\x96\xbc\xb6\x0ez/<\xbeZ\xfd;\x11\
\x86x\x86!$[\xbe-=\x1f\xb8\xb5\xac\xdf\x12l\
t\xda\xa2Y\xa1\xe5\xda\x22\x03\xe9\xc2\x86\x92en.\
\x90\x9b\xbb\x8d\xaf4\xd1\xca\xa58\xc3\x02\x22OH\xe8\
K\x22\xce\x08\xb4yx\xacg\xa30\x9f\x5c\xdcV\x1f\
\xd0\x0d$\xc6!Af\xe9\x96\xd01\xca|\xc9\x0f\x9c\
\x99#\x992\xfe=\x02\xd8b\xba\x96\xe8\x1cE\xcbt\
\xd0y7\x01\x02.\x03!\xcd9RT\xf9\x15e\x91\
\xbc\xdf+r\xfe\xf1\x1a\xfd4V\xa1\x11\xd30\x02Q\
|\x98C^au\xbb\xd3\xeeK\x9b\x89\xea\x89\xf6\xaa\
\xcb\x9bd\xc0~\xee\x00\xee\x05\x85\xd6\xe7\xe3\xc0\xce\xdf\
\xbcJS\x82R@H\xac\xb4\x1f\xce\x0f\xa9>\xe0\xa3\
\xdd\x87B>\xcbu\x89\xc7\xa3bF\xac.\xf6\xfc\xe6\
c\xbc>\xefhj\xc4\x22\x02\x93\xa6\xff\x09\xb6\x1d\xf0\
;$\xaaG\xd2\xa7\x05\xeeI\x85\x94\x86\x9d\x83\x1f\x5c\
o9\x86\x0a\x81FN\xd0\x1c*HC`~\xf7\x5c\
V\x8b\xaa\x18\x9d,D\xf0\x10\x0f\xe2n\xce\xa4\xd4\x90\
\xf3%\x0ej\xd1\x9f\xc0\xed+8\xe1\x0f\x88\x07\xba\x83\
\xea4\xde\x89\xfd\x8e\x12\xff\xc9\x08]\xf7\xdfM\x18p\
\xad~A\xc7\xc1V\x99\x01\x06:\x0fy\x83\xd9\x06\xad\
\x98\x22oy\x03pF\xf3b\xb2\xc5\xbc\xf1_\xee\xeb\
u\xa9\x88\x1b2\x09\x18g\xac\xe9\xb7\xac7\xad\xcd\xaf\
\xf6\xc0F\x91\x94\xe8w\xd8\xfd\x9e\x22\xae\x07i6k\
o\xe4\xadDL\xferq1\x80\xe6\xc9\xb8hZ2\
E\x16_J\x95\xfa!/,\xbd\xa9\xfat\x0a\xe1\x1e\
9\xa5\xaa\xaeg\x868l\xc2\x16\x8c\x9e\x890\xf6\x05\
@\xce*.\xc0\x89Jk(\xb4\xea\x11\x03\x00K\xca\
3\x19\x83\xc6,p\xb5\xd2sJ\x9d\xe8\xf7\xd2\xe3>\
;\xdd=\x86_\x18y\x8eK\xf4t\xe3\xc0V\x06\x9c\
\xa2\x11\xb5\xbe\xa6z+]\x16\xc3\xe3\xa2\xf85P\x0b\
\xdc_\x92\x81\x1b\xda\x06\x87\x00C\xd7A\x94iW\x9f\
`\x80\xe0#\x94\xad\xa2\xa0!\xd5\xf7\x9f\x09\xce]\xb7\
\xb7\xfe\x87\xab\xbd\xcc%\xb8\x06\xb6VA\xb6\x97\xe9\xe6\
B\x92^\xa6g\x86Kz\xdb\xe5A\xd9\xb4\x1c#\xe6\
@\xea\x9f\x0aO?\x08\xc1T\xf0\x0bI#\xa6\xaf\xf8\
\xb7r\xd7\x17\xea\x98\x17\x88\xcfQ~\xde\xfd\xa0\x97\x9d\
\x92]\x19\x0e\xba\xdb\xe5Q\x22\x95\x99\xd6\x11>\xf2\xad\
s\x0a\x97\xa8^\xd1\xa2\xa3'\xf2\xe9Xi\xdd\xbcA\
\xe95\x1e\xf8\xf6=H>\xc0\x87\xd7\x80\xd2\x94\xa8\x89\
\xd7_\x09?a\xc3\x087\xf9'B\x9c\xb4\xdc\x93\xd0\
@#hn\xdcI\x81E\xc5\x17^\x14\xfb\x9b\xae\xc4\
\xed+\x94o\xcc\x9a-n8\xb6W+\xeck\xd3\x9c\
0\xbe9'\xa4\xa1\xbe\x1e\x87\x9f\xe5V\x1b\x82\x1ac\
K\x97\xb4\x9b\xe1W*%F+\xe6\x14 %\xf3Q\
\x15\xce\xc5\xa4\x89\x9f^\x8b\xb6\xf4j\x8f\x84I\x1f\x94\
\xd7\xe8\x82#\xca\xb6))\x17Z\x84\xe4\xe9\x85F\xd6\
\x10B\xb8\x18B\xae\x87\x09\x05@~\xad?\xd3'\x04\
\x0d\xc6\x0b\xc4\xdd_!\xae\xfa\xa6\x04\xb1B\x07\x01\x9d\
\xab\x0b\x09\x1e\x83\xa4\x0c\xe7\x1b5r\xa5\xbb\x0a!&\
t\x22G\xe5\xa2\xa9\xe1\xfe\xa8\x81\xd6\x06\xb4&\xbdt\
\x02\x10\x13@J\xa7\xdf <=\x17\x90vzD\x16\
\x9dk\x89>\x15b\xfa\xb25\x09\xe1p\x08\xf41h\
2\xe3\xc33C\x1f\xcc+.\x90H:W\xa5#\xdd\
\xf3\x22\x0d\x06\x99Hs\x17\x9d\xa4\xc2\xd28\xe3W\x12\
\x8e\xa8*\xe16\x04lVj\x00\xf96\x1b\xc8\xd6\xc3\
1\xa9\x7f\x9f\xaf;\xa2u\xc04\xf2\xe2\x11\x9c\xb3\x0e\
\xc0\xd2\xee/\xe4d\xfb\xb4\xa6r\xf8\xe7|\xd41\x7f\
\xd2\x93\x98\xf4\x83cK\x0ehxhQ4\xd31/\
\x93i\xd2{\xda\xc4\x90i\x0e\xab\x05\x99%\x1b\xbaZ\
\x93\xea\xa2\xde\xf2\x15?\xb9\xc5\x7f\xa6\xc8\xf0tm\xfe\
\x07\x81T\xda\xd6\x8f\xac\xba\x95-fJ\xa8\x99\xec\xd4\
u\xbe\xf3J\x15&\xd3\x80\xa7\x8f1\xc9~\x0e\xd8\x15\
`2\xde\x8c\xd5'\xc5\xf8m\x86o\xe8q\xa7,\xb1\
\xd0\x14h(*\x22q\xe9\x16\x0d\x16\xfb\x01\x85\xfc\xea\
\xcc\xe0(S8\xb0\x94k7\xec\xefuZ\xc5 \xe2\
p\x8d\xb7\xc9p\x00\xd0\x05\x85,i\x1a\x0f\x1a\xb7:\
6\x0a8\x01rB\xaa\x89M\xa5N\xeb\x092@i\
U\xe6c-P\x95\x99H\xb4\xd3\xf9,\x91\x04\xa0q\
\xaa\xb9C\xa2\xa4\x85\x99\x8f\xe3\x7f\x07\xf0;\x00\x81\x03\
\x5cJX\xdc\xb1\xc9\x1f\xa6\x7f\xe8\xa8\xc6\x19\xd8\xbbU\
x\x8a\x06`9<\xecK\x15\xa0(h\xec\xbb\x04\xa5\
\xf9c+<\xd2j\xe6\x16\xf4\x90\xa9\x8ezd\xd5\x9f\
\x80s\xd5\xff\x97@\xf1\x06\x9b\x09mT\x19O\x99\xed\
\xe9\xa5\x89%\xbdC\x19u*w1\x09\x14\xa7\xb3\x91\
\x96G\xf5\xfd\xd6\xae\x9c\xa2>\x13\xce\x11\xd3;\x92%\
\xcaP\xe4NP\xc8\x83va\xbc\x0e\xf1\x09Q\xb3\x0a\
\x98\xa2bx\xadln\xbc\xfd\xa6%f\x09\x990\x03\
\x86\xf0\xd3\xa0\xdb^\xe7\xa5\x88a\xb4\xc5?G4'\
\xbc\xf6\x0c%\x13\xab<\x86#\xd3\xea\xc2\x1b\x85\x8f\x19\
\xc8\xbd0\xcb\x16xJ\x02\x19\xb5\x864\x03\xac\xb5\x0e\
\xd2\xd0\x95\xe8bV\x8f\x7f\x16>0\xe1\xeew\x9d\xce\
\xcd0s\xb3\x9et/\xadB\x00\xc1\xea\xf9\xbd0\x04\
\x06=\x06\xd4\xb7\xec\x07\xe16\xb0\xc1w\xc6gY\xe8\
\xc9{\x18\xe2x\x81^\xbf\x8f\x9a\xd6\x98\xa4I\xd9\xf5\
\x9d6\xc7dBY\x86\x93\xfd>\xe7\x1eE\x91\xc9 \
e\xf4\xe2\xe1\x8eB\x0e\x88\xbce\xbe\x07*\xd7T\x1e\
\x0d\x1d\xaeF\xff\x8e\x01J\xb2\xb3\xdf\xcaJC\x9e\x01\
}\xcb\x22Yc\x8cD7\x0b\x03\xb7\x0a\xec\xca\xd0\xf5\
eS\x9e\x81+Ne$O\x86ZJ\xec\xa6R\x1c\
\xc3\xf6X\x1a\xe4\x951Z\xc3\xf9\xa2\x22~)\x9b\xc6\
\x8ep3n{i\xfc\xcb$\x05W\xde\x86\xd8|\xe5\
\x19\x0eV\x0d\xa3\xce\xddn\x8eq\x0aH\xe6\x1b\x91\x8a\
aJp\xa2\x12,3\x90\x18\xc8\xd2,\x01\x8c)\xae\
(]\xa5\x87\x16m\x87\x96BR\x8b\xad\xbf\xca*\xc3\
r\x05\xe4\xf2\xe4;\xcf\x1b67\xc6\x86\xeb\xe2r\x05\
\x19\x0b\xd7\xd0\x02\xc9\xcc^\x05M\x91\xb1^\x1f\xda\xf2\
`\xb0L\xac<e\xb2}\x1b\xf2\x1eG}\xde\x91a\
\x1d\xb1\xdeb%\x159D\x95G\x0d;\xce;?\x81\
\xc7\x84\xb2\xc2\xb2\x01\xc5YALr\x9e\x8fvi4\
k\xbf)Y\xb8\x08\xbao\xdcx\xf2\xad\xdb\xbepG\
x\xdbC`\x00\xfepg*\x80\x1c\xb8\x83\xa5\xf5n\
m\xf9\xac2\x90<\xa6\x08%x\x8fN\x05i\x8c&\
\xc0\xfc\x82\xf71\xc0\x1d<\x18D\x7f\x87\x01Ld\xb4\
x\xfc7I\xfaD+\xde\xac*\x8b\xa3@#\x9c\x8a\
\xc6\x00\x17\xe2\x1e\xcc\x00\xd0$nIB,\xe8P\xe7\
\x98}\x8c\xe3\xc3\x12\xa4\x15\
\x00\x00\x10\xa5\
(\
\xb5/\xfd`dl\xdd\x84\x00Z\xbf\xc0\x1d*\xe0N\
\x88\xd3\x01\x1b,56\xb0\x9f\xe5o\xa2\xf6\x0d\x80#\
7\xaeq\xb1>\x85z\x0d\xbb\xc9n\xb2\x8b\x92p\x07\
\xf9(0\xcc\xb09\xf2\xe1\x1a\x02\xbc\x01\xd2\x01\xfa\xe6\
\x98\xd9\x95\x98\x168\x11&o\xd4\xc4\xc6\xb6\xc6\xf9\x5c\
\x88\x9f\xe6\xaf\xa5\xa95-\x9d\xa6\x82-\xa9\xbf\x8d\x95\
\x97\x96\xb3e\xcf\xf3\xdd\xea\x16H<\xa0\x88yP,\
<L\x22\x0c\x04\x81\xa7\xcf\xcc\xa4\x8b\x97[\xbe\xed\xac\
\xc5\x8blZ\xad\xe9n\x17\x7fy\xd3\xdb~n{&\
s\xbf\xa6j\xfaq\xeaWlT\xdc\xe5\xb4\xafY\x87\
u\xcd\x97z\xbd\x8eZ\x96\xd0\xd9\xcd\xf1\xae\x0ck\xcc\
\xce\xa5v\xfd\xb4\xae\x97\x10\x9d\x1f\xb7^\xf1\xf3\xb5\xf6\
x\xf3\xb48O\x7fW3-*\xb3\xea?r\xa9e\
Z\xc5\x1d\xafq\xc4<\x1c8\x074\x10\x04\xa4\x80\x08\
\xf3\x98L \x98\x04\x1c\x87\xa5\xe4\xcf\x02\x12p 1\
\x90G\x12y$\x04\xc8\x89 \x0f\xc7\x82\xc1Y\xa7\x8d\
\x9c\x89\xc3\xf1\x1cc\x22z<\x02X\x02\x03z O\
#9\x90\x89h\x92\x92'\x9a8\x93\x08\x22\x0d<\x00\
9\x13\x88\xe8\x11\x89\xa0!\xd3\xed'8\x90\x03#\xe5\
o\xa6\x9d\xb3\x97\xe3\x1bg\xf5\xa1\x82\xcd1\xebnb\
\xb3\xf5\xb1\x8e\x15\x0b'\xf1h\x18(\x01\x88q\x16\x8a\
\xc2\xad\xd5\x1f\x0d\x0f\xe8I\x0f\xccl\x02OaL \
\xc9\x89\xa8\xe1H$\xba\xa7\x13\x87\xd30hPQ#\
\x02\xe1H\xd1\xa3q\x14\x0b\x8d\xa7a(\x8a\x8a)\x12\
O\x01\x11\xce\x03R\xee\xcb\x18\x87{\xaaXh\x1e\x91\
C\xc3\xc3qPT,8D\xcd#b1q\x1a\x8c\
d\xe2<0\x91&j\xca\xd2\x01\x10\x1c\xb0\x88\x9cH\
9\x0e\xa7\x01A<\x93\x92@$\x18\x0b3\xc3$\xc1\
D\x91\x89IJ\x88\x0b\xb4\xc5\xff_F8\x1a(a\
\x12\x99D\x9e\x87\x87\xa7\xe18x4\x1a\x8a\xc5\xd5-\
&Q\xc4yp \xce\xa2\xd1@ \x08\x89b\xa1\xd1\
0&\x11EQ\x10\x1a\x1cL\x18  4HIQ\
X4@O=*\x22\x22b\xb1`H\xa2\xc8a\x81\
\xe2H\x98\xc6\xa4\x82\x88\x02\x8aC\xf4\x88P\x1a'b\
\x1c\xc8\x00%%\x00\x18 4\x18@\xf1D\x14\x0bN\
\xe4\x810M\x84\x89&\x8a\xc2\x13\x02\x10D\xa0Xh\
\x88<\x9a\xa7\x11q\x14\x85\xd5)\x16\x22\xcfc\x029\
\x0e\x14\xc8\x83\xc4\x00\x0c\x02\x8e\x06\xea=e\x22\xa6a\
\x22\xe7\xc1Z'$\x1a\xe7\xc1\xe3\xe1!\xc1<L,\
\x9a\xe1\xa7\xc8#b\x02a \x0c\xc3\x03iH\x12&\
2\x998\xcd\x13I\x140<\x12\x12\x88\x07\x88\xc6\xd3\
H<\x0c\x0c\xc9\x81\x80\x22\xa8!\xe2q\x988\x13\x0c\
$A\x10D*\xdaw\xa9\xeb/b\x196R\xd7y\
\xb9\xf6y\x1eD<\x0d\xe301\x04\xc8i\xa0\x87A\
\xb1\xe040\x12\x86\x01\xa1\xf9\xf4\xcd\xdd\xe6\xe8\xa9\xfd\
M\x97\xbd\x10_\xad;\x1d\xf3-\xe5f\x9f\xbf\xfe\xa7\
\xdb\xe6\xd6\xeb\xc3\x7f\xb6\xca\xf4\xec\xcd5~M\xab\xc3\
\x94\xaaM\x9e*\xe3H>7\xf9.^Z}v\xa2\
&\xbe\xc3\xa4v\x99\xf0mU\x93\xa7'\xcetl\xe9\
\xb7\x171\xed~\xd2\xa8\xe1@\x1e\x87\xc8a\xa0a\x1c\
H2QxO}\xdd\xba\xe5\xf7\x16Q\xad\xac\x13*\
\x22\xaf\xf9w\xef\x17\xaa\xc3\xda\xd7\x8c\xba\xaa\xdc\xe9\xd8\
\x92i\xa3YS\x87s\xc9\xce\xfcS\xab\xa9\xa64M\
g\x9a\x9b\xdcl\xcf\x13>\xdb\xe2y\xdb\xbb\xff\xdf\xef\
\x1f\x16\xea\xeb\xef\xf7\x1b\x7fR\xcf\xe5\xd6\xfb\xecN\xe8\
y\x88\xda\x88\xbb\x88\xc9lw\x9d\xc7\x8d\xc7\x97\xbe^\
\xcf\xc6\xab\xab\xd9\xa7\x9c\xa5\x9b\x16\xc5\xcde\xacN\xb8\
\xba\x97\x94y\xdb\xfeL\xbf\xfc\x8e\x7f\xed\x8a\xbb\xe1h\
\x18\xbc\xfc\x5cg\x1a\xbbMn\x9a0\xf3\xf6\x9f7S\
\xadZ\xcd\xfd\x8b\x93\x93\x7f6\xed\x09M1\xf1\xa7&\
\xfd\xecd\x89\x8b\xe7\xa5}\xed\x87_\x8af\x8bu\xed\
\x9b\x9f\xe9o\xe8\xeb}\x09s9\xef\x8f9cN\xce\
p\x8em\x98O\xda\xaa\xee\xcbV\xcc\x9bI\x175\xf9\
\xf6Y\x19&G\x0bS\xbfq6ag\xc3\x09\x1f\xcd\
\x1aLZ\xf2\xb3\xd4c\x18\x1c\xec\x8b\xc5\x98\xe3\xe8|\
\xb2Gf\x03j\x96g\x9d\xf0\x9a\xba\xaa\x8fy[\x89\
\xa9\xd7\xb6\xfc\xe6\xdf\xb6v\x7f\xe5\x82\xfc\xcd\xba\xef~\
\xe5w\x8b\xaf*\xd6i\x14A0\xfc\xe1};r\xd5\
\xd1$\x5cBt\xcd\xb6\xdb<\x89\x89\x84\xb8\xef\xf8\xae\
\x10\xea\xdcT\xce\x86\xd6\xcb\xba\xbc\xe5\xde~\xd9\xd7E\
\xddO\x0d\x99v\xf1\xfa\xce=\xaf\xbe\xd5\xb2\xbd8\xd1\
_\x93s\xd7\xb4\x91\x15\x14\x12\x16@ \x08F\x0a\xf0\
\xbe\xa9\xd0\xab\xb5\xce\xfa\xbc\x5c\xb8\x9e\xbe}z\xfd \
\x91\xf5\xbd\xad\xb9\xb1\xf1[\xd9\xf0\xb2v/)\x7fZ\
\xda\xab\xdd\xad\xf8\xd5xwu\x5c\x99\x90\xed-}w\
\xa5yy\x1f\xd61\x01\x87\xab,\xf0\x96\x85\xbcp&\
e\xd9z\xbc\xdc2S\x96\xbf\xbdW\xabS\x18%\x0d\
\xa2l{\xa9\xf6\xfb\xbd\xee\xba_\xf3s*\x1b\xde\x22\
/\xda\xe9\xf7&e\xdf\xd9\x16\xce\xc4\xbd[\xb6\xb3\xfc\
<\xf3\x95\x99\x9d\xbb\xd4\xef\x8f\x0d\xcb\x1e\x90\xc8\x83!\
\x99<\x9aN\xe9\xca\x13\x5c(\xaa\xa6P8w\xd7\xc5\
\xf2\xb4dbor\xd95l\xfa\xb4\xc9\xbc\xd9\xcb\xee\
N\xddw+\x15M\xed\xdd\xd2\x85-\xef\x99\x0b\x15[\
\xd0\xae\xdf\xbdLi(y|\xdb\xf5\xcd\xef\x96\xd5\x99\
K*\x96\xcb*\xbd\x89\xcb\xb6s\xa9*\x06(\x86\x0b\
+\x0c\x9cO\x16\x0a#\xf2x(h\x22\x0c\x01\x1a\xc7\
\x81\xc3p \x10Pr,m\x97\xc6W\xa8l\xa7\xba\
V\xe2r\xb7\xd6Z\xa9|\xfb:\x10D\xc48H\xd0\
\x13\x89<\x8d\x86C\xc4H\x9c\xc8\x13aL0\x10\xc4\
4\xcax@ \xc7?\xeb\x18\x02\x18\x93\xc0p*x\
 e}<\xafN\xcbor\xb7o\x83\x82\xa7%z\
\x90@<\xa7,\xe000\x90\x86E\x03\x07\x12=\x14\
\x80@\x1e\xd1\x03\x8b\xc7\x83\x03-\x18@\x1e$\x02x\
x4\x88\x18F\xa3\x81x\x18\x98\x0a\xa0G\x02F\xa3\
\x81\xc0\x01\x0e0\x02\x08\x0d\x1a\x1cL\x16\x0c<\xf5\xee\
\x83W\xf6|\xd7m\xb7\xf2e\x15\xf3u\xf335\xab\
?\xdd\xf2\xab-\xed\xb9]\x9b\xae\x9e\xbb\xc8\x8b\x86\x85\
\xd9\xe5\x8b\xe3\xd9\xf1\xb7\x15\xdb-e\x9b<;UM\
5q\x1f&]\xbbL\xb8\xfe\xb6\xae\xc9;=\xf13\
~R\xbe\xbdN\xd8\xd6\x96L7y\xf1\xef\xa7\xe1\xa7\
+\xe4\xe6\xdb\x82\x8e\xd6u\xaaY\xaf\x8ax\xdb~\xce\
\x97\xa9\xdc\xe1YR>}9U3\xc6F\x13\x8e\xfd\
\x963e\xf7\xb5\xf3Y\xaf\xdd\x9c\xaf\xb6v\xc1\xc5J\
\xe5^\xb9\x99]\xeb\xf6_\x91\xdd\xbe\xad\xb2\x13z\xde\
\xa56\x98\x04\xc5N\xc4}_\xab\xbe\xb4(\xaaw\xa1\
\xf2\xce\x9f\x9e}\x0a\x9e\xb2\xbfW\xdf\xd2\x8f\xdd\xfe\xfd\
\xb5\x8b\xaau9[\xb6b\xb1\x84\x84\xf9\x92\xbe>\xf6\
a5\xf3\xbaZ\x16\xff\x82\x8b\x9d\x85\xa8\x09\xf5\x81^\
g\xbf\x1b~\xe9\xa1\x95&\x05\x92\x96S\xce\xd4vo\
M\xec\xfc\xc3M\xe5\xf8_\xbfp\xe1\xcfU\xb8\xf5\xac\
\xeb\x96E\xcd2e\xed\xee\xd2\xfds\xbfS+\x97\xf7\
\xed\xadU\xde<oK\x17\xcd=\xac\xbb\xb4\xa0_:\
\xde\xb1\xfb~\x9d\xe2\x88\x8a\xf7\x87\xe9\xf6\xbc\xac\xb9\x5c\
\xb7|7*\x7fe\xdf\x9e}\x1ef3\xd0\xc9\x12\x1b\
\xf31\xef\xbb\x13}\xcb\x10\xadlYF\xbdJ\xe5q\
\xf9\xda\xca\x17\xce|\xae>\xd7\xc4\xe6\x8a\xc9\x96\xbc\xa4\
\xf4\xf5b\xfc[\xac\xa0m).\xbd\xcc]x\x8a\xbb\
T\xc4\xc5\xddv\xfe\xdas\xbf\xd3\xe7\xfcMo\xeb\xf0\
\x7f\xe0\xe5\x9d\x85x^\xb7\xe5\xb6hr[\xa9R\x9c\
\x14\xc7f\xdb\xfa%\xff\xd6+\x8f9\xed\x07\x83\xfc\xa8\
r\xa2\x16f%c\xa8DD$I\x92\x0c\x07\xf2)\
\x08Ba\x12\xe5aK\xe9\x01\xb2h8FQ \x04\
!\x08\x86@\x0c!\x8e\x10C\x08!D`\x08#\x84\
\x18\x09\x84d\x8as\x0c*\x86\x7f\xe6\xca\x83\xc8\x00U\
\x07\xbdR\xc2\xa9D\xc3\xab\xb3w\xa4\xeat\xc1\x85\xc4\
\x8b\xdf`_\xa0n\xbd\xb5\xbb\xf8Os\xf2\x91\xa2\x81\
\xaf\x94\xdc\xe5#d\xbcQw+\xb9m\x8d;\x0ei\
\xc9\x10\x0d\x18X\x1c\xcb\xa7F\xed^\x10\x22Fc\x97\
\xa2\x97\xec\xc3\x08\x05\x8d\xb6\xb4\x91\x08\x01\x01\xd3\x95F\
\xe2Z\x07i\x08\xdb%\x94\x02t\xe6\xe8U\x14\xae\xa1\
\x96\xb5\xc3\xda\xc2\xda\xd7-\xa0\xa8\xfe\xb3\xa3\xeba\xc4\
G\xc2\xf73{\xd5v#\x0b\xc5\xc3R\xb1\x91\x18\xa3\
\xf3\x1c%\x0c\x85\x82\x9a\xb3\x92\xcd\xbd<\xb1i\xb4\xfc\
\xdas\x09~\xf72\xd3\xf3R\x10\xe3\xa6p\xe1c\xac\
e\xe7f\xa9\x06\xdfd\x94\xaccU\x1a`\xac\x0a\xc8\
\x04d\xc5\x98c1\x18\xe6\x852\x9d\x991\xbbd|\
\xd9\xe3\xc4\xaf\xda\xb1n\xd0\x83\x1e5\x05\x87E\x14\xc0\
(\x04&$\xef\xd4\x8a\x96\x99\xe68\x8dxKn\xd5\
\xd2\xab\xaa\xc0-6\xd6\x82\xc1\x1c\x11\x99\xaa\xe3\x08\x89\
H\xb1\xa4GF\x83\x15\x15\x91\xcc\x02\xe7\x0f\x96`\xc3\
\x96E\xb4d\x1c\x7f\xf1X\x82\xafu\xf8\x12\xbbgG\
\xcd\x1f\xb4\x0dT\x94\x82\xde\xa0\xe3k\x5c\x93\x95\xbfD\
\xc0R\xcc\xe0\x0b\xf7\x80\x0b\xf16\xcc\xe3\x1bq\x88\xa3\
\x98\x9f?\xaa\xaf@\xdd\xc1\x91\xd1]>G\xba\xaa\x07\
'\xc1X\xf9\x9b\xc2\xb6\xa9\xa6W'\xd44\xd9\xe0?\
K\x9dA\xb9\xc4fW\x0a\xe4\xefln%\xa7+d\
p\x95\xcd\xfc\xea\xb7t\x97\x8e\xc2U\xf6\x00`)g\
u\xea\xd50?\xf3\xdb\x17\xbf\xc2\xea\xedk\x00\xbd\xa2\
\x86\xdb\x13`\x06\x80v\x97\xea\x8f\x00!2\x9fm\x1e\
<\xde\xe7n\x17)\x9f\x8d\xcbQx\xdd\x0b\xbf\xdb\xe5\
W\x058b\xc6\x16\xb5Z\x0a\xbc\xd4\xa6\x83S\xa0\xe7\
/>\x0d\xc0\xf5\xa8)\x0e\xf0\xb0\x7fQ\xad\x1d\x87\xc7\
\xdcl~Uo\xca\xfa\x13\x5c\xc0\x84n\xf7D\xc6\xa2\
8 *\x19\xa7C\xd1FJ\xacfz\xdb\xab\x81X\
\xb5\xf5\x7f\xc1L\x07\xf5:\xb3\x96x\xbdD\xb1\xe5\x22\
2\xe2\xa7\x01\x19\xbcJ\x0e\x8c\x05,7\xc9,d\xf3\
\xf6e\xe4\xc2\x1c\xc75\xe4\xec\xe9\xae\xcaSk+\x87\
\xf9\xce\xc8\xf2\xb5\xf8i\x8e\xa7\xe7\xec\xc6\xa6{\xfe\xf2\
\xbds+\xa7V\xe9#;\x89f;CC\xd0\x18\xd7\
?\xe9I \xa4\x05\x81K\xe6r%\x95j\xd4L\x17\
\xa0\xc0%b\x98vP\xba\xc4\x8f`)?R\x18\xfd\
\xb8\xd2\x8b\xbb\x10l\xa1\x8c)\xd0\xaf\x85\x0b\x19\x94\xee\
G\xc1\xb8\xdf\x0cZ\x92\xc9\xbe,\xfc\x1dlqn\xa7\
f\xcf\xf8\xe8\xb2C\xba\xf7\xf7\xc9\xc4-F\xe9\x89V\
f+\xba\xfd\x09\xe1v]\xaa\x8cN\xd5E\xc802\
Gpz\x1fa\xe4\xbbC\xebc\xc9E\xca\xe1]\x02\
\x04R\xed\x83\xbc@\xb8\xff4\x8a\xa6$\x82\xdc\xad\x09\
\x98\x84 \xa9\xe8\x13\x90l\x03\x83\xef\xf0\xa4;|\xcc\
\xa7>^v\xe6Fo<\x10w\xf9\x80P\x96\xf6U\
B\x0a1\xe6\xe6\x9b\x01\x12\xa1\xd2\x8f\xd3A\xa8\x1e\xc8\
\xef\x9a\xfe\xdcw>\x97\xc4\xc3t\xc1\xacM\x07\xaac\
\xe2#\x04DX\xcc\xed\x14\x10\xec\xa8{\x13\x9d\xc9\xf3\
\xb8p\xfdS\x96\xfb\x05\xd5\xd4\xdd\x0bW\xc42l\x8a\
JH\xe1O\xda\xc1?\x1af\xa9\x16\xf2\x92\xd3\xfcB\
\x10\xbe\xa7\xd1=\xf4\xe5\xbew\xebw]H\x0d\xf7Y\
\x15.\x03I3\x13\xa8\x1a0\xc0\xef5\xd8\xfa\x05~\
\x80f\xd9\x01[&\x93`\x01\xa9\xd3\xc6\x8a\xcb{\xc3\
\x22[\x1aZD/\x11,>\x01\xe4\x90\x02\x18\xa8\xaa\
\xb0\xef+\xff\xc6\xb9BB\x16\x019\xf4 \x19\xcc4\
\xc1]\x18\xd3\x87?C\xf4s\xe0\xc0\x1f\x99\xeb\x88\xcd\
\x98\xb3\xdcH\x9d\xed\xdf\x87\xd1\xb7\xda*\xe6\x09I\x88\
\xa1\x8c\x1e\xd6$w\xcaypfq\xa0\x1aG\x91\xbc\
\x90k\x0f\x81m\xc6\x9c\x14\xd7\xd1\xa3\x1a*\xf6\x85\x1b\
\xd7\x1d\xe8\x08U\x0cT\x85\x1b\x92\xe8p\x5c\xa9\x22p\
\x11U\xb83\xed\xe4#\xe0tX\xf3\x1d-?\xbc?\
\x88\xb6\xee*lLR\x8ed\xacV1\x8f\xee\xa9\xe2\
\xaaRL(\x8f\x08RN\x9d\x1f\xa9\xbfT\x0a\x0e\xa6\
\xdb\xa5Q\xc4\x95\x84\xd1\xc2\xb8\xa9\x83\x87\xb8\xe5\xfd\x0d\
\x99@\xc2R\xfc\xcb9Q\xfe\xd8\xd2L\xa6{4&\
\xa2r\xe2@X+h; \x86\x09I\xf6\xf4\x926\
\xb8\x9f\xde\x0acH\x96\xa8\x1bq\x8f\x5c\x99\x1c`\x1a\
\xea\xee\xd3\x89\x94\xe1m\xbb\xd3\x91\x84z\x87\xb0\x1d$\
\x92\xfe\x18d\xad\xaa\x89;D\xcb\x91N[v\xed\xd6\
\xe8\x9c\xc2\xcf\xf2\xdc\x86\x00\xd4>`YW\xe3^]\
\x8e\xc8\xd6\xf4\x09i\xab\x95\xfc\xf1\x99\x17$)N\xa1\
\xdb4\xdf]*\xc21,P\xa8\x02\xe7\xa5+\x16\xe0\
.\x94\xe2\x92\x04\xf9\xa77\x011\x82u\x5cE\x0d\x88\
\x11iV4\xe6\xd3\xa9\x85\xe9G\x83H\x1d\xa4\x1c\xe0\
\x98\xc0\x8b\xd0\xc3\x07keH\xfcz\xad\x8ao\x88\x17\
\x16\x89R\x02k{\x15\xa7\xf8_\xaf\xc2\xfd\xafQY\
2\xa0,\xee4\xe6\x0b\x88M&+\x94\xb5[\xde0\
\xf6lm\xeea$Z\xa8{0\xe1\xe3\x90:\xbf\xcc\
\xc3\x1dq\xa0\x92\xd9\xa2\x8c\xb1\xa6\x82\xcd\xed\x81\x0aw\
\xabY\xb9%\x98\xabg\x93= \x8d@\x15,Ue\
I\x93\xbaT\xb4P\xd6\x11\xb9_\x1f2\x84\x7fY\x91\
4\xb3\xb2\x97\x9b\xe2\x0d\xcc\xd1\xc0\x80\x10\xecr\x95\x14\
,\xc7\x960`E\xcb\xc6\x10\x89\xc123\xa1\x7f\xf3\
\xcc\xe2\x96\xbe\xee\xc2\x17>\xe8\xd7\x1d:\x8cef\x0c\
+\x02\xe2\xe0\x0f\x9a\x00HB\x8f\xe3\x9f\x94\xcf95\
i\x19\xbfS{\xdf\x0fT\x9dh|\x08\xadK7A\
N\xcd\x8a\xbfim\x80\x97\x1e\xdd\xfd\xc9S\xaf}\xee\
\x9f\x8e\xe5\xbb\xd9J\xfcO\x1a\x96\xe9\xc6\x15\x03\x00\x0a\
\xdaZgb\xe6\x83\x8c5\xfa\xda\xf8=U\xf6\xae\xe6\
\x8bw\x17]\xb7\x16\x11h-\x08?\xa7\xaf\xb9\x84\x8d\
\x96\xc7\xad\x12\xd5\x1e^\xca\x9b\xee1C\xdb\xebdh\
\x1d\x8c\xa7C\xbc\x8e1\xe8\xf8p\xd1@\x10\x1a\x80P\
 e\xb8\xbb\x9e\xcb\xd1D\x9d'\xc9\x19\x16\x96n9\
\x99\x80!9Y9\xe5\x07\x9e\xbdR2V\xc2|9\
\x01{\xaf<\x97\x0f{\x16+\xaa\xf3\x9c,}Ao\
\x0e\x8d>e\xb1[}y)\x9c\xceFyxs{\
s-\xefm\xf6\xb8\x08$\x16\x06\xf6v\xe2\xf9p\xef\
\x8b\x0e\x03\xa5\xf5?\xd0\xba\xd6\x0a\xd0H\xe4j\xb0\x03\
$\x1f\xd2m\xac3\xddq\xfcF\x95\x03\x9e\xe44*\
{N\x91\x92\xe1{z\x05*\x90\xed_\xb9\x91\x0a\x92\
\xb59\x1a\xa4b\xd4\x0d_\xa3\x8c\x08\x07\xa5\xa9\x95\xbc\
(#\x88\xe3\x96\xa1=2\xc0\xc4IN\xb0\xee\xef\xc9\
T\x9eZ\xa9\xb6\x88\x13+G\x91D\xac\xbe\x0a\xbc\xd9\
'\xcc\xff\x8e\x83\x1d\x03\xf3\x90\x7f`/\x8d\xcc\x8e\xec\
\xbc\xa5\xb2\x9f\xd9\xd4\x07\xcc\x84\x00}X\x0b\x1c\xa4\xfb\
\x93X4\xe5\x98\xf8\x95\x9c\x12\x22\xe3\xc0\xd9\xab\xbf\xdf\
G\xf11u'\xe15\x93\xbb\xd5\xfab\x1f\x064P\
\x91\x97\x10\x93\xc0\x19\xdd\x02\xd5,\x04\xec\x02#\xbb?\
\xb3>\x93\xb1(\x07\xd3\xf7\xfe\xbf\x09\xb0n/z\x19\
\xfa\xed#\x7f\xb2\xfc\x12\x0e\x9cS\xc6\xd8\x13\x02\xfc\x17\
0\x9c\xe3\xae\xc2\xe0\x0c\xd9[2\x5cic\xaf\xff\x17\
:\xe6\x87\x93JfZ\xa6\xf0/0o\x13\x87U<\
\xe8tno\xb7\x18Q\xd4\xdf\x99\xee\x99\xad\xed\x87\xc9\
\xfd\xc0p5_\x1d5&\xcd4S\xd6\xa6\x229;\
\xe8\x19\xab\x16\xa2\xf5\x81\xed\x8aR0kZ,\x803\
2~_jM\x8e q\xc8\xf2\xbb\xf0FAz\xf8\
A0\xdb!l\x98HT\x09\x97\xb5\xb8\xcb\xcf\xd4\x8a\
,\xece\xca\x9b\x90r\x05\x06\x16c\x13\x85\xa1\x189\
\x15\x03M\xa1\x1e\x19\x98\xbca\x9c\x0f\xf8\xf4\xccr\xb1\
N\xc0\x8a\xd2yv\xf6\xcf\x94$q\xe1\x89\x7fu\xfc\
#\x07\x9f\x04\xe4\xa6#$S\x9aH\x05Y\xb9.\xb3\
_Lu\xe4\xdb\x9f\x13\x90\x9e&Ln\xc7\x8dkQ\
:\xf1\x08\x03\xd1\x87\xc8x\xb5\x1fZ]!8\x8d\xde\
\x8eK\x17\x0ap\xc5\x9a\x9aO\xeb\xb3h\x0b\x8d\xb9\xbb\
\xffqF\x00\x1a\x10\xda\xac\x05\x00V\xdf\xdc\xc5s\xc7\
k\x1a$\xb7\xe4\xee\xd5n(\x9f\xad\xe0\xd4\xd7\xdb7\
T\x1b\xb6j&\xe0\xf5\x07\x8f\xdb\xa3,*9\x01\x8a\
A\xfe\xfc\xc7\xcaU\xf9\xcb\x08=|\xe0C\x82\xc5%\
\xa6\x9f\xeb\xea\xac2\xaf\xec\x893\x8ea\xee\x059\x1a\
\xb3QR/NsJ\x898\xc1\x1b3\x82\xb1J\x9b\
\xe6&Uk\xcaE\x07j=\x14`r\xe1\xbeL\x8c\
s\x1aF\x16\xcb=p\x02\x09\x99Ly\xc4\xbbJ\x04\
'\xe8\x8d]\xe8\x91\x99ea\x81J\xea\xcf>w\x82\
[\xf7\xdaR\xb1n\xbck\x85\xa7BC <\x92u\
\x08.\x86\xbfy\xbf\xdb\x81DI%\xfed\xa8\xd9\x93\
\x89\x86,X\xa6cgpRcc\xe3\x9c\x99\xb5!\
\x99\x0c6\xc1\x0e\xcc\xc4b4\xbd\xce\xf5\xd4g@\x92\
O\x04\x84\xf1\x87\x10@\xf4\x18\x00\xc0\xb6\xaa\x96\xf3\x8b\
\x09\xc4\x1b\xca|\x82\xe2\xbe\x87Aohe\xdeP\xd0\
\xf2\x03}\xc1\xdcBXs`|Ri3\xdc\x17\xd8\
|\xe2\x07\xde\x9bPRC\xee\x8cL\x8c\x0b\x1d\x9ed\
}\xb9\x00\xbe\xdd\xc7%P\xb6(\xd1\x0f\x9c=\xd9\xee\
\xc3\xb8\xa7\x15\
\x00\x00\x10\xab\
(\
\xb5/\xfd`\xfbi\x0d\x85\x00j\xbdt\x1d+\xe0n\
\x86\xd3\x013\xc3\xeb\xe57\xf0<\xdcD\xedu\x04n\
\xd0\xccf\xf6\xdd\x01\xac\xacOv\x93\xdd\xe4/\x02\x85\
\xe1(0\xcc\xb0q\xe4\xc3\x01\x18\x02\xb5\x01\xcc\x01)\
\x00'\xc2\xe4\x8d\x9a\xd8\xd8\xd68\x9f\x0b\xf1\xd3\xfc\xb5\
4\xb5\xa6\xa5\xd3d`K\xeaoc\xe5\xa5\xe5l\xd9\
\xf3|\xb7\xba\x00 \x1cP\xc4@\x12\x0a\x90I\x84\x81\
 \xf0\xf4\x99\x99t\xf1r\xcb\xb7\x9d\xb5x\x91M\xab\
5\xdd\xed\xe2/oz\xdb\xcfm\xcfd\xee\xd7TM\
?N\xfd\x8a\x8d\x8a\xbb\x9c\xf65\xeb\xb0\xae\xf9R\xaf\
\xd7Q\xcb\x12:\xbb5\xdeua\x8d\xd9\xb9\xd4\xae\x9f\
\xd6\xf5\x12\xa2\xf3\xe3\xd6+~\xbe\xd6\x1eo\x9e\x16\xe7\
\xe9\xef**\xb3\xea?r\xa9e\xda\xc4\x1d\xafq\xc4\
8 8\x074\x90\xc3\xa3\x80\x08\xe3\x98L\x1c\x98\x04\
\x9c\x86\xa5\xe4\xcf\x02\x12p E\xcc\xe3\x91D\x1ci\
\x01\xe4D\x0fGC\xe1\xe0\xac\xd3F\xce\xa4\xd1xn\
\x11\x119\x9e\x06\x96\xb0\x80\x9e\xc7\xc3H\xce#\x22\x9a\
\xa4\xe4\x89&\xce$\x82H\x03\x0f@\xce\xc4!rD\
\x22`\xc8t\xfb\x09\x0e\xd4\xb0H\xf9\x9bi\xe7\xec\xe5\
\xf8\xc6Y}\x98`s\xcc\xba\x8b\xd8l}\xac\xe3\x84\
\xc2A8\x1a\x06J\x00b\x1c\x85\x92pku\x07\x83\
\x03zR\x043\x8b\xc0S\x16\x13H2\x22b8\x12\
\x89\xee\xe9\xa4\xe14\x0e\x1e\xd4\x83\x8908&)\x82\
pR\xe4h\x9c\x84\x02\xe3i\x16\x8a\xa2b\x0a\xc4S\
\xc0\x83\xe3\x80\x94\xfb\xb2\xc5\xe1\x9e&\x14\x1aG\xd4\xc0\
\xe0p\x1a\x14\x13\x0a\x0dQ\xe3xPL\x1c\x06#\x99\
8\x10&\xd2DMY:\x00\x82\x03\x14\x91\x13)\xa7\
\xe10 \x87gR\x92\x07\xc4Baf\x98 \x98(\
\x121I\x09Q\x81\xa6\xf8\xff\xcb\x87F\x03%L\x22\
\x93\xc8\x03\x81<\x0c\x07\x82\x83\xc1H(\xaeN1\x89\
\x22\x0e\xc4y8\x0aF\xf3\x80\x1c$\x09\x05F\xb3\x98\
D\x14EY\xc0\x00a\xe2`\xc1\x82\x07))\x0c\x14\
\x0c\xd0S\x8ezxxP(\x16\x92(j\x08@q\
$\x0ccRAD\x01\xa5!r<(\x8d\x131\x0e\
d\x80\x92\x12\x00\x0e\x16<\x18 \xf1D\x12\x0aN\xe4\
y0M\x84\x89&J\xc2\x13\x02\x10D\x90P`\x88\
8\x9a\x87\x11q\x94\x84\xd5%\x14\x22\x8fc\x029\x10\
\x94\x07\x04b\x00\x07\x01\xad\x11\x10\x8d\x13\xc1\x01q@\
0\x90\x88E3\xfc\x14q<L\x1e\xcc\x83Yx\x1e\
\x0cI\xc2D&\x13\xa7y\x22\x89\x82\x85\x07B\xe2\x00\
q`<\x0d\xc4\xb3\xb0\x90\x1c\xa0\x08bxx\x1a&\
N\x04\xf3H\x10\xe4\xa0\x8a\xb8\xf5\xe8\xa8\xafW\xc9p\
\xeb\xbc\xac\x83<O\x84\x87\xa7a\x1a&\xb6\x00r\x1a\
\xe8YH(8\x0c\x8c\x84YX\xd0|\xfa\xe6ns\
\xf4\xd4\xfe\xa6\xcb^\x88\xaf\xd6\x9d\x8e\xf9\x96r\xb3\xcf\
_\xff\xd3ms\xeb\xf5\xe1?[ez\xf6\xe6\x1a\xbf\
\xa6\xd5aJ\xd5&O\x95q$\x9f\x9b|\x17/\xad\
>;Q\x13\xdfaR\xbbL\xf8\xb6\xaa\xc9\xd3\x13g\
:\xb6\xf4\xdb\x8b\x98v?i\xc4p\x1eOC\xe40\
\xd00\x0e$\x990xO}\xdd\xba\xe5\xf7\x16Q\xad\
\xac\x13*\xf2\x9a\x7f\xf7~\xa1:\xac}\xcd\xa8\xab\xca\
\x9d\x8e-\x992\x9a5m8\x97\xec\xcc?\xb5\x9aj\
J\xd3t\xa6\xb9\xc9\xcd\xf6<\xe1\xb3-\x9e\xb7\xbd\xfb\
\xff\xfd\xfea\xa1\xbe\xfe~\xbf\xf1'\xf5\x5cn\xbd\xcf\
\xee\x84\x9e\x87\xa8\x8d\xb8\x8b\x98\xccv\xd7y\xdcx|\
\xe9\xeb\xf5l\xbc\xba\x9a}\xcaY\xbaiQ\xdc\x5c\xc6\
\xea\x84\xab{I\x99\xb7\xed\xcf\xf4\xcb\xef\xf8\xd7\xae\xb8\
\x19\x8d\x86\xc1\xcb\xcfu\xa6\xb1\xdb\xe4\xa6\x093o\xff\
y3\xd5\xaa\xd5\xdc\xbf89\xf9g\xd3\x9e\xd0\x14\x13\
\x7fj\xd2\xcfN\x96\xb8x^\xda\xd7~\xf8\xa5h\xb6\
X\xd7\xbe\xf9\x99\xfe\x86\xbe\xde\x970\x97\xf3\xfe\x983\
\xe6\xe4\x0b\xd7\xd8\x86\xf9\xa4\xad\xea\xbel\xc5\xbc\x99t\
Q\x93o\x9f\x95ar\xb40\xf5\x1bg\x13v6\x9c\
\xf0\xd1\x8c\xc1\xa4%?K=f\xa1\xc1\xbeX\x8c9\
\x8e\xce'{dV\xdf\x1c3\xbb\x12\x03\x9d\xf0\x9a\xba\
\xaa\x8fy[\x89\xa9\xd7\xb6\xfc\xe6\xdf\xb6v\x7f\xe5\x82\
\xfc\xcd\xba\xef~\x8b\xaf*\xd6i\x13qx\xa0?\xbc\
\xef\xack\xe4j\xa3I\xb8\x84\xe8\x9am\xb7y\x10\x11\
\x09q\xdf\xf1]!\xd4\xb9\xa9\x9c\xddzY\x97\xb7\xdc\
\xdb\xef\xeb\xa2\xee7r\xa6]\xbc\xbes\xcf\xabo\xb5\
l/N\xf4\xd7\xe4\xdc5md\x85\xc2 !\x80E\
6x\xdf\xec\xd5Zg}^.\x5cO\xdf>\xbdN\
d}oknl\xfcV6\xbc\xac\xddK\xca\xb3\xfd\
ii\xafv\xb7\xe2W\xe3\xdd\xd5qeB\xb6\xb7\xf4\
\xdd\x95\xe6\xe5}X\xc7\x04\x1c\xae\xb2\xc0[r&e\
\xd9z\xbc\xdc27e\xf9\xdb{\xb5:\x85Q\xd2\x1e\
\xca\xb6\x97\x16&E\xfb\xfd^w\xdd\xaf\xf99\x95\x0d\
\x17y\xd1N\xbf7)\xfb\xce\xc6\x99\xb8e\xe9n\xd9\
\xce\xf2\xbb\xccWfv\xeeR\xbf?\x8e8\x16\x92\x89\
\xa3\xc9\xcbd\x85\xf2k\xcb\x9a\x8d]\xf9\xef\x0c\x0a\x07\
|\x9c\x0b!\x89\xa0\xa8-\x9f\x96L\x8a\xda\xb2\xb7\x99\
\x0b\xf6z\x17{*\x94\x08\x06\x82\x98F\x17\x8e\x07\xe4\
,\x22\x8e\x87\x82(rXX\xb8*\xf7\xefW6h\
\x1c\x08\xce\xc2y8@\xa9\x81\x13i<\x14C%\x8f\
\xa1\x18\xa6\xc5\x94n{\xac\xc7\x5c\xfa\xdb\xb3\xbe/)\
\xf7\xa7\x0e\xe4\x101\x10\x12\xf4D\x22\xcf\xa4!b$\
\x0cx\xffZKw\xe1\xd5\xe6\xc2\xbb\xb4h\xa7\xdf\xff\
\x95-}\xc8fX\x96\xa2\xf7\xbb\xc7\xfd\xfb.[4\
0&a\xe1T\xf0@\xf8\xc6\x8f\x85\xbc4\xa6\xd7\xeb\
9\xa720\xf0\xb4D\x10\x89\xc3s\xca\x02\xce\x02\xf3\
`P<p\x1e\x91C\x81\xc7\xc3\x11=\xa0p@\x1c\
H\xe1\xe0\x01\x81\x10\x00\xe2x\x101\x0bF\xe3\xf0,\
0\x15@\x8f\x04\x0b\x06\x03\x81\x03\x1cX4\x1a\xa8\xf7\
\x94\x89\x98\x86\x89\x1c\x88\x05\x0b\x1e0@\x98(\x1cx\
\xea\xdd\x08\xaf\xec\xf9\xae\xdbn\xe5\xcb*\xe6\xeb\xe6g\
jV\x7f\xba\xe5W[\xbak\xd3\xd5s\x17y\xd1\xb0\
0\xbb|q<;\xfe\xb6b\xbb\xa5l\x93g\xa7\xaa\
\xa9&\xee\xc3\xa4k\x97\x09\xd7\xdf\xd65y\xa7'~\
\xc6O\xca\xb7\xd7\x09\xdb\xda\x92\xe9&/\xfe\xfd4\xfc\
t\x06\xb9\xf9\xb6\xa0\xa3\xa6e5_\x15\xf1\xb6\xfd\x9c\
/S\xb9\xc3\xb3\xa4|\xfar\xaaf\x8c\x8d&\x1c\xfb\
-g\xca\xeek\xe7\xb3^\xbb9_m\xed\x82\xca\xb2\
X\xa9\xdc+7\xb3k\xdd\xfe+r).n\xdf\x09\
=\xefR\x19L\x82b'\xe2\xbe\xafU_Z\x14\xd5\
\xbbPy\xe7O\xcf>\x05O\xd9\xdf\xabo\xe9\xc7n\
\xff\xfe\xdaE\xd5\xba\x9c-[\xb1\x98\xf9\x92\xbe>\xf6\
a5\xaf\xabe\xf1/\xb8\xd8Y\x88\x9aP#\xe8u\
\xf6\xbb\xe1\x97\x1eZiR\x1ei9\xe5Lm\xf7\xd6\
\xc4\xce?\xdcT\x8e\xff\xf5\x0b\x17\xfe\x5c\x85[\xcfz\
Q\xb3LY\xbb\xbbt\xff\xdc\xef\xd4\xca\xe5}{k\
\x957\xcf\xdb\xd2Es\x0f\xeb.-\xe8\x97\x8ew\xec\
\xbe_\xa78\xa2\xe2\xfda\xba=/k.\xd7-\xdf\
\xcd\x8a\xca_\xd9\xb7g\x9f\x87\xd9\x0ct\xb2\xc4\xc6|\
\xcc\xfb\xeeD\xdf2\xc4e\xd4\xabT\x1e\x97\xaf\xad|\
\xe1\xcc\xe7\xeasMl\xae\x98\x97\x94\xbe^\x8c\x7f\x8b\
\x15\xb4-\xc5\xa5\x97\xb9\x0b/q\x97\x8a\xb8\xb8\xdb\xce\
_{\xeew\xfa\x9c\xbf\xe9m\xfd#xyg!\x9e\
\xd7m\xb9-\x9a\xdcV\xaa\x14\xa7\xcbrl\xb6\xad_\
\xf2o\xbd\xf2\x98\xd3\xbe\x9a\xe5Y\x84\x11\xa8\xd3E\xb2\
`\xaaI\xb1c3\x22I\x92\xa45\xd3\xa30\x18(\
\x17\x09e\x83Q2o#\xd2\xb9,\x10\x89\x87\xc10\
 4\x04\x82\x18\x04f\x18\x8a\x81\x18\x04!\xa0\x18\x14\
1\xc8\x12B\xa01\xca\xcc1:\xc6\xba\xd0\x10D\x8d\
B\x12\x99E\x09a\x10\xcd\x8b\xc3\xe5y\xec6\x05N\
\xba\x9f\xe8\x8dUK~\xe2\xadVN\x0dc}\xa4\x8b\
T\xe5\xcd\x93\x92\x7f\x9fPC9\x8a\x5cI\xae\xd7\xb8\
\xc4kK\xb2D\xc0\x88\xc1\xb1\x87\xdc\xb7.a5\xab\
\xc5\xc9\xf2\xb9\xe4J-\x9a\x02z\xb9X\xa5\x81\x0a\xa1\
^\x12\xab9\x8e\x0e\xd0\xd5\x97[\xe8\x14\xbetW\x91\
Sa:\xd6\xf2r\x8bR \xba8\x10s\xc4\xfe\x1c\
\xd3=\x1c\xebH\x07~\xd6\xb6\xb5\x99\xd2B)\x93S\
\xf1\xd01\x1ev\x8e\x12T\x0b\xa6\xcc\x99\xd0\xe6.H\
\xea\x08-[\xbc\x5c\xf2\xfd\xbdd\xc2y\xc9\xf2\xb1)\
\x8a\xf31X\xef\x1c\xdd\xaa1\x95\x18%\xb7\xc0\x95Z\
\x1b\x8b\xaa\x95{\xfa\xcf\xbc\xdf,\xa6|^\xc8\xe4\x0c\
>0#\xe3.\x8b\x13\xb6\xae\x1d\xbaA\xc2s\x94L\
8\xb4C\x00C\xb12\x81\xb3PC\x93\xbeh\xae\x97\
\x02\x1c\xb99\x99^v\x05\xc0\xd8B\x0b\xf6\xdc\xd4c\
\xaa3\xe3t\xca\xdb\x0b\xccY\x91\xb3\x14\x99]\xce#\
\xb2\x8d\x9c\xbf\xa9\x96L\xb5\x15\x1aC\xd5\xb4\x0e[h\
\xb7lDs\xe3m%\x0dD\xdcW\xd4%L\xaey\
~\x89\x99x\xc8\xd1\xed\xb8p\xe8\x06\x83|\xc3F\xe2\
\x88\xa3\x01@\xf5\xe6\xb8\x02\xca<\xa3\xd0\x9f\x9ae^\
\x0f\x82\x0b\xe3\xf2G\x09\xb6{[\x8e\x9a\xa0\xd6$W\
\xffQz\xc6N9\xb5]*H\xc1sXQ]\xe9\
&\x0f\x81\xe8\xfa\x8a\xfc\x8aot\xc9\x8e\xfaE\xfa\x15\
\xc0\xe2\xb4\xbaI\xc0\x86k\xa36\xb0\x18\xe3\x82\x0d'\
\xa7\xe1\xb6\x042\xac\x0d\xdd\xb5\x16#\xc0\x90\xcd\xa72\
\xbc\xb2\xa07\x883w\xadM\xf94$@\x81\x14\xa0\
\xfdn\xca\xaf/8Z\xc5\x96H\xcf\x81\x07\xca7Y\
\x06y\x00\x02\x95u\x95\xe0CPC~\xf0\xd4\xdd\x1b\
\xbc^\xfd'\xf3\xd9\xa0\xabW.\xfd\x16\x91\x16\x84r\
\xd1D\xb5R>\x9af2$T\xf3\x1b\xa1x1I\
\xe2\xaf\xfa\xdds\x92\xed\x16\xb3\xb3E\x10o\x09\x84\x02\
\x08\xc8\x04\x06s5\xbc\xcaE\x14\x05\xb4'\xcd,\xb8\
\xdd\xe3yk\x1e\x87F\xca\x1d\xbe\xbbL#\xdd[\xa1\
\xf1\xe9.\xcb\x9b\x0am\x8e\xcb\xad\xb3\xef@7!\xca\
{skm_\xc5\xd6WF\xe8\xec\x0c\x83C\xe3Z\
?\x10\xab\xa0\x90\xad\x08h\xbft\xc1\x15\xd5\xa0\x8a\xf8\
\xfc8\xef\x98kK=\xc8/\xa4\x93DA9\x8c\x82\
\x17ku\x01\xe8\x82\x06( /\x1e\x08\x1bL\x07\x8b\
\xae8/\x8dN$|:\xe4\xdcq\xa8o&c\x9c\
\xf3\xd7\xf4\xa18\x01\x136\xca\xcdUq\xcf\xf3\xfd\xa2\
\xa2\xa8\xf4\x81\xf2\xed\xd9T\xd1\xda\xb2\x19\xd1\x0e\xc3~\
l\x83\x82\xfd\xb5\x11\xbd\xa7\x11\xa9\xb4\xe8\xe6f\xa2\xdc\
\xe4-\xbc\xe2\xa1\xfbm\x80\xaa/\x11\xe4\xef}bc\
c/\xd4[\xe8\x07\x88\xb2\x8ap\xfb\x8d\x88\xaa\xf9\xfd\
|\xda\xdd#\x9a\xba4\xf9\xceP\xf8\x8e\xee\xcbR\xc7\
c\x86\x0e\xde\xd7\x9b\x8d_3xE\x8e8\xb4N\xfc\
\xed\xa1\xac]\xa6\xdc\x95\xf2\xd9\x90K\xb6\x0b<0K\
Q\xff\x0f+\x08\xf0\xb5\x10\xe3\x14\xfd\xfa\x18w\xf6\x5c\
\x13\xf8\xc8\x94\xe8~\xb9v\xba\x7f\x81\x10b\x8e6\xae\
\x13\xf6\xfay~\x08\x88\xc6\x0bOa0\x19\xb1/b\
\x92\x1f'\xfaU\x1d\xbc'\xa7\xf6\xb7X\xe4\x04*\x18\
e\x04\x805\x1b\x10w\x8f\x06r\xc2\xcc\x97\x1f,\xff\
\xdfqT\xad\x8e}\xa3\xce8[\x1c\xec\xf8eWk\
\x14\xd5Y\x0b_\x15\x80\xc7K\x02\xc5\xa4\x16\x0f\xb0\x0e\
P\xf3\x04\xdc\xc4\x8e\x0dr\xae\xfa\xfciqT\xc9&\
td\x22%\x0d\xfe\x8d\xb7\xd2}\x94\x08\x9b\xfd\xb8\xe8\
A\x1fz\xbdN*\xd2\xd4\xf4\xcaP\xa1&\x86\x81\x9b\
\x1e\xfd\xddLC\x0a\xa5\x0a\x11)\x82\xd7\x03\x8a\xed\xde\
\xabX\x07_\xcc\xbd\x1d\x5c\x12\xcd\xbe\xdc\x12z0\x02\
\xca<\x89\xdd\xb7\xc6C\xa4\x80\x9c\x22Bzw\xa0x\
\x09\xf0\xa6a2\x9cH\x1a\x85\x19\xbbW\xe8\x8b!\xe7\
\xdd\xc2\xf2e\x8d%[\xbc`f\xe6\x17rs\x99J\
\xeb:\x93\x99\xb022R\xc1\xe7s\x80?\x8c,\xfd\
KN\x93\xf99<0\xab\x92<\xd6`U\x0eH\xb3\
\xf88\x82$\xa9HE<pS$4\xf0\xfc\x80d\
\xf5\xfe\xf8\xc1k\x10\x92\x8f\x8du:\xc7#\xc9}\x8d\
\xbb\x85[KO`=6\x8a\xae\x8f\xef\xeb\x0cm\xd3\
\x0d\x19Z9\x00\xedJ\xac\x00\xaa\x16\x0b\x19/\x89\xb8\
\xb6/\xd9,D\xf0\xd0\xb3/\x10@\xcb*v[\xd7\
\xa0\xf0\xeb\x04\x96}Y\xf7]\x90%\x0d\x16O\xccw\
\xc9\xa6\x9f\xe5\xbd\x11\xdb\x95\xc68I\x86\x98\xc8\x80k\
\x86\xa2\x9crb;\x90\xdbKp\xd6\x96\xb4GOG\
$on\xc2\xbd\xb5\xa0Y|\xc4\x80\xe4\xe3,\xb8\xb5\
\xff\x9d5\x91\x94\xb1\xa9\xc29\x0c\x9b\x8e\x95\x00\x19\xa8\
\xe4M~\xc7d\xbeE\xc3\xc2\xd6i\x04%\x87\xffe\
\x0d\x8fyI\xc2\x85\x8f\xa7m\xd3\x844\x980,\x19\
~>l`+:\xe2\x0f\xc3\x92\xbe/\xbc@\x10/\
\x11\xacjT\xec\x87\xbfx\x0b>\xbd\xe6b\x1d\xa4L\
\xaeiH,@\x9e\x82#\xd4!gk\x18\xbb<m\
\xf2\x1b\xb5\x16j\x12\x9a4\x1fv\xc1Wu\xf9\xa2\x06\
\xe7\x983h\xa43\xe5,\xa63TXR\x8d:Z\
dM=\x03\xf2!G\x02\x85\xbd\xb4\x08K\xe0\xee\x10\
\x8f\x22\xd7\x93\xf4\x91/\x86\x88\xe5\x1f\xb0\xf4N6\x12\
\xb9\xd0 \xb0D\x91\x1c\x0b\x89\x96\xb9}D\xeaYa\
\x80K\xcb\xae\xf3\xaf\x91\x98\x8d\xf4\xdf\x5c\xac\xe4\xf6\xb4\
;\x879\x0f\xb0,\xdf-7\x0d3\xc5\x8a\x9c\x1a|\
y&W6\xa1W\xfc']9g\x84K\xcc\xef\x8c\
\xf8\xc8>\xee\x89\xef@X\xcei\x93\xefd\x10\xaa\x04\
\x80\x04Qf\xc9\xa5\xfdi0o\x10\xf8'\x1a\xf8\xbb\
\x99\xec\xfeO1\xb6\xe8\x06-_\x00%\xaa<\x8c\xc1\
)\xb1\xb1\x9b}\x95\xfd=\xcd\xbe-nuK\xb8P\
\xb7\x1e\xb5h%\xc0\xe5\xcb\x97\x96\x82]\xa7\xb7\xa0*\
\x85\x9e\xfb\xc3K\xe21\xd3\xedu\xd4\x0e6\x8c\xe7K\
>\xb11\xf5\xf8*\xa4\x81 \xf4\x80\xe0\xd8e\xb8\xf6\
\xc9(~\xae\xce\x83\xad\x0c\x7f\xa4\x0bH\xa6@\x9d\x22\
\xa7\xee\xcay\x14\x95\x99 \x15\xbf\x90\xbb\xb4\xe8?\xe5\
\xf2\x84\xde\xd9\xb7\xe9\xfa\x05{\xb8\x89\x02\x03\x8dBe\
\x1b\x8b\xeb\xf7C)(\xf9\x22!e\x8f\x8c\x9e\xf9\xde\
\xc4\xe2\x22\xca\xe1m\xf6\xb7\xe1\xf9\xc8\xe0'h\x11i\
<\x0ft\x8b\x04\xcb\x91\xa6_\xdfV$fHEp\
\x9dy\xeb\xefP\xaawe\x13NK\x91\x9c\xb2y8\
&\xc0\x89Y\x05\x82WJv\xc4r\xb7rj\xc9\xa2\
\x8c\x22\xf8\x1dMK\xcd\x84\xa2\xa9\x95\xad\xcb\x22\xb0~\
\xcb\xe98\xf2?\xc4I\xc2\xbc\x8d\xbek)\xa6\xbd)\
y\x06'\xfa\xa0\x22\x16]}\xa2\xdd\xec;\xd7Q\x11\
G\x020|\x0eo\xb2\x09;f\x07\xb8nK\xfa\x1f\
T\xf1\x86\xc3d\xb0|X+\xff\xc4\xfdi\xe0nG\
^\xfd\xca\xa4\xae\xc1xm\xeduu\xf9\xeb\xa8D\xc3\
\xa1h>I\x86\xbe\x0c\x9a0`7f?\xec\xfe$\
\xd8\x97,p\xc9\x85`+\x82\xdb9t\xa1\x9b\x0ce\
\xa6\x05\x9d\x08V\x09\xc5\x9a\xb62{\xdeb\xa7\xf9\xc9\
y\xcb\xa1\xe1\x1c8\x1b'\x09\xf7_\xc0r2\xc1\x0a\
[4\x10\x8d=\xb8\x12\xb6\xaf\xc792\xe6\x8f\x0a\xe0\
f\x5c\x06|-\x9b\xbb\x84\xc3\xeb*\x15\x03\xb3\xa3k\
\xaad\xb2\x8aL?\xcf\xafQ5d\x8eA\xa9\x0a\x85\
I\xefD\xbc\x90)\xadT\x1c\xcc,\xf3k\xb4M\xb4\
D\xe3.\x93\x0c\xa6\xd3b\xdf:\x0b\xf9\xfbr\xa8$\
\x82\xcb\x0d\x22\xb5?h\xf8\xa3\xc3\x8f\x16\xfb\x84\xf6\x83\
E\xb2^\xb4\xa7\xeb\x0el\x89\x88\xc9\xe0D\xc7\xaf\x00\
\x04\xaa\xdf}\xbf\x91(\xf8\xe0H:\x1cF\x08{\xc8\
4\xa1\x8e\x811L\xb5\x06+d\x9d\x8c\xbf\x1e\x08\xec\
\x05=C\xfb`\x1c\x14\xbf\xd1\x11EnV\x89\xc7\x85\
\x9eP\x9b\xe2d\x14\x94q\x9d\xa3\xcb\xc5R\xc9\x08\x1d\
\xfcU#Fx[\xee\x86\xdd,\x8c\xf5\xf4\x9a(\xe6\
i7\xe7\x87\xaaW.9\x8dn\xe2\xd2l\x7f\x04\x8a\
\x22\x99\xa7\xc5\x90gU_h\x02\xdf\xe3\xc9y\x03:\
&\x5cq\x01}b\xef\x0a\x96g\x99hb\x07\xbbt\
\xf74\x1c\xa1g\xc3\xc1\xec\xe86D\x07\xc3\x96[\xce\
\x8d\xbf\x14\xc5Hg6\xca\xc8Q\xe3\xf6\xe7(VU\
\xe5{\x9b\xcc\xb1@\xff\xf8\x8c\x82\x93,\xcb\xe4\xe4\x8e\
'\xbf#\xf9\xcf!\xd6\xa2\x81\xc7\xdf\xa7\xf4\x06\xd4\x99\
PrL\x84\x0d?\xc2\xdb\xa8\x855S\xa9\xf5x\xed\
\x18\xba\x0a\xc8+\xeb\xe0K\x7f,\x96\xc6\xf4\xda\x22_\
\xe7`\x22(*O\xe0\xf5\x1b.\xfd/tq\xc6\xe9\
X\xe1,\xc5\x99\xa0G|\xfe@]*\xc8\xe2\xbb\xf1\
@+\xcc\xc4\x0d\xa5>P\x9d\xbd3\x86\x00\x8a\xd4\x9e\
L\xe8G\x03\x08\x0eY\xf6\xe8\x98e#`6\x92c\
-\xa0:7s+2\xde\xc6\xd2\xe8\x8cr$\x5c\xb7\
\xe8 J\x0e\x00)\xd0\xe1^x%\x04\xe2c\xd2\xc1\
\xaba\x8b\xb3\x1c~\x10\x08!(\xeb\x02x\xb5.\x00\
M\xa0\x0fz\xad\xe0\xc0\x06\xc8\xa1v!\xd1\x1cB6\
\x19\xacE\xf7\xbf\xa5'\x19\xc2\x87\xfe\xc2H\x843\xd2\
\xa2\xf8\xc3P&\xebO\x04\xc6\x09\xfdW2!\x03)\
T\xcabo\xe0\xf2a\xdfdW\
\x00\x00\x06v\
(\
\xb5/\xfd`&\x19e3\x00\xd6=\xb8%\x00o\xca\
\x03\x83\x1b\x98F\x9b\xee\x14z6T\xea6\xfe#e\
\xf4}\xcf;\x10\x91\xa7i^\xb9\x85\x13q\xe9\x7f\x5c\
\x15D\xae\x00\xab\x00\xae\x00\x1a\x81\xf2w\xd2%\xd5}\
\xc9\x8c\x8b$\xe9\xf6R\x18\xfeS\xbd\xf8[5\xdbn\
\x1ft\x0a\x13\x0aL\xff\xfc\x9e\xfaic\x9a\xbf\x0bg\
\x11\x03!\x94.\xab=W\xb8sR2\x122\x10\x04\
\xc5IY$\xca\xee\x00\x9ey\xd6\x96\xa5\xa7\x9f\xdci\
Z\x98\xf8\x22\xc3{~\xeb\xf13\x93\xc5\x1b\xbb\x16i\
\xb2\x11\xcf\xad\xb5F5\xe1\x90F\xc3\xc0\xb96\xc0T\
[\xbf\xfb(\x14\x0a\xc3DW\xef\x12\x81\xf6W\x9d8\
Fvh\x92~)\xcd~\xaf\xbf\x13\x9as\x00\x90\x86\
\xc1\xc1\xa2\xf3\x22}\xd6\xb8\xda\x5c;o\xcb\xe3\x18&\
(\x16\xa9\xca\xd7\xea)\x7f[\xe0\x8b\x8b\x94\xf5\xe5\xfb\
'\x0d[\xd9\x01$\xb2i^t\x0e(>\xb1y\xe0\
\x8b\x8eF\xca\x09\x1f\x14\xc8\xee\xee\xd5Z$kk\x8a\
\xe7\xba'\xaaE\xda\x14E%\x84\xd0k\x1c\xda\xc8\xe7\
8\xd1M\x8e#i\xc0\x22Q\xbf%\x11\xaes\xc2g\
NI\xe7\xa3\x8b\x94ou\xb7v\x19\x10\xc2X\x89\xcd\
{\xb4\xc8\xe2\x9a\xd8Y\xe9\xd3_|\xff\xe5\xc4\x19i\
\xa6\x84(\x03\x81\xe2\x83iK\x8c*\xfd\xea\x82G@\
\xb4\xb5{\x5c\xe9\xbc?\xa7(\xbd\xd0Kw\xce+\x95\
\x82\xeb\xf4\x18\xebi\x91\x14\x8a\xb1\xe7\xbf\xb6\xee\x86]\
?\xd2I9\xc4\xe0u\x8cU\xea\xed\x22M\xdaF\xbb\
E\xe8\xc1(Bs\xd2E\xb2\xb7\xcd\xd8`\x83\x8b\x94\
\x05\xae_\x0a\xdb}W\x14-\xe1_\xa9xo,\xbb\
0\x87M\xda6\x91\xd2\x18\x9f9\x9f\x17\xa1\x17\xa7\xd6\
\x19r\x91(\xdaV\x09\x87\x8f\xfdv\xeb\x08\xf5U\xbd\
j\xc4\xbeU'\xdd\xdf\xaf\x15\xe5\xab/z\xc7\x22Q\
v\xc5\xc8}~\x0c\xbd\xedO>z\x8c\xed\x82\x818\
\x03\x04\xf0\xc6\x22\x8c/\x95\xe1\x9c'\x9d\xa35\xafq\
\x0e\xd8\x9a\xf7x\xa8\xa3Y\xd0\xf5\x1b\xebu\xb2\xb1\xc9\
m\x9d3\x7f\xab\xf3\x15\xa3\xa4W\x88\xeb\xe2I>T\
f\x90>\xb1Ba\x039\x0fj\x22\xf4\x9c\x22?H\
\xec\xe7\xd8\x22\xf1~3\xc5\x80t \x19_l\x1e\x8e\
\x06\x82\xcf\xd38\xe8\x13#}4\x8e\xe7\xd1<\x01\x0d\
\x83j\xc2\x19H\xc3\xa0\x1aX$\x07\xc9J\xdd\xbbJ\
x\xb54\xba\xb8\xa0y0\xc2\xe98\x0f\xd9\x80b\x8b\
\xd2\xb5\x09Q\x9a1g\x83\x0e\xeaZ\x94\xce\xa3\xb0\x06\
82\x0e@\xd49\xa4\xd3<\xce\x83\x8f(\xf0\xbd\xe2\
n\xad\x0b\xd3\x9f?\xb2\xb0H\xf8#\x15W\x8f\xfbu\
\xc0\xf8v\x09\xe6Z\xbf\x19\x08\xb62\x82\xaf\xaau\x0d\
z\x8d&\x8b\xe9H\xc5\xd8\xba\x22\x9a&\x06\x85\x88\x88\
\xb2\x9b\xd2Ik\xaf\xb6\xf6\xb7\x1a\x08\xd1J\xd6\xa7\xbf\
\x88\xe8LG\x22\x1cWj\xbf\xa4k\xee\xae\x9a\xb9\xfd\
\x8ck\xdd\xacZ\x95\xac\x91PB._J\xef:\x22\
\xa9\xee\xee\xd4\xe3Kw\x97o\xb5\xab\x15\x81\x95\xa8\xa1\
\xadB6##IAA!m\x06q\x881\x92d\
L3\xf3\x22\x994\x84\xb1(\xa5\x08A\x84\x19C\x88\
ADd\x02\x09(\x90@D\xc2h\x92tg\xa1B\
\xdfg\xe2\x1c7D]\x14\x13\xdfR\xc1\xcc\x9c\xb3M\
p\xf2+J\xf9\xdd%\x8fL\xf7\x0c\xf3 \xf7\x1c\xb2\
\xc1\xbf\xcf\x04\xbd\x06\xaa\xba\xa5\x00y\xb7\xc4#\xda\xce\
<4\xff\x8d\x96\x0a\xc1\xba\x8a\xd7\x1b3\x13Ed[\
$\x16\xc82s\xb4\xc6\x93\xa6\x1f$9\x09\xfd\xf4\x00\
\xf7K\xd5\xc6\x1a\xe4/UI\xc2U\x94.\xa0\x0cp\
;:N\xc7\xc1aq\xab\x12\xac\xa7\xef\xa1\xeb\xdc`\
Y_\xb5\xcf\x165\x13\x8d\xcf\xc02\x9a\xb4\x13*4\
\xa1\xac+(\x01\xaaj\xf6\xf5\xf7ju\xc8\x00E\x88\
0#\x94=\x1c@g\x1f\x04t[\x02\xfaF\x01U\
,\xa0p\xf2\xeb\xb7\xef\xdb\x14R\xf6_n\xe3_\xe6\
\xd4\xc1\x81\xc49\xde\xcb6\x1f\x0a\xee\x81\x1d(:\x80\
\x02\xee\xa0\x03\x1cS\xe0P\xc1\x9f\x03)T:,\xaf\
\x1b-\xf4\x08\xdcQ\xcc\x97>\x941\xc7O\xd0D\xa8\
V\x9a\x09Z\x10g\xcc\xf9S\x5c\x94\xf5E\xbb\xc1g\
\xb5d\xde&\x1f^t\xea`\xfc\x01U\xb4\xd9.^\
\xf0|=8Z\x13)?\x1a\x8a\x9d=-F(j\
\x5c}\x96\xc9\x8e\xc0e\xd2\x92\xbfN}\x22e\x16\x88\
\x10h\x03\xca\x0di\xba\xb5\x99\xe1\x80/\xb2\xbcq#\
\x09\xd5\x08F\xea'Zf\xa1\xe9\xbbFt\x95.\xb1\
8H]\xe9\xcc\xcc%\x0a\x7f\xa0\x8d\xd6\xc6\x08\xc2|\
\xcaQy,O:\xc1<A\x1d\xa1p\x93\xed\x0a\xfd\
\x87?A,\x10\xf6\xa3\xa5\x04\x88\xe9\xd3dD\x93\x06\
\xc0\xe9upd\x89\xbci \xd1-\x0d\x04\xf2jM\
\xab\xa6Sg\xc2\x81y\xcb\xb0JH\x12\xb8\x5cX\x14\
\xea,u\xf0L\xac[\xa7$\x86\x1ab=-gF\
\xeb\xff\xc7\xa1x\xe2h\xb89F\xbb\x1a3\xe2K\xbc\
\xca\xeb\xc1\x84\xdc\xab_\x0e \x15\xe2uR\x8f[\xd2\
\xc1M\x010w\xc1m\xe9\x80\x88\x0e\x0d\xc8'\x18\x04\
\x9b\xb6\x9d\xfc4l\x00fcq\x13\xabxD\x07\xe0\
x&R\x97\x09\xf2\xb5XB\xe2\xf4~\xbf\x0f\x03\x1e\
'\x1c\xa4B0x\xaf\x08\x12\x0d@\x22@\xb9\x93\xf2\
\x86$P\x0b\xba,X\xf1\x86\x81\xf4\xa1\x1dm<\x06\
\x92c=Rq\x81\xe2c\x82\xa2\x12n(O\xae$\
\xcd\x90\xe0\x86w\xa1\xe8u\x82\xfc\x1dj*s\x1f\x02\
h\x03Q\xe5L_\x00\x03Vp,\xf5\xc8\x0e#u\
~\xda8\xabx;2\xc9\xf3\x8b\xf0\xe9\x19\xfe\xb0\x90\
\x05\x08w\x94/ \xd2!\xfe)\xd82\xf4\xd8\xa8n\
\x1f\x81\x10\xf8\x97+;\x89\x09\x0f\x8b\x8b\x0d&\x8eb\
\x04\x08\x80#\xebv\xd8t)~\xfc\xae\x8f\xa7j\xcf\
\x0cmxj\x96\x02w\xa5\xf6\xf4\x86\xf3\xd5s\xf0\xb7\
\x8bkkX\xa5Z\x86\x09\x91n\x98r\xd6\x14Z\xc2\
\xb9\xb6V\xee|D\xab2z=\xfeBiI\xb6\x92\
+A-u1Gy\xee\x04\x96\xb3J\xcc\xab\x98\xe1\
\xde\x0d+\xbf@B\xccO\x12\xddu\xbc\x9ak\xab\x91\
DV\xe5D\x89\xfb\xba\xe9%+\x194\xd4\x17n\x19\
\xd0vY{\x8e\xa3\x18\x8d\xc1\xf2\x0f\x8b\xa4n\xa27\
Ft\xcd\xf8\x98f\x9d\xa1A\xba\x00\x90\xbb\xbfKU\
\xa8\xde\x955\x07b<\x98N\x95$\xb1=\xb2\x86h\
\xb7\x1dX\x8e\xb2\x81R\xaf\x225\x01&;>u\xd1\
\x83\x87\x08\xa6O\x00\x16\x5c\x0ad\x8b\x03\x99's[\
9>\x18l'\xde\xe7!\xbe`\x10\xc1\x8b\x88{\x81\
j\xd3%\x0d@\x00\xeeR\xde\x93\x9d=\xf4FvJ\
\xea\xc3\xd7[\x05\
\x00\x00\x10\x1a\
<\
?xml version=\x221.\
0\x22 encoding=\x22UTF\
-8\x22 standalone=\x22\
no\x22?>\x0a<!-- Creat\
ed with Inkscape\
 (http://www.ink\
scape.org/) -->\x0a\
\x0a<svg\x0a   xmlns:d\
c=\x22http://purl.o\
rg/dc/elements/1\
.1/\x22\x0a   xmlns:cc\
=\x22http://creativ\
ecommons.org/ns#\
\x22\x0a   xmlns:rdf=\x22\
http://www.w3.or\
g/1999/02/22-rdf\
-syntax-ns#\x22\x0a   \
xmlns:svg=\x22http:\
//www.w3.org/200\
0/svg\x22\x0a   xmlns=\
\x22http://www.w3.o\
rg/2000/svg\x22\x0a   \
xmlns:xlink=\x22htt\
p://www.w3.org/1\
999/xlink\x22\x0a   xm\
lns:sodipodi=\x22ht\
tp://sodipodi.so\
urceforge.net/DT\
D/sodipodi-0.dtd\
\x22\x0a   xmlns:inksc\
ape=\x22http://www.\
inkscape.org/nam\
espaces/inkscape\
\x22\x0a   width=\x2213\x22\x0a\
   height=\x2213\x22\x0a \
  viewBox=\x220 0 1\
3 13\x22\x0a   id=\x22svg\
4339\x22\x0a   version\
=\x221.1\x22\x0a   inksca\
pe:version=\x220.91\
 r\x22\x0a   sodipodi:\
docname=\x22dr.svg\x22\
>\x0a  <defs\x0a     i\
d=\x22defs4341\x22>\x0a  \
  <linearGradien\
t\x0a       id=\x22lin\
earGradient8517\x22\
\x0a       inkscape\
:collect=\x22always\
\x22>\x0a      <stop\x0a \
        id=\x22stop\
8519\x22\x0a         o\
ffset=\x220\x22\x0a      \
   style=\x22stop-c\
olor:#93a7ac;sto\
p-opacity:1\x22 />\x0a\
      <stop\x0a    \
     id=\x22stop852\
1\x22\x0a         offs\
et=\x221\x22\x0a         \
style=\x22stop-colo\
r:#53676c;stop-o\
pacity:1\x22 />\x0a   \
 </linearGradien\
t>\x0a    <radialGr\
adient\x0a       in\
kscape:collect=\x22\
always\x22\x0a       x\
link:href=\x22#line\
arGradient8517\x22\x0a\
       id=\x22radia\
lGradient8515\x22\x0a \
      gradientUn\
its=\x22userSpaceOn\
Use\x22\x0a       grad\
ientTransform=\x22m\
atrix(-0.1971162\
9,1.3554801,-1.3\
155837,-0.191314\
52,-152.05269,47\
5.30024)\x22\x0a      \
 cx=\x224\x22\x0a       c\
y=\x224.0625\x22\x0a     \
  fx=\x224\x22\x0a       \
fy=\x224.0625\x22\x0a    \
   r=\x227.5\x22 />\x0a  \
</defs>\x0a  <sodip\
odi:namedview\x0a  \
   id=\x22base\x22\x0a   \
  pagecolor=\x22#ff\
ffff\x22\x0a     borde\
rcolor=\x22#666666\x22\
\x0a     borderopac\
ity=\x221.0\x22\x0a     i\
nkscape:pageopac\
ity=\x220.0\x22\x0a     i\
nkscape:pageshad\
ow=\x222\x22\x0a     inks\
cape:zoom=\x2222.62\
7417\x22\x0a     inksc\
ape:cx=\x223.935844\
9\x22\x0a     inkscape\
:cy=\x2211.658335\x22\x0a\
     inkscape:do\
cument-units=\x22px\
\x22\x0a     inkscape:\
current-layer=\x22l\
ayer1\x22\x0a     show\
grid=\x22true\x22\x0a    \
 units=\x22px\x22\x0a    \
 fit-margin-top=\
\x220\x22\x0a     fit-mar\
gin-left=\x220\x22\x0a   \
  fit-margin-rig\
ht=\x220\x22\x0a     fit-\
margin-bottom=\x220\
\x22\x0a     inkscape:\
window-width=\x2216\
80\x22\x0a     inkscap\
e:window-height=\
\x22995\x22\x0a     inksc\
ape:window-x=\x220\x22\
\x0a     inkscape:w\
indow-y=\x220\x22\x0a    \
 inkscape:window\
-maximized=\x221\x22\x0a \
    inkscape:sna\
p-nodes=\x22true\x22\x0a \
    inkscape:sna\
p-others=\x22false\x22\
\x0a     inkscape:s\
nap-bbox=\x22true\x22\x0a\
     inkscape:bb\
ox-nodes=\x22true\x22\x0a\
     inkscape:ob\
ject-nodes=\x22true\
\x22>\x0a    <inkscape\
:grid\x0a       typ\
e=\x22xygrid\x22\x0a     \
  id=\x22grid4905\x22 \
/>\x0a  </sodipodi:\
namedview>\x0a  <me\
tadata\x0a     id=\x22\
metadata4344\x22>\x0a \
   <rdf:RDF>\x0a   \
   <cc:Work\x0a    \
     rdf:about=\x22\
\x22>\x0a        <dc:f\
ormat>image/svg+\
xml</dc:format>\x0a\
        <dc:type\
\x0a           rdf:\
resource=\x22http:/\
/purl.org/dc/dcm\
itype/StillImage\
\x22 />\x0a        <dc\
:title />\x0a      \
</cc:Work>\x0a    <\
/rdf:RDF>\x0a  </me\
tadata>\x0a  <g\x0a   \
  inkscape:label\
=\x22Ebene 1\x22\x0a     \
inkscape:groupmo\
de=\x22layer\x22\x0a     \
id=\x22layer1\x22\x0a    \
 transform=\x22tran\
slate(160.78572,\
-477.29077)\x22>\x0a  \
  <rect\x0a       y\
=\x22477.29077\x22\x0a   \
    x=\x22-160.7857\
2\x22\x0a       height\
=\x2213\x22\x0a       wid\
th=\x2213\x22\x0a       i\
d=\x22rect8511\x22\x0a   \
    style=\x22opaci\
ty:1;fill:url(#r\
adialGradient851\
5);fill-opacity:\
1;stroke:none;st\
roke-width:3.543\
30707;stroke-lin\
ecap:round;strok\
e-linejoin:round\
;stroke-miterlim\
it:4;stroke-dash\
array:none;strok\
e-dashoffset:0;s\
troke-opacity:1\x22\
 />\x0a    <g\x0a     \
  style=\x22font-st\
yle:normal;font-\
variant:normal;f\
ont-weight:norma\
l;font-stretch:n\
ormal;font-size:\
8.00000191px;lin\
e-height:125%;fo\
nt-family:Arial;\
-inkscape-font-s\
pecification:Ari\
al;letter-spacin\
g:0px;word-spaci\
ng:0px;fill:#000\
000;fill-opacity\
:1;stroke:none;s\
troke-width:1px;\
stroke-linecap:b\
utt;stroke-linej\
oin:miter;stroke\
-opacity:1\x22\x0a    \
   id=\x22text10499\
\x22\x0a       transfo\
rm=\x22translate(1,\
0)\x22>\x0a      <path\
\x0a         d=\x22m -\
153.78572,484.29\
077 1,0 0,2 2,0 \
0,-1 -1,0 0,-1 1\
,0 0,-3 -4,0 0,5\
 1,0 0,-2 z m 0,\
-2 2,0 0,1 -2,0 \
0,-1 z\x22\x0a        \
 style=\x22font-sty\
le:normal;font-v\
ariant:normal;fo\
nt-weight:normal\
;font-stretch:no\
rmal;font-family\
:'04b03b';-inksc\
ape-font-specifi\
cation:'04b03b';\
fill:#ffffff\x22\x0a  \
       id=\x22path1\
0504\x22\x0a         i\
nkscape:connecto\
r-curvature=\x220\x22 \
/>\x0a    </g>\x0a    \
<path\x0a       sty\
le=\x22fill:#ffffff\
;fill-opacity:1;\
fill-rule:evenod\
d;stroke:none;st\
roke-width:1px;s\
troke-linecap:bu\
tt;stroke-linejo\
in:miter;stroke-\
opacity:1\x22\x0a     \
  d=\x22m -154.7857\
2,487.29077 -4,0\
 2,-4 z\x22\x0a       \
id=\x22path10506\x22\x0a \
      inkscape:c\
onnector-curvatu\
re=\x220\x22\x0a       so\
dipodi:nodetypes\
=\x22cccc\x22 />\x0a  </g\
>\x0a</svg>\x0a\
\x00\x00\x05\x81\
(\
\xb5/\xfd`^\x11\xbd+\x00V9\xab%\xf0n\xcc\
\x03@\x0c\x0c\x7f\xf34\xff\x8e\xf0\xd1t\xed\xcb\xa4Q\
\xf1\xcaY\xc9\xcc@P\x83\xaa\xa6\x99\xe1\xb08\x9c\xd0\
J\x05\xa0\x00\xa0\x00\xa1\x00W\xb7wS\xf8S5\xe3\
\x8f\xd5l\xbbMdL\x88HP\xfa\xe7\xe4\xab\xa7\xb6\
\xa6y\x92a.R\xa4\x94K\xe4j\xcf\x1d\x8fqY\
\x94E*\x10\x04M\xbaUv\x07\xf0\xcc\xb3\xc60M\
}\xe4R\x14Tf2\x15\xde\xf3c\x8f_\xa1,\xde\
Z\x06%\xcaF<\xbf\xf7\x18V\x84?\x18\x0cH\x8c\
o@\xb1\xb6Nn\xb2m\x9b\xa2DY\xef\x97\xc0\xfb\
\xacR\xbc\x227\xbc\xab\xdf\xed\xd9\xef\xf57\xc2\x8b\x11\
\xe0\xc1\x80\x18@\x9d\xa1\xf4Y\xe3js\xed\xfc\xc1'\
.DH@\xc9\xca\xd7j*\xff\x832\x99P\xca\xfa\
\xf2\xfd\x91\x871\xce\xe0\x11\x8e\xa5\x91\xc9\xd2,\x0d3\
\xe9l8\xf4i\x9a\x19\x1bS>L\xd3\xd0d6\xa0\
\xc51\xa7\x03\xcdDF\x01\xee\xee^1(a[W\
<\xd7\x1d\xf1\x5c\x22;@\xec\xe7\x1a\x94x\xbfY\xc2\
j\x02\xa0T\xfd\xbe\x22\x5c\x95\x07\xf44\x8ec\x99s\
Q\x1e\x9cQ\xd7\xaf.\xa0\x96\x9a\xaa& \xda:>\
\xee:\xef\xcf\xabJC(\xd3\x9d\xf3\xaen\xb8R\x8f\
\xb1\xa6\xa03\x9b\xa7\xe7\xbf\xb6n\x86]\x7f2\x94\xe1\
\xd5\xdb\x07$\xe9:\xb6\x80\x12\xa5m\xb4\xdf\x84\x12\x19\
M\x88R\x06J\xf6>:\x9f|\x12J\x9c>\xd8\xfe\
F\xfae\xdd\xbf\xe8\x84R\x1dB\xb9\x18e\x7f+\x0f\
\x8cq\x04oU\xecBz\x8d(\xab\xe9\xa9Vl=\
\x11Q\xd4B\xc2CT\xd9\xcd\xd4^m\xed\x8fI\x88\
\xe9\xb8\xaew\xea)&\xcd\xe9i\xe2\xfb\xaf\xae_\xdb\
\xfd\xad\xce1\xab\x99\xdb\xbf\xb8\xd8\xe5*\xd6q\x0d\x04\
=\x8e\xb8i\x9b\xef\xd6\xbb\x9e.\xeb\xee^=\x8e\xf9\
Z\xbbb\xb1\xdf\x0a\xd7j[\x9b\xbe\xf8w\x15\xef\xad\
q\x99\x165\x06r\xd0FB\xc9\x13\x9b\x09Q\xe9\xc0\
\xb4\xbeX\xa0\xb4i[/.\x1d\xfb\xed\xd6S\xf5V\
\xcd\xead\x95G\x938P\xdaU\xb58d\xd21\xd4\
\x00\xb3HI\x93\xc6a\x1aP\x0c\x88\x15\xe1\xca\x83\x01\
\xb1\xa0%R\xc6\xa1\x91J\xfa\xcc\x87\xbd\x8b\xc70\x90\
\xf34\x10\xba`\x22#\xa5C\xf5\xaeM\x5c6\xad\xd5\
\xf9#\x1f=\xd6\xf6\xc52id\xe2\x9b\xb2A\xdf\xd2\
\x90\x8fy\x18\xda\xcc\xf8(\xe4@\xbf\xb5^#[\xa3\
\xe2\xd69_\xbdf2\xea\xea\xde\xf5\xe2\xd52\xd1\xc5\
\xfb\xf3\xd5\x146G\x8et$\xa5L\x93\xd0\xe8\xb3\xce\
\xd1W\xe8\xddy\x1c\x08\x10\x88\xaa\x82\xf9\xa8\x1fp\x1c\
\x09-\x89\xe30\xb1\xb18\xcd\xe3$\xd21\x05\xbeW\
\xdc-\x96iz[\xef\xf3O\x0aP\xc2?Ul)\
\xca\x03\xf2\xb8\xdf\x06\x8co\x81E\xa8\xb1)3%4\
\x22IJ\x92\xc22\x06a\x08A\x14eL\xc3\x1bB\
q\x1e\x02\x81 3\xc4\x18\xa2\xd0\x8c\xc8\x88\xc8\x04\x05\
%%I\x8d\xe1\x93\xa9\x02\x8bC52\x8b\xf0\xf0\x8d\
A\x07\x88mu\x0e\xd3\xb5\xca\x8e2\x92]bV\xa0\
\x02\xa6\xa5\x16 1M4\x1c\x93\xaf].v\xb0\x11\
\x97i\xde\xf5\x82\xcbq!\xd0\xe6\x06\x993\xf3\xb0R\
P\x90\xe1\xbeHX\xa1z;Vn\xfa\xcb\x81\xec_\
I\xea\xd4\x88\x09\x9e\x16\x9a\xe7\xaca\x8dT-\x99\xc4\
\x0d\xef\xe2Vx`\xe2\xe3\xc9\xb7\xf5\x07\xbd\x96\xdb\xab\
4\x0aV\x08\x00\xdc0\xf1.\x81\xf0[\x84Z\xf9\xe9\
\xa3\xaa\x06\x04&:&6\x8f\xdb\xf0Q)\xbc\xb82\
\xa8)\xf2\xd9\x5c\x0c\xbd\xb5b\x8a(\xba\xf9\xbc\xb4\xbf\
\xeb\x15&\x08\x14\xb3ea\xe2n\xd3*\xd4\x1b\xd0\x04\
t\xc4\xef\xf3\x80\xca\xb8x\x15\xb6:\xfd\xd2\xc5[\x0b\
k\x86,\xa0\xaa\x5cB\x1f\xb5\xca\x22\xafuv\xecH\
\xa7\xfb\x08-b\xa2\x81Q}\x9f\xa8\x02\xa2\xa0C\xc1\
eM\x17\x89].\xc7\x9d\xa6\xe8\x22l\xf7j\xb4\xb9\
,\xfa,\x8ed\xa1\xe0\x96H,/\x15\x16\x06\x05\x13\
\xc0M\x1b\xd1Gb\xe5*y\x83\xbd=F\xba\x1eo\
\xe8e8q3H{\x99\xdeQC\xa0\x14\xe9\xce\xf0\
1\x86\xee\xf3S|\x10#+t=\xcan\x90h-\
\x16\x17\x15s\x88\xe1\xa3\xa7\xbcY\xb3-ki\xd6\xf6\
Hl\x9c\xfa\x84DT\xa7I\xaf\x9fG\xf3j0&\
j\x1fL\xac\xa0\x99l\xed\xd5\x85\xd0\xa8L\xc5\xdac\
\x07\xcdI6\x9b\xf8\x1c\x08vO\xc1\xa2\xf2^n\xab\
2#J$\x04\xc5\xa7(\x9b\x08\xa4\xd9\x8d\x92\xd1\xb7\
k\xf9\x1dqh1g\x15\x9eu\xec \xf8\x1d\xd7\xd2\
s\x93\x10\xe7qpE=\xb5\xe7\xcd\xd9\xbf\x5c\x81o\
\x15f0v\x1a\xb84@\xe5:`\xfe{\x06v\xd6\
\x97\xf8\xc6\x0b\xe6\x86\xe1\xf1e\xd5\x0f\xeb1\x863\xec\
*\x0d\x9b\xeb\xaf\x8f|-\x98\xe9\x939\xfet\x81\xed\
\x9b\xac.\xd3\xc1[b\x13i\xfb\x0a;M|\xf9\xd6\
O\xa2X\xd2\x1c\x92\x5c\x14#\xaa)\xd0;\xd9\x01S\
\xe7\x85\x98\x09\xa1\x0a\x11\xc8\xf5\x01F'\x99H\xf9\x0e\
\xb9@\x9d\x0b\x9c\xa1\xa0\xb6d\x81\xfa^\x19\xf8\xd1n\
\xa0\xcd\xd7\xf0\x91\x8e\xe9=FP\xdb\xd2uDZ\x0c\
\x12e|\xa1\xd1+\x06o2\xd3\xe4\xdd\x84'[h\
\x1br\xdb\x908\xc4\xf8K\xe1\xb6\xd2\xdaM\x0d\x99&\
\xdd-s\x84L$ \xd1\x8e\x92\x06\x9a\xf1\x0a\x82\xa3\
~\xfc\xc0\xa1\xc4\x0b\x0c\xc5\xf2\xa0\xcd\xcb\x97\xe5l\x16\
(\xe1)\xcf\x0e\xf2\xd9\x1f\x84M\xbd\xb0-(\xb7\x01\
\xfep\x22\x88i\x1c\x0e8\xed\xb5M\xf8\xbd\x099Y\
A\xbc\xc1\x97\xac\xd1=b\xc0\xe8\x05\xc3\x10\xefG\x05\
le\x91\x94\xa8\xb3%\xd3\x99i\x87S\x1fV\xb3*\
\
\x00\x00\x0c\x87\
<\
?xml version=\x221.\
0\x22 encoding=\x22UTF\
-8\x22 standalone=\x22\
no\x22?>\x0a<!-- Creat\
ed with Inkscape\
 (http://www.ink\
scape.org/) -->\x0a\
\x0a<svg\x0a   xmlns:d\
c=\x22http://purl.o\
rg/dc/elements/1\
.1/\x22\x0a   xmlns:cc\
=\x22http://creativ\
ecommons.org/ns#\
\x22\x0a   xmlns:rdf=\x22\
http://www.w3.or\
g/1999/02/22-rdf\
-syntax-ns#\x22\x0a   \
xmlns:svg=\x22http:\
//www.w3.org/200\
0/svg\x22\x0a   xmlns=\
\x22http://www.w3.o\
rg/2000/svg\x22\x0a   \
xmlns:sodipodi=\x22\
http://sodipodi.\
sourceforge.net/\
DTD/sodipodi-0.d\
td\x22\x0a   xmlns:ink\
scape=\x22http://ww\
w.inkscape.org/n\
amespaces/inksca\
pe\x22\x0a   width=\x2216\
\x22\x0a   height=\x2216\x22\
\x0a   id=\x22svg4152\x22\
\x0a   version=\x221.1\
\x22\x0a   inkscape:ve\
rsion=\x220.91 r\x22\x0a \
  viewBox=\x220 0 1\
6 16\x22\x0a   sodipod\
i:docname=\x22compa\
re.svg\x22>\x0a  <defs\
\x0a     id=\x22defs41\
54\x22 />\x0a  <sodipo\
di:namedview\x0a   \
  id=\x22base\x22\x0a    \
 pagecolor=\x22#fff\
fff\x22\x0a     border\
color=\x22#666666\x22\x0a\
     borderopaci\
ty=\x221.0\x22\x0a     in\
kscape:pageopaci\
ty=\x220.0\x22\x0a     in\
kscape:pageshado\
w=\x222\x22\x0a     inksc\
ape:zoom=\x2244.395\
603\x22\x0a     inksca\
pe:cx=\x225.2581895\
\x22\x0a     inkscape:\
cy=\x223.6322964\x22\x0a \
    inkscape:cur\
rent-layer=\x22laye\
r1\x22\x0a     showgri\
d=\x22false\x22\x0a     i\
nkscape:grid-bbo\
x=\x22true\x22\x0a     in\
kscape:document-\
units=\x22px\x22\x0a     \
inkscape:snap-bb\
ox=\x22true\x22\x0a     i\
nkscape:bbox-nod\
es=\x22false\x22\x0a     \
inkscape:snap-ot\
hers=\x22false\x22\x0a   \
  inkscape:objec\
t-paths=\x22false\x22\x0a\
     inkscape:sn\
ap-nodes=\x22true\x22\x0a\
     inkscape:sn\
ap-grids=\x22true\x22\x0a\
     inkscape:ob\
ject-nodes=\x22fals\
e\x22\x0a     inkscape\
:snap-bbox-edge-\
midpoints=\x22false\
\x22\x0a     inkscape:\
snap-smooth-node\
s=\x22false\x22\x0a     i\
nkscape:snap-mid\
points=\x22false\x22\x0a \
    inkscape:sna\
p-bbox-midpoints\
=\x22false\x22\x0a     in\
kscape:window-wi\
dth=\x221920\x22\x0a     \
inkscape:window-\
height=\x221025\x22\x0a  \
   inkscape:wind\
ow-x=\x220\x22\x0a     in\
kscape:window-y=\
\x220\x22\x0a     inkscap\
e:window-maximiz\
ed=\x221\x22>\x0a    <ink\
scape:grid\x0a     \
  type=\x22xygrid\x22\x0a\
       id=\x22grid4\
700\x22 />\x0a  </sodi\
podi:namedview>\x0a\
  <metadata\x0a    \
 id=\x22metadata415\
7\x22>\x0a    <rdf:RDF\
>\x0a      <cc:Work\
\x0a         rdf:ab\
out=\x22\x22>\x0a        \
<dc:format>image\
/svg+xml</dc:for\
mat>\x0a        <dc\
:type\x0a          \
 rdf:resource=\x22h\
ttp://purl.org/d\
c/dcmitype/Still\
Image\x22 />\x0a      \
  <dc:title />\x0a \
     </cc:Work>\x0a\
    </rdf:RDF>\x0a \
 </metadata>\x0a  <\
g\x0a     id=\x22layer\
1\x22\x0a     inkscape\
:label=\x22Layer 1\x22\
\x0a     inkscape:g\
roupmode=\x22layer\x22\
>\x0a    <path\x0a    \
   inkscape:conn\
ector-curvature=\
\x220\x22\x0a       id=\x22p\
ath5594\x22\x0a       \
d=\x22m 5.6710396,1\
4.671039 3,-6.99\
99994 2.9999994,\
6.9999994 z\x22\x0a   \
    style=\x22fill:\
#a0a0a0;fill-opa\
city:1;fill-rule\
:evenodd;stroke:\
none;stroke-widt\
h:1px;stroke-lin\
ecap:butt;stroke\
-linejoin:miter;\
stroke-opacity:1\
\x22 />\x0a    <path\x0a \
      sodipodi:n\
odetypes=\x22cc\x22\x0a  \
     inkscape:co\
nnector-curvatur\
e=\x220\x22\x0a       id=\
\x22path5596\x22\x0a     \
  d=\x22M 1.8943937\
,8.8970706 15.07\
8378,5.4360976\x22\x0a\
       style=\x22fi\
ll:none;fill-rul\
e:evenodd;stroke\
:#a0a0a0;stroke-\
width:1px;stroke\
-linecap:butt;st\
roke-linejoin:mi\
ter;stroke-opaci\
ty:1\x22 />\x0a    <pa\
th\x0a       style=\
\x22fill:#000000;fi\
ll-rule:evenodd;\
stroke:none;stro\
ke-width:1px;str\
oke-linecap:butt\
;stroke-linejoin\
:miter;stroke-op\
acity:1;fill-opa\
city:1\x22\x0a       d\
=\x22m 5,14 3,-7 3,\
7 z\x22\x0a       id=\x22\
path4702\x22\x0a      \
 inkscape:connec\
tor-curvature=\x220\
\x22 />\x0a    <path\x0a \
      style=\x22fil\
l:none;fill-rule\
:evenodd;stroke:\
#000000;stroke-w\
idth:1px;stroke-\
linecap:butt;str\
oke-linejoin:mit\
er;stroke-opacit\
y:1\x22\x0a       d=\x22M\
 1.2233541,8.226\
0312 14.407339,4\
.765058\x22\x0a       \
id=\x22path4704\x22\x0a  \
     inkscape:co\
nnector-curvatur\
e=\x220\x22\x0a       sod\
ipodi:nodetypes=\
\x22cc\x22 />\x0a  </g>\x0a<\
/svg>\x0a\
\x00\x00\x0e\xbf\
<\
?xml version=\x221.\
0\x22 encoding=\x22UTF\
-8\x22 standalone=\x22\
no\x22?>\x0a<!-- Creat\
ed with Inkscape\
 (http://www.ink\
scape.org/) -->\x0a\
\x0a<svg\x0a   xmlns:d\
c=\x22http://purl.o\
rg/dc/elements/1\
.1/\x22\x0a   xmlns:cc\
=\x22http://creativ\
ecommons.org/ns#\
\x22\x0a   xmlns:rdf=\x22\
http://www.w3.or\
g/1999/02/22-rdf\
-syntax-ns#\x22\x0a   \
xmlns:svg=\x22http:\
//www.w3.org/200\
0/svg\x22\x0a   xmlns=\
\x22http://www.w3.o\
rg/2000/svg\x22\x0a   \
xmlns:xlink=\x22htt\
p://www.w3.org/1\
999/xlink\x22\x0a   xm\
lns:sodipodi=\x22ht\
tp://sodipodi.so\
urceforge.net/DT\
D/sodipodi-0.dtd\
\x22\x0a   xmlns:inksc\
ape=\x22http://www.\
inkscape.org/nam\
espaces/inkscape\
\x22\x0a   width=\x2213\x22\x0a\
   height=\x2213\x22\x0a \
  viewBox=\x220 0 1\
3 13\x22\x0a   id=\x22svg\
4339\x22\x0a   version\
=\x221.1\x22\x0a   inksca\
pe:version=\x220.91\
 r\x22\x0a   sodipodi:\
docname=\x22dphi.sv\
g\x22>\x0a  <defs\x0a    \
 id=\x22defs4341\x22>\x0a\
    <linearGradi\
ent\x0a       id=\x22l\
inearGradient851\
7\x22\x0a       inksca\
pe:collect=\x22alwa\
ys\x22>\x0a      <stop\
\x0a         id=\x22st\
op8519\x22\x0a        \
 offset=\x220\x22\x0a    \
     style=\x22stop\
-color:#93a7ac;s\
top-opacity:1\x22 /\
>\x0a      <stop\x0a  \
       id=\x22stop8\
521\x22\x0a         of\
fset=\x221\x22\x0a       \
  style=\x22stop-co\
lor:#53676c;stop\
-opacity:1\x22 />\x0a \
   </linearGradi\
ent>\x0a    <radial\
Gradient\x0a       \
inkscape:collect\
=\x22always\x22\x0a      \
 xlink:href=\x22#li\
nearGradient8517\
\x22\x0a       id=\x22rad\
ialGradient8515\x22\
\x0a       gradient\
Units=\x22userSpace\
OnUse\x22\x0a       gr\
adientTransform=\
\x22matrix(-0.19711\
629,1.3554801,-1\
.3155837,-0.1913\
1452,-152.05269,\
475.30024)\x22\x0a    \
   cx=\x224\x22\x0a      \
 cy=\x224.0625\x22\x0a   \
    fx=\x224\x22\x0a     \
  fy=\x224.0625\x22\x0a  \
     r=\x227.5\x22 />\x0a\
  </defs>\x0a  <sod\
ipodi:namedview\x0a\
     id=\x22base\x22\x0a \
    pagecolor=\x22#\
ffffff\x22\x0a     bor\
dercolor=\x22#66666\
6\x22\x0a     borderop\
acity=\x221.0\x22\x0a    \
 inkscape:pageop\
acity=\x220.0\x22\x0a    \
 inkscape:pagesh\
adow=\x222\x22\x0a     in\
kscape:zoom=\x220.9\
9999999\x22\x0a     in\
kscape:cx=\x22135.4\
6378\x22\x0a     inksc\
ape:cy=\x22182.2475\
8\x22\x0a     inkscape\
:document-units=\
\x22px\x22\x0a     inksca\
pe:current-layer\
=\x22layer1\x22\x0a     s\
howgrid=\x22false\x22\x0a\
     units=\x22px\x22\x0a\
     fit-margin-\
top=\x220\x22\x0a     fit\
-margin-left=\x220\x22\
\x0a     fit-margin\
-right=\x220\x22\x0a     \
fit-margin-botto\
m=\x220\x22\x0a     inksc\
ape:window-width\
=\x221680\x22\x0a     ink\
scape:window-hei\
ght=\x22995\x22\x0a     i\
nkscape:window-x\
=\x220\x22\x0a     inksca\
pe:window-y=\x220\x22\x0a\
     inkscape:wi\
ndow-maximized=\x22\
1\x22\x0a     inkscape\
:snap-nodes=\x22tru\
e\x22\x0a     inkscape\
:snap-others=\x22fa\
lse\x22\x0a     inksca\
pe:snap-bbox=\x22tr\
ue\x22\x0a     inkscap\
e:bbox-nodes=\x22tr\
ue\x22\x0a     inkscap\
e:object-nodes=\x22\
true\x22>\x0a    <inks\
cape:grid\x0a      \
 type=\x22xygrid\x22\x0a \
      id=\x22grid49\
05\x22 />\x0a  </sodip\
odi:namedview>\x0a \
 <metadata\x0a     \
id=\x22metadata4344\
\x22>\x0a    <rdf:RDF>\
\x0a      <cc:Work\x0a\
         rdf:abo\
ut=\x22\x22>\x0a        <\
dc:format>image/\
svg+xml</dc:form\
at>\x0a        <dc:\
type\x0a           \
rdf:resource=\x22ht\
tp://purl.org/dc\
/dcmitype/StillI\
mage\x22 />\x0a       \
 <dc:title></dc:\
title>\x0a      </c\
c:Work>\x0a    </rd\
f:RDF>\x0a  </metad\
ata>\x0a  <g\x0a     i\
nkscape:label=\x22E\
bene 1\x22\x0a     ink\
scape:groupmode=\
\x22layer\x22\x0a     id=\
\x22layer1\x22\x0a     tr\
ansform=\x22transla\
te(160.78572,-47\
7.29077)\x22>\x0a    <\
rect\x0a       y=\x224\
77.29077\x22\x0a      \
 x=\x22-160.78572\x22\x0a\
       height=\x221\
3\x22\x0a       width=\
\x2213\x22\x0a       id=\x22\
rect8511\x22\x0a      \
 style=\x22opacity:\
1;fill:url(#radi\
alGradient8515);\
fill-opacity:1;s\
troke:none;strok\
e-width:3.543307\
07;stroke-lineca\
p:round;stroke-l\
inejoin:round;st\
roke-miterlimit:\
4;stroke-dasharr\
ay:none;stroke-d\
ashoffset:0;stro\
ke-opacity:1\x22 />\
\x0a    <path\x0a     \
  style=\x22fill:#f\
fffff;fill-opaci\
ty:1;fill-rule:e\
venodd;stroke:no\
ne;stroke-width:\
1px;stroke-linec\
ap:butt;stroke-l\
inejoin:miter;st\
roke-opacity:1\x22\x0a\
       d=\x22m -154\
.78572,487.29077\
 -4,0 2,-4 z\x22\x0a  \
     id=\x22path105\
06\x22\x0a       inksc\
ape:connector-cu\
rvature=\x220\x22\x0a    \
   sodipodi:node\
types=\x22cccc\x22 />\x0a\
    <path\x0a      \
 style=\x22fill:#ff\
ffff;fill-opacit\
y:1;fill-rule:no\
nzero;stroke:non\
e;stroke-width:1\
px;stroke-lineca\
p:butt;stroke-li\
nejoin:miter;str\
oke-opacity:1\x22\x0a \
      d=\x22m -151.\
78572,487.29077 \
-1,0 0,-8 2,0 0,\
1 1,0 0,1 0,2 -1\
,0 0,1 -4,0 0,-1\
 -1,0 0,-3 1,0 0\
,-1 1,0 0,1 -1,0\
 0,3 4,0 0,-3 -1\
,0 0,0 z\x22\x0a      \
 id=\x22path8523\x22\x0a \
      inkscape:c\
onnector-curvatu\
re=\x220\x22\x0a       so\
dipodi:nodetypes\
=\x22cccccccccccccc\
ccccccccccc\x22 />\x0a\
  </g>\x0a</svg>\x0a\
\x00\x00\x06Q\
(\
\xb5/\xfd`\xe8\x16=2\x00F\xbf\xbb'\xe0N\xa6\
<\x83\x1bV\x87\x85@\xd2\x8fD+\xc1aqc(\
\xb6\xd1\xd5T\xc2y\x88\x8e\xaf\x88\x07\xc3\x16@\x86\x19\
\xcca\x83\x03\xb2\x00\xac\x00\xb0\x00\xeb\xb1\xa6\xd2\x05\x18\
\x7f\x17=\x82\xeeG\x12\xb2&\xea\xf62\x0e\xfeN\x9d\
\xf8K5\xdbn\xddk\x07 \x1c8\xfag\xf7\xcf;\
\x9b\xd2\xdcM\xb8b\x8e\xf7^lU\xed\xb9\xc1[\x8b\
\xf1\x88\xefX\x96\x05J\x06k\x1e\xbb\x17x\xe6YK\
\x92v~q\x1d\x87\x1d\xd0\xc1\x83\xf7\xfc\xd2\xe3?\x1c\
\x8b75\xb1\xc6\xb1\x0c\xcfk-\x04\xb4\xe0\x0d\x08\x84\
Ck\x8b\xe1\x80\xb6v\xd71\x18\x8c\xe3`\xa6\xde\xa3\
\x00\xeb\xa7\xea\xf0\x0ay\xc1\x8a\xfae,\xfb\xbd\xfe6\
\xb0Z\x03\xd0\x80p \xc0tf\xcdg\x8d\xab\xcd\xb5\
\xf3\xc5\x94\x96\x00B\x04\xd6@\xf9Z\xed\xe4_\xec9\
\xc8\x9a\xac/\xdf\xbfXX\xaa\x084\x04\x89)\x1d\x95\
\x13&\xc8S\xa8\x94\x10y1q\xaf%(]\x14D\
y\x0e&\x92\xf6SFeA\xa0\x93\x01\xaa\xbb{\x95\
X#m\xfd\xf0\x5c7\x04\x885\xfbyf|oq\
\x08\x9dHt\x94\xc2\xc6\x9a\xca\xa14\xce\x05\xd6<\xbf\
#\x06\xd7\x83\xc2\x8f\x1fi}\xfe<\x9aA\xa6\xd1\xaf\
S'=@*\xce\x02\xb3uc\xcd\xe3F\x9ft\xe7\
2\xca\xc9\x1b\x95\x81+k0\xd6N\xcf\x7fm\xdd\x0a\
v\xfdc1D\xc6)\xdd\xbc\xd0\xdd\xba=\xbc\xf7`\
\x03\x22.Y\xcc\x84\x89Y\xd9\xe8\xceO\x13\x9cr\xf2\
\xe7m\x83\x83\xa3$\xd68\xda2{\xc1\xc5=\x06.\
RN\xd6\xd8\xbb$\x5c/\x0c\x1d\xf1oT\xbc7U\
MT\xa3\x1cmg\x8c\x8a\xe2\x1a\x14If\x9c\x8e&\
\x92\xd6\x0f\x915\x0cmk\xc4_\xb2\xdfn\xadx\x1e\
\xaaSU\xd8\x97\xea\xfe~%&_M\xa1wJ\xc1\
T\x13d\xda\xe7\xaf\xa0\xb7\xfd\xc53\x8f\xa9=\x80A\
.\x04\xc0\x9bb0\xbe\x0f{h\xd4\xc5\x96X\x88C\
Z\xe2\xad\xa9\xcc\xc4|\xc8B\xdd\x82\xc0\xb6$\x18\xa7\
\xdfT\xaf\x8bM9m\xeb\x9c\xf9[\x9d\xa7\x05\xbe\x08\
\xa3^\x1bL\x17;\x0c\xca\xa2\xbc\x05::\x13PR\
\x05\xbe\x04Mf\x84\x91\xbe%:\x09\x1b\x91\x22\x0au\
I\x02\xab\xe5y\x84\xcc\xe0\xc1~N\xb1\x86\xf7\x9b#\
0 0>\xe8\x14\x9a\x04\x08\x07h\xc1\x8f\x06\x84\x03\
\xc4\xc0\x9a\xb6\xc4F\xdd\xbbF\xbc\xda\xc9\x5c<\x00q\
\x0f>I\x9f\x834\x89\x88\x05.\x18\xdb\x92\xcb\x9c\x0f\
R\xae\x97\x98m\xc1H\xdd|u\x81\xc6\x052P:\
[\xe2%0\xc0\xf7\x8a\xbb\x95&J\x7f~\x05\x02\xd6\
\xe0WT\x0c=\xeew\x01\xc6\xb7?8\xae\xf4\xfbh\
\xc0R%\xe0\xa1*]\x87^\x19\xc7RZQ+l\
-\x81q\x9c\x04\x07\x1c0\x8f\xdds\xcaY{\xb5\xb5\
\xbf\x84\xbce6\xaa\xee<\x05\x85\xae\xb4B\xc1q}\
\xf6G]\xf36\xd5\xcc\xed?\x5c\xe9VUjTH\
|qi\xf92z\xd7\x8a\x08\xba\xbb?\x8f'\xdd[\
\xbe\xd0\xaeR\xeb\xf7\xa1v\xdfP\x81\x83\xa8\xb1\xa9B\
6##IAR\xd89a\x0cc(\xea\x18Vu\
\x22\xa1<\x86\xa1$\xc6\x0cA\xc4@\x22\x22#\x22\x13\
H(a\xa4\xb0 \x956g\xa1\xc2\xde\xd3n\x8e\x0f\
\x91Z\xae\x9fzP\xd8\x96\xcc\x99!0\xfcK\x0a\xca\
v\x15J\xa62\x8c\xc9\x95\xcb\x0e=\x00|\xcf\xcc\xa1\
\xe6\xe7\xdb>d\xbc\xb3\xe0E\xae\x9du\xd3,\x1bZ\
*,\x96\xb2\x17\xf1\x05r\xb2\x1d\x9d\xfbY\xb6\x95\xad\
q\xc1\x88\x04\xed\x17\x99_\xd2b~\xd5/\x9a\xbc\xfd\
\x22\x8eOH\xa5\xe0\x01dll\x98]\xfe*8,\
\xd5V\xe2\xc6I8:\x8c\xd9\x8b\xd4Z\xba\xdfSf\
\x15\xa13\x10\x00\xd8\xedJz&\x9d\x1a\xc0R\xa2*\
\x19?\x7f\xff\xaa\xc1\x05\x94$C\xee@\xe9l\xc0\x1b\
M>\x80VF\x80v\x13 ^\x01`\xa7E\xe5\x8d\
\xe40\x1d5=e\xb8M\x07\x99u\x06\xce\x89[x\
\xb5\xda$&`\x98l\xa0\xbb8\x09@\x80n\xb0\x10\
\x02{\x04\xb3\x1dn@\x02a\x9f:\x83\xa0P`\xbe\
b\x04^\xd3Jbii}\xda\x22\xa5\x09w\xc31\
\x93\xda\x8c\x87Rw\xc9\xaf\xc3\xb3frA\x8bo&\
2\x15#~\x81\xa2\xac\xcd\xa6\xb7zg\x8d\x92X=\
*\x9d36\xbcjjS]\xfaR}\xac\xb7\xb3\xa6\
H\x0d9\xdf|D<\xce\x12\x089\x1f\x14\xdd\xccA\
[}\x1a\x91\xfcm\x95\x13\xd2xh\x9a\x5c\x85\x1d\x1b\
E\xf4\xf6\xca\x00\x10\x9aHI\x08\x0e\xee\x10\x94\xf5\xda\
\xa8\x8c\x8f\xc9FZ\xf4\xd8\x81x\xbb\x0cm\x98k\x9a\
pZ0\xc3\x138v.\x1d\xed\xce\xa2R\xb0X2\
\xdb\xe6Z}\x12L#\x87\x01\xc9@\x8c?\x19\x11\x5c\
\xa5\x04R\x1d\x8c~u\x98y\x1b\x10\xe9\x9c\xf6\xea\x90\
\x09J~Dv\x02\xa9\xa9\x9e\x04\xdd\xd4 ^\xc47\
\xeal\xa5\xe4\x87P\x85\x1f$\xe3n\xa0Q\xdd\xa4*\
\x91\x80P\xdanG@2\xf5\x0b\x02\x0c\xcay\x8a\x12\
\x89\x19)\xba}\x00`\x0e\x82\xf0\xf4\x9aB\xb2\x18\x83\
\x08\xbc\xe0R\x1c\x99\xa9\xad\xf0|\x9e\xbd\xe9R\x858\
\x1d\xc2\xa1\x939\xbd\x91\xe6j\x81\x05#\xbe\xdc\x84\x82\
\xe90\x85k\x80\xd4\x01\x9c'-\xabI\xaa\xc2\x17\xa4\
\x02,0\xddHUP\xb3\xc8\x9c\x8c-\xcd\xe7\xd4\x90\
\xbb\xbfB\xfc\xc2\x16\xfc\x90\x10|\xe4]@\x1f\xc6\x82\
\x0dD\xcd\xb8\xe0\xd0l\x05\xc8k\x0f\xd8!\x9a\x96|\
N'X\x18\x82\x03eRu\xb4\xc0b\xe8N\xb9R\
\x05z\x96k\xc3T4<\xc3\xc5\x92+ld\xb4\xb9\
\x1cn\x14,M\xbb\xe0\x86hQ\x0f~7.\x91\xa4\
\xb8\x9b\xea\x10O\x5c&\xe1Y\x9c\xc0\x09\xff.r\x5c\
\x94\xb2\xc2\xcdGf`\xd7\x84\xec\xabE\xd1uS\x89\
\x0a\x89&\xff<\x92\xe6J\xd6\x08\x9e\x01yy\xac\xcd\
\xe4jD\x08;@@\xa8\xb8\x7f\xff\x86}\x0b\xf0\xb2\
\x8c\x12(\x1f\xc2\xb7\x08\xd4`\x96#\x9dr\xbd\x046\
\xd3+N\xf06\x06]\xe1r\xeeb2\xe0|\x1bh\
\xaad\x08\x87\xc4\xdd\x87l\x1e\x8a\xa8\xd2\x1d\xa5\x8b@\
\xd4\xd1\x042U\xc8K\x03\xb7\xdb\xa2\xbcN\xd6_\xc9\
\x7f\xda\xe3\x85:\xcdR\xd1\xcd\x88\x1b\xc6\xdc2X\x1a\
h\x05\xd6XEi\x82/;9-\xa7I\x0e'h\
l\xe0\x18\xbc\x04B\x97C\xd6'\xd5\xe6\xb37\xf9\xce\
S\x81\xf0\xfb,<\x22\xef\x22\xc2/pi:\xd1@\
T\xa6\xc0r#f\xe5\xd08\xb2\xc3\xff\x1f\x86\xb2*\
\
\x00\x00C\xea\
(\
\xb5/\xfd\xa0\xe5\x06\x04\x00<\xc8\x00\xca\xfeH%*\
\xd0N\xa8$\x0f\x1bt\xefw@\x13\xc0\x1a\xabn\xa2\
\x05\xcb\xe0\x92\x87\x95\xc7.\xf0\x1cEH\x11\xc2\xa0u\
\x1a\xaa\x83J=\x8c\x1e\xf60q\xad\x02\x05\x02\x12\x02\
\xb5g\xb0-\xf6\x16q\xaf.\xbe\xee\xa9\xdd\x85'\xcb\
b\xf0\xaf\x8eL\xf90\xd2\xae\x8e\xc7\xf4\xdb\xd6\xaf>\
\xf5\xa7/}\xe77\x9fy\xbc\xdbie\x92\xa1\xf6;\
\x97\xcc\x0e\xb7\x8d\x0e\xeb6\xb7M\x8f\xf0/U.\xa5\
*SDT\xde=C\xbe\x16'\xf5\xad\xb1\xb3\xaf\xe8\
\x87a'V\xbb\x22\xbd\x8cZ\xad\x97Q\xc9\x8c\x8f\xa7\
4T\xe6\xc2\xa4\x0a\xe4|\x94\x9f\xb8\xda\xe4%\x93p\
\xdca)\x03\x8f\xf7\xdf\xf8:\x9b\x8f^yN>\xba\
\xc3\xd8\xd3\xac]\xdfJ\xcc(\x01$\x22\x95\x0b\xe3`\
\xfa\x950\xf5\xdb\x95z\xbb\x99\xae\xf9\xae\x8e\xd4\x10\xce\
`\x01\x9a\x0b#q\xb0L\x98J\x04\xcf\xac\xa3\xa4\xef\
\xd1\xd5\xe3\xa3\xacv\x90\xb5\xed\xe1x\x18+\x9f\x1f\xb5\
\x95\x1dv\xb4U\xcf\x0b\x0f\x7f\xf5\xe8\x7f\xa5\x9d\x87\x8d\
\x8f\xda\x0f\xbe\x8e\xe9.\xea\x5c\xd7\xf1X\x08&\x03Y\
\xd8\xbd>\x91\xd9\x98\xed\xddg\x97g\xccI?\xe6^\
0\xe6\xde\x1a\x9e\x9d\xd3:\xd5-\x91\x97\x14\xed$.\
3\x19wc\x91`\xe2\x00\x04\x95\xc6\x02q\x89L$\
`\xe8;\xba2<+FJS5J|Mp-\
+Uu\x00M\xa5!\xc12\xc1DH\x98\x85\x82\xe4\
u\xcbK\xcfC[<\xd9^\x84!R\xa1\x1cF\xec\
\x13\xe2.\x14.\xf8_\x13\xd5/.RKE\x82B\
\xa2\x82\x87\xc7-\x14\x1c\xcd\xc3C\xa3\xc1VC\xb1\xc8\
\x1b6\x16\x08\x84\xb2 \xa0\x12&.\x11\x0a\x01\x87\x04\
\x90P\xa1H(\x8e#\x99\xb8<P.\x96\xbba\xe4\
\xc1T\x14\xa80\x0dZ \xcd\xa3A\x01\x13G{x\
HP\x83a\xf2\xf00qi\x1c\x22\x0e\x0d\xc6\x86\x02\
\x13@\xd00\x11I\xd3@#\x02\xe1\xa08h4\x1a\
\x07JC\xa3\x91D \xe7R\xa1<H4\xe4\x88T\
\x9aI\xc3p$\xceE\xa2\xb9,\x14\x1c\x94G\x82\x22\
\x9aU\x14\xd8T\x1e\x16\xe9\x09e\x0b\x85G\xe4\xd2\xc0\
\x10i\x1a\x18\x17\x0a\x0d\x97G$\xa2ai\x1c\xcc\x83\
\xa5q`&\x8f\xcb\x83~\x1cD\xe0\xa0qi&\xd4\
@\x1aG\x05\x82b\xa1\x07\x89DB\xe3\xbf\x1d\x09\xe6\
2\x99\xb0\x9cc\xd6\xb07\xba\xbb.\x02\xf2\xa8\x04`\
\x99X&\x14\x07\x07\x8a\xa3y\x10q8\x16\x8d\xa2j\
X.\x93\xc6\xa1\x914\x0d\xc7CR\x81xX(8\
\x1e\x09\x96\x89B\xa1`\xc0\xf0\xc0\xd2\x80\x01\x83\x02\xce\
Q 4\x18*\x14\x8aPDDD\xa3\x91\xf0p\xb9\
4\x08\xa0h\x1e\x18\x87\xc5\x82\xc9\x02\x8a\x86K$B\
\xf1h.LSA@q\x0e\x00\x0d\x18\x14`\xc0\x82\
2Y(4\x13\x8a\x84yL\x98\x8bE\xb1\xe0\x93@\
\x04\x12,\x14\x18&\x91\x07\xc51i\x14\x8bS-\x14\
&\x94\x88\xa5\xd2<PH\x1c$\x0ch\x10\x98E\xbc\
z\x8a\xb7\x94\x95\x8c\x94\xdd\x88\xc0\xda\xcaL\xaa\x87\xc1\
\xbcy#\xad]\xb4\xec\xb2oZU\x1a\x8f\x84\xd8\x8d\
\xd6I\x8d\xbf\x0a\xb2\x02\x07\x0bX\x17\x1e\xd7\x9f[\xf4\
K\xb3\xc4z\x9aiC\x91O\xfe\xf5t\xd9Y=y\
\xc3s7\xe4\xd4\xa3G\xf9(\x9e\xdecv\x8e\xc7\xf6\
\xa7O\xcf\xedX\x9f\xee\x83\xa6?z\xb8\xba\x8e\x1e=\
Z\xa7\x7f\xec\xce\xf1\xdc\xfb\x9c\xefX\xd7y\x9f\xd6\xd3\
}\xf4\xe8\x9d\xd6\xf3Y\xfdI}\x9e\xd3\x9f\xd2\xeb\xe9\
<\x9e\xcd\x9f\xcc\xff\x1c4=f\xe7\xaa\x87u\x8fv\
\x1eL6=\x96\xfc>\xcbg\xbc\xda\xbd\xf6+\xed4\
<\xfbS\xa79\xcf\x1e\xedc\xf7\xd1^\x98/\xe4\x17\
V\x15V\xe1b\xe5mk%6\x1a\xa6%\xa9a3\
c\xaf\x1a\xee)\xdb\xbd\xbf\xdb\x94u\xdb?]:\x86\
\xea\xfe\xa8nkQwYs\xfbX\xdb\x0a;M\xf3\
K\xcd\xd9\x95\x84\x95\x8c\xfe\xd9)\xa3e\x1e\xff\x10\x95\
U\xf1\x9a\x96qK\xab\xcbp\xef\xaaNiu\x18\xcd\
\xaf\xefb\xed*Y\x1f\x83\xab\xafh\xbf\x0c\xcd\xabb\
[|V2Y\xddV\xd7\xd12\xae\xaf\xcb\xd0\x01\xe9\
c\xcb\xc7m\x08\xfd\xad\x13\x1f\x19\xa7wI\xd7\xa9\xd7\
m\xef\xbc\xdb\xd6_\xcb&\xae\x8e{u\xc8K\xe7\xdc\
\xe3\xba^SZ\xe8\xf8\xad\xe9,\xdc,\xc4N\x5c\xb0\
\xcew\x9eWea\xfe\xba\xef\xcc$L\xb5\xa3\xeeN\
\xb6>\xe2\xd4M\xba=\xab\xbf[\x5c\xc7\xdbD+\xb6\
\xea\x1f\x8bQm\xf7\xf4\xc7\xdb\xd4n*\xdc\xdf\xfd\xc7\
\xbd\xab\xbc\xb6\xaam\x84K>M2\xbc+n\xdd\xe9\
\xf7\xee7e5_g\xd3\xa1\x1e&\x22ua37\
\xb2\x9dyuqms\xfb\xba\xf5J\xe9\x98wZ?\
e\xed[k\xb4\xc2\xd2\xb2\xca\xd2$\xe45\xd6\xd6\x13\
ruV_U\xf7{\xdf\xf9\xbe\xf7\x9a-\x13W\xd7\
a\x9cq6}\xf7\x9c\x8d\xf9f\x94\x8a\xb8\x8bt6\
\xe4,U\xed\xb2^\xde\xbd&3c\xe4\xdeee'\
Z*^\xb7\x9e\xe6\xeei\xa7RN\xb6=\xd9\xf36\
\x8d6|\x95\xe6\x22\x89@\x9em\x8a\x87\x86\xc8\xc7\xdd\
d\xca\xacymvm\xa8\xb6\x85t\xca\xc0\xed\xbe\xa3\
\xbe\xd3\x96\xd8f\xd4\xc68E\xab4*|\x1b_[\
[\xebY\xeb\xb4>\xeb\xdaS\xd6]\xbdz\xb2\xbax\
\x0fo7[O\xbb\xd2\xceu\xf9<\x99\x91\x15\x11\x0d\
\xf9\xc8|V|x\xd4\xd9\x9b\xb8\xd9\xa4w]\xe7\xe6\
\xdeLz/\x82\x992\xe1_\x87\x91\xbd\x08g\xe4^\
'\x1d\x19u\x8c\xba\x0e\xef\xb9\x5c[\xb9\x89kl\xd5\
[F|>\xc3\xb4Z\x04^\xd3C\xd2\xdb/\x82\xb2\
\xa1\x22\xd2\x0f\xe3\xbd\xa7fY\x9c\xd4\xc8\xa7v\xcb\xcd\
\x8d\xb8\x84\xa6\x9b\xc5WYl\xba\xc4e\xdc\xb8\xd6w\
\xa8g\xc9\xcf\xfc\x95\xec\xf6\x0c\xf1w\xbdl\xd3\xeb\xac\
\xce\xe6\xfa\x95\xe3\xb1\x9b'\xad+w\xd1\xfa\xfd\xaa\xfa\
\xe9\xce\xe5\xe5=\xdb\xa9|\xdd\xca\xaa\xdb\xb6\xb5\xc7G\
4\xed\xd2\xcb\xcc\xdd\xaf\xf1\x1e\xf2^\xbb\xa8\xf1p\xb5\
\x18\xe9\x8b\xb6\xd7jg\x94x\xa8\xb5\xb9Y[\x0b\xee\
n\xdc\xca\xdcEZ\xabv\xeaf1\x86\xccL}\x81\
!M\x93mw\xef\xb5\xcc\xdc\xb4|\x5c: M6\
\xe7u\xdfN\xf9Zu{\x97O\xbf\xdd\xa3 \xcc\x1f\
]\x8ej\xed+EM\xfe\xa3\x9aT\xb4\xaa\xeau\xe8\
\x1d\xfd(\xed\xd45n\xbb~<\xb6\x8b\xb5mk\x11\
\x1d{\x87\x8afy\xba\xd80X\xba\xb5ky\xf9p\
4\xadx\xfd\xda+k\x8a\xfb\xba\x16\xf7\xca \xdd\x0b\
\x89{\xef\xb7\xa3\x10\x1fw\xces\xb7\xa9\x1d\x15\xef\x08\
\xb9Zx8\xec\x8e|\xbf\xe3Y\xefY\xe5\x22\x03\xe9\
\x05\xd6^{\xbd\x97y-\xb5\x12K\xfb\x04,\xfa\xb8\
P\xd1\xce\x8c\xc1\xe3\x96\xd6V\xf2]\x96*\x1f\xea\xf2\
\xd1e\x5cffdF\xc3#Zfa1\x7f\xb6\x96\
\x1e\x1eS\xab\x9d\xfa\xde\xed\xdc\xbe\x1f\x7f\xac\xd7\x975\
\xcb\xfa\xe8\x8b\xab\xd7b\xeea\xf3%c\xef\xb5l\xf1\
\xa9\xbb\xbfR063\xb9\xd3\xf8\xb7w7\xbbu\xd5\
\xf5\xb6\xb2e\xd7O\x08\x5cg\x0aF\xdf\x04X`\xa8\
(\xd6\xd0v\xb5\x9eV\xb7\xca\xa3\xeeg\xfdXH\xd7\
}\xec\xa2\xbege\x99\xabWv\xb6[j\xaa}\x8c\
W?\xfd(\xd4Ng\xe8i\xec(\x1c\x8ak$\xac\
\x17\xe3\xf4}\xa7*E\xc3\x85y\xc0\xf39\x22\x90\xc8\
9\x04D*\x0b\x11\x09\x83@\xc2\x84$\xe2\xc0@\x1a\
\x1c\x97&\xe22a\x22\x15\xe6\x81d\x92@\x80\xc4\x03\
&X(\x0c\x8b\xa3e\xe3\xd3\x86W\x08\xa6\x17`B\
\x99$4\x16P*h\xcc\xf9E\xc8\xa92<4e\
\xd2Kl\x9f\xcf.\x8b\xe6Aqx\x80\xa0T\x18J\
A\x91H\x18X(H\x9a\x05F\xc2\xd0h$\x97\xc8\
\x02\x12I\xe4\x02A#\xe2\xe0x4\x95F\x03\x89\x83\
\xc4\x00\x0e\x91\x02.L\x82\xe3\x01AY`,\xa8P\
(Hp8\x12p\xf0@\x02\xe4\xb1X\xe6\xc2<\x98\
K\xe3\xd0\xe0\xd1\x5c\x10q\x88H0\x0eiX{\xb6\
:\x93HDc\x910\x15\x86\x08J\x83\xa5\x99`$\
\x95\x0a\x84\xc4\x03\xc4y\xec1\x09\xd78\x1b\xe9\x94\x92\
B\xb9 \x82\xf2`\x1a,'\xad4\x8f\x0aea\xa1\
\xd000\x0f\xcc\x02\x83\x88&\xf2\xe0\x91\xd77\xf6\x85\
\xb7i\x97\x9d\x93\xab\x0e\xb2\xe2\x1em\x8f\xabzD\xbb\
\xb2\xe6\x11\xf3hy<jv]R7Z\x1a\xdf\x9b\
s\xe9W\x86z\xdd\xd5\xd7\xc5\xda;E\xea\xae\xab4\
B\xb44=\xe9]b\x16\xf5\xe9s?bk\xd2\xdd\
;\xaf|V\xf7M\xc2>+S\x9di\xea6am\
\xaa\x9e\xa6\xbe\xabO3\xbas\xcajJVe\x89G\
u\xed\xb42\xe5\x5ccb\x08$\xad.\x97\x8bR\xb3\
\x9f\x8d\x90\xa71\xc2\xa3:\xac#\xc5:u6#\x02\
\x9f\x1f+\xbd\x99\xe9\xecv\xba3k\xbc>\xa4>\xb5\
\xd6N,2d\xabNcz)V\x92\xe1\xab\xb6\xb3\
qiQ\x97i\xd1\xb4\xf9\xe8\xf9F>\xc6T:'\
\xe3\x90\xf1|Z\x06\x22~\x0d\x91\xb5\x96\xbe\x5c\xdc\x05\
\x81\x18\x95\x22\xefb\x13\x9eq\xb9\x92y\x1b\xfbt\xc7\
\xd5\xf6\xa6J+&5\xd6\xe2\xc3\xc6\xa22\xc3\xd3T\
2\xebok\x13\x1a\xf2^\xfew\xff\xd5\x7f\xddm\xdb\
m\xd9m\xd7m\xd5m\xcd\xc6y\xb5\xdb\x94\x87\xd7S\
^+\xdb\xd1\x1e\x9f\xdd1\x19\x91\x12\xb7\x18\xa7\xba'\
\xe3=\x0c^}\xed7\xd1Hm\xe9J\xb3\xa9\xf0\x8d\
\xc9\xc4\xd6\xac\xca\xbb|\xc2<\xff\x91[\x1b\xf9\xce\x94\
\x0c\xdb\xba\x0d_\xa9[d\xf9\xc3\xdc|Z\x97\x17&\
\xf2\xa0q\xf0\x80\x90\x1c0a\x22\x16\x0b\x04\xa3@\x03\
\xe9\x86k\xa8\xc3\xc5\x12U\x92\xb2\x0c\xba\x11Q\x90$\
I\x1a\x03C\xa5 \x10\x12\x0eE\x83#9\xd4\x9b\xdc\
\x01\xf3\xb0X\x18\x0a\x05\xc2\x84 8 \x08\x06\x81@\
 H\x10\x06\x02\x81@0H\x10\x10BC(\x08\xa1\
)\x86dh\x92\xad=0\x04n\xe7\x17)x\xa3\xce\
\xc2\xce\xaa)\xa9D\x9diH\xc8\xaf\x0b\x15\x1f\xf2\xe4\
H\x04\xb4X\x98\x94\xee\xd1(Q``:\xc5\xcb\xc3\
 fX\x09\xe5\x97|\x06}w\x19\xb9\xab\x90\x9b\xed\
-\x8f\x9e\xe4\x883\xa7e\xc6\xf7\xec\xa7\xdf@\xbcS\
\xed\x13F0\xd2O&\xa4\x199\x06\xa2\x16\xbd|\x0b\
\xfa\xff\xe3\xc9\xd8Om\x83\xf5\xf7k\xc7\xc3\xd6c\xd8\
M\xf83\xde\x0d\xb0P\xa9\xb5\xa3\xde\xc9\xc6\x86\x19\xeb\
e\xf0\xc0\x90E\x86\xd8\xe9\x8ae\xe9\xf4\x07\xd6\x10\x99\
\x00`\xd3\xa6B\xde\xa7E3\xac\xced0r<\x1f\
\x16\xb3\xc9\x89a\x81\x17q\xa2\xf0\x0c\xc2\xadh?F\
\x01\x18\xe3\xcd\x91\xaf\xef7\xce\x97\xcab\x86H\xc5\xbd\
\x15\xbb\xad\x06W\x0d-i\x0e\xaa;\x90\xca\x13\xd8\xf3\
\xe3\x00*\x03S\x14dV\x08\x0aN}\xeb+\xa6N\
\x8b;\x89\xe2\x1f\xdc\x12n\x14u\xa9\x04\x89\xda\xd2n\
\x9eJJH\xab\xa1pc\x9cC\x92\xd8\xf6\xccJ.\
\xf2\xf9]\x86\xb9S\xe5&\x9f\xd8L{\x0a\x95\x80\xd1\
\xac\x03p\x84Z\xee\xf9\x0f\xb4\x07\xd6\x8d\xe4\x93$N\
\x00n\x87,V\x06V\xe7\x81\x87Z\xf9Eq\xdav\
\xd8hL3\x96\x0f\x17\x80\x0e\x0f\x0c{R\xed\xa3W\
\xa2D|M\xd8\x8b\xb8\x80,\xb0\x0c{\xf5\xf5\xda\xe0\
\x99'\x83wSW\x88\xe5_\xb4w$\x01P\xad\xcd\
\xae\x19\x1a\x1f\x9e\x05$YC:y\xb5\xf85\xd8~\
\x10A5\xe3\x95\xc8\xdd\xa6\xf97=\xdb\xb3\x19f\x0e\
\x0f\x1a:+l\xd8C\x15\xd4a<L\xa8\xd5#\xd0\
G\xfe\xe12\xeew\xf8\x08\xbf.\xb6\x11\xeb\x14\xe9\xc4\
\x9d\x81[B\xac\xda\x90y\x9b\xed\xac\xb8\xaau\x9fa\
\xb6|\xb2\xaa\xbd\xf5\xa3\xc5\xa2\x83}\x0a\x8c|\xee\xdf\
\xda\xdb[\xbf\xfb\xb6\xf0\x9c\x06\xd6|v\x0d\xacv\x1e\
\x98.\x01\x0c{\x09\x9cV{\xc8\xf8\x09\xa8U\x8c\x90\
$\xf81@\xf6\xa3\x8cO\xa0\xeb\x95\x06\xc3\x9e\x8f\x8f\
\x96<\xcc9\x853xk\xc8\xc04f'E`\xb9\
I\xfd\xb8\xdd\x82\xfa\x0e\x03\x87\xb6i\xca\xfd \x04L\
\x09\x98\x8c\xa0\xed\xd2\xec\x0d\x10\xf0\xfe\xd7Uf`\x1c\
\x10\x18\x0f\xc7\x8d@\xd2P\x85\x16\xfc\x99i\xce\xa9\xd3\
\x89\xf8\xf2\xa1\x8b_0g\xecZ\x92\xcf\x16O\xab)\
x\xb6\x1f\x85m\xcb\x14|0B?>\xd8\xf2w\x1a\
\x16\x8cm\xa1L\x0d,\xc8\xa3\xa3\xcb\xf0G{'\x0f\
W%\xf5\x7f\x8bvs\xf3\x19;\xe0O\x874l\x89\
\xad\x85\xce>\x8b\xbc\x1cO\xffg\x01\x93f{nb\
BI\x02\xfc\x91o\xa8\xdes\xedr$\xea\x93\xe8\xa9\
\xcd\x16\xcb\x87Z<\xb4\xc1\x9f\xcdn\xc3\x89u\x81\xf9\
\x9e\xeb\xd0\xf1\xc0\x0b\x1b \xcc9\x8d\xf7]z\x91\xa1\
\xedb\xd4\xae\xb7\x87{KOQk$!P\x91\x05\
\xb2\x8a\xd2\x1e\xf1,\xc3\x0d'\x19\xb4\xdc>:\xe6\xdd\
\x93[\xf7=\xe38\xd4@\xa7\x14\x9a\xb7\x80\xa1\x1b\xa4\
\x98\x03\x0a\x93\xfa@\xc3+J\xd8@\xe1\x98\x0e\xa3h\
\x80W*\xa8\xa4\xc5B\xf7\xa1+\x01\x12\xfa\x9b\x91\xec\
\xcd\xc4\xa6d\x85\xca\xb1\xf5\x1dg\xfc\xc1U$\x0dF\
\xca\xef#X\x0c\x81\x17\xde\x22\x12'\x04\x97I\x18\x9c\
D\x92\x9fU\x1b\xba5\xce\xe9\xc6\x94|s\x98h\x84\
r\x92\xa5\xd5J\xb9\xbf\x8f\xf3\xd1\xd9\x0b)\x90M2\
U\xd4=>s\xd9\x19\xf0\x8b\xae\x7fy\xdb+\x89\xbc\
\x03-\x89\x07\x12\xf4(\xa9\x96<\xafn\xc5\xd8a\x8f\
C\xa6\xf5\x00\x1ewC\xe7Q\xb5\x0c1\xd3\x0d\x22\x1a\
F\xfd8\xea\x02i\x05\x92S\x90\x9c\x89\x89\xcb[)\
\x0e\xe1\xc5.\x0f\xed\x07\x18\x82\xa0\xa2\xca\xc3Sb\xb4\
$j}U\x09\xde\x9f\xc9\xf3>Ky\xc7\x11\xee\x7f\
H\xea\xaf#\xe4\xa2\xec\xd2\xd2\x079\xaa\xef\xaa\x81\x11\
7F\xa8Z@y\xeei\xf6\xc2y\xf5\x06\xdd\x03\xb5\
\x08\xa5G\xa8H}]A\x8dN)4u\x10#\xb6\
t\x96H\xa8\xa2A\x1aF\x9bVJo\xcc\x07\xa2}\
\xc12\x87\xf9\xb8\xc9\xbd\xf3X\x95e_U\xd4*\xe4\
\xf8\x966@\xdf\xf1\xf5GGU\xb4\x04\xa9\xb8\xc2\x92\
\xae\xdf\xecif{\xb2z\xe2\xcc\x8fS\x1a\xd8\x99\xf1\
\xfe\xcd`\xaf\x8aja3\xdd;\x95-O\x9b\xd6\xfa\
60\x12?\xf8P1\xc9\x8al\xf5\xf4U\x0ec\x1d\
\xd8\x1dZA\xef\xf2\xf0\xad/\x19kSM\xa4\x88(\
!vS,\xb6\xb6@\x14\x94\x13$YB$\x19!\
\xab\x0ewQXI\x04Z$\xf2\x0b\xc0\x9aG\xbf\xa1\
\xd4\xa7?\xa9G,\x08\xc4\xf5wV\xdc9\xf3\xce7\
@\x00\x17\x88\x82u\xc1\xff\xaf\x06\x1fD\xd9'\xcc&\
P\xa5|-tg\xb9L\xeaBb\x7f\xa7w\xb5*\
\xc90T\xf5+\x98\x95\xd9\xe7\x8c\x9d5.\xdb\xa1\xca\
\xe1\xf6;\xe5U\x8f7S!gH\x18)53\x1c\
\xb6C\x03\xfd\xde2\xa9\xdd\xf1\xb5\xa9\xc8R\x9a\xde8\
yPU\xdb\xba:\xf3\x1c8\xd7n\xde\x0bK\xe2b\
\xb7\x09c\xf98k\x0c\xc5\xa9kI\x89\xb5X-\x14\
\xf7\x0a\x9bM\xe5\xae\xdc\x01\x8a\xd2\xc4\xc4\xba\x9c\x1f1\
\x01\xfcm\xa8\x96\xb1\xef[\x89\x11\xf2\xb2\xfb\xab\xa9\xce\
\x1f\x07\x0c!\x83L\xd7\xe5\x18\x89oz\xfe6\x1a+\
\xc6\xd0\xcc\x5c\x0bN\x9b\x16\x80\xc5\xe1H\x8aT\xaa\x11\
\xf7l?`c\xda\xe4\x8a\xdc\xc9\x85\x85H\xd7\xfc\xbb\
\xe1\xe1\xa3\x9e\xac\x98\xde\x111\x86o\xae\xfa\xacs\x8d\
\x1f\xda\xccQ\xc310\xaaY\x0e$Eukh\x11\
n\xf3vP\xce2\xf4\xbf\x8e\xad\x84\xd7\xd2\x22\x16O\
\xff?\xae\xe9\xfc\x9d\xb0\x1d\x1c\xdf\xcf\xd1\xf5W\xb6#\
\x1b\x0d2,yd\x00y\xfb\xd9\x1d\xe5G/5\x1a\
dpI6v\x84\x99\xdd\xbd\x85\x22Xo\xf1vm\
\xbdp\x16\x1a\xdd\x22\xda\xcfD\xe2\x1d\x97@\xc1/!\
CT\x18?M\xd8\xaf\xac\xceC\xf27}$\xa5\x0d\
\xe9\xea\x0d\xdf\xeb,\xde\x1f\x08\x81r\x1a\xacC\xeb\x22\
g$'\xd5\xa3\xee\xd3\xcf\x9a\x90\xd4u?\xe9\xad]\
\x88\xab\x9a\xff\xae\xf2\xd4\x89*\xd3:\xea\xb7\xf5\xa9\x99\
\xfeH}\xa8GF\x8f\x83\xca\xea\x019P\xeb\x195\
\x84\x7f>%\x05\xb2\x8d\xec\x1ac^qG\x16\xde\x1e\
\x0dZ\x8c{\x9e\xf8\x03\xfc\xbc\x0b]\x9d\x86M\xe7/\
\xac\x1d}\xe3\x13\xbd\xb8\x9f\xda\x82\xfbV7\xc1G\x19\
H\x8f\x83+X\xd9M\xc6\xb6\xebCOe|)\x06\
\xc6\x079j\x94U^\x96DI\x8c1\x9a,\xdd\xff\
\xe1R\xe5\x0d\x13\xd5\xcf\x85\x01\xb5\x8f\x9a\xba\x7f\xdd\xa0\
\x89\xafJ\x90\x83\xba\xcfm]\x86Q\xc6\x14)\xed\xb6\
Z\x15r\xa5\xd5\x8f\xd7\x97y\xf0\x9c\xe1tr\x18q\
\xc83\x94\x13\xe2\xdbI\x15\xb0{\xac\x5c\xb9\xc8\xf6\x9a\
K\x93\xa7L\xe8\x0b\x95\x04'\xaa1\x0e\xf8\xf1\xc8{\
1Z5\x98\x9a\x81\x93Ln\xf8<'\xbb\xf0\xa0\xfa\
@l&\xe0\x09\xf4Q\x94,\xc5v\xa8\xb3\x0av3\
b\xe9Wn\x15\xf7\xe87\x03\xe7\xb8m8\xb3!\xc4\
Z\xceXS\xd6\x94\xac\xa8\x03\x82\x0aLA)f\xbc\
\xe5D\xf16\xb3J\xbe\x15\xc0\x15\x020\xe6\x9f\x12\xa7\
tY\xbcT\xc4\x801NI\xf01.\xe2z\x84\xac\
\xfa\x90\xa8\xbdg\xef\xc9 \xc9\xd5t\x83~)4\xd3\
\x96\x17\xeb{\xc9\xf9\xfb\xc3e)f6\x09\x8f\xee\xb1\
\xca\x0a6|L/H\xb0k\x09s\xbb\x84\x09\xbe\xb7\
\xe8\x88\x01x\xb73\xf0m\xf4.\x81Qy\xe6\xe4\x92\
3\xf6\x181]}v\x1a\x8a\x87\xe2\xd7\xf2y\x0e\xf1\
T\x1e\x0ejY\x9f\x17E\xc6R\x83\xeb`\xbe\x02\x0f\
\xf0\xce\xc2\xe2@\x15Q\xc1\xc0\x8c\xaf\xe8\x1cLW\xdf\
\x7f\x98R\x5c\x10\xfb\x8cw\x8ac\x9b\xdcNq{\x85\
\x99\xdf\xc0\x9f\xb4\x98\xb3\x13\x10R\xe7\x96\xefa\xb5\xc9\
\xe1\x8dZf\xe1N\x9a~. b8b\x1fT}\
ig\xa0\x7f\x10mc4\x01A\x1dW|\x22/\xbe\
\x02\x94q\x9a\x91|e\x92\x95\xa2\xb1\xf58\xe3\x98P\
k\x1dlC\x8f,\x9eo\x09\x01\x81d\x97$\xec\xfb\
\x09G\x17\xab\x1e\xf2\xd4\xc2\xf5\xfcI\xac\x19\x97\x17/\
\xb3Q\xc7\x94|\xc3H\x0b\x1ap\xa0s\x13f\x9ce\
\x98\x0eT\x03\xe3\x1b\xb7\x0c\xb9u\x1e\x90\xc3\xbb3\x88\
`\xeb\xacH=\xff\xd9\x17V\xec\xf2`\xa3\x90\x81@\
\xfb\xbc\xecO5A[$8D\xe9\x17\xc2\x82\xf5\xa7\
\xa6\x9c\xd7Kn\xb2\xa5J\x99\xd6\xab\xd2\xad\xb74b\
y\x0f1\x82v\xf8\x81\xc9@\x99\xd4*\x91\x04\x82r\
\x96\xc1\xfd\x81\xbcX\xb5\x11V\x8f \x83%\xb1\xf8\x9a\
\xb7\x0b\xda\x90$\xf0>S\x10`\x95\x9f^\x86\xc4\x88\
\x04d\xeaw\x7fC\x1a\xde\xed\xea_\xb2\xc5s\xc0\xc8\
&\x19\xe4RZ\xe8\xeaV\xa0\xb2E\x22\xff\x8aG\xba\
\xaf\x1c@v\xc6\x84\xf9}\x82\x81\xae/\xb3\x96\xc4\x9d\
\xcc\x06\xe6i\xeeU$%\x97+\xa5\xc3,\x9a\x07c\
M\xd2QV\xd5\xb9E\xba0#\xf2\xe2\x0eC^V\
\x0d\xf2D\x98\xc0b\xc2\xf0\x07\xec\xdb]\xa1\x9d\xc3\x06\
\x1bZ8H\x184Y\xf6$O\x08k\x94,W\xa3\
\xe4\xb7\xae\x05a\xdfw\xc9\xecY\xdal\xe5\xb2\x9f\xf3\
\xf0\x95\xca\x9e\x96\xf5\xb7L\xf6[\x7f\x0e\x15\xd9\xe32\
\xb8\x96\xc7~zU\xf6aY\xec\x85U\x83\x8cO\x87\
\xbd\xfc\x0bm)\xec\xd1d\xdf\xca`\xbf\xad\xa6V\x02\
{\xb8\x19i\xa9v_\x94y\x97\xbe\x9e\xad]\xf6R\
\xc1\xc3Ay=m\xeb\xfc\xdc\xf5\xdb\xfd\x94\xa5\xae\xc7\
i0\x83\xb9~\xdd\xf7B\xc5\xf5\xecl\x02\xd0[?\
nU\xd2lY\xeb\xe5\xa2S\x1b\x16\x9c\xf5\xf1(\x00\
*\xeb\xe9:\x9d,XOa}N\x9ag\xf9\xea\x09\
\xbb\xbfOW\x9f\x16Z\xe7@P-\x1c\x06\x05e\xf5\
\xe8\xb1w\x87\xab~\xcb5\x15ZL\x06\x07\xe2\xf6\x19\
5\xb6\xe7\x00\x03\x11\xe9\x11\xaf\x9d)Z\x01\x07\x12\x88\
\xd8\x0cy\xcbu\xcfE\xbdjQ\xf7\x18z\xf2\x22@\
\xca\x87\x81'\xcb\xcd'\x0f\x16v\xb2\x88\x02\xab\x1b\xd0\
\xc9\xectQ\xba\x0d\xe4d/\xfe\xd4Jp\xb2\xee\x96\
6p\x93\xef\x0b\x99\xa8}&\x96\xbeXM\xbf\xbe\xfa\
\xaa\x90\xa1\x95k\x15\xb1\xaf\xa9\x5c\x81\xcc\xa9\xec\xeb\xc1\
\x8c\xa6\xe7-vIf\xfa[#\xa6\xef\x92\xee\x97a\
FZ\xfa\x09\xaf\x95\x9e'\xa6\xf4\xebmq\xc4N\xd2\
*\xe9\x83\x92#\xfd*!\xfd^;Yp\x81\xc7X\
pi|\x15\xc6\x8a\x10\xae\xeb\xa34\x0e3\xee\xa3\xe0\
\x02~[\xf4Cn\xd8\x961\xb3\xd1\xd9\x18t\x14\xd2\
\xe7\x0b\xec\x7f\x07\x96\xff\x90F\xc4hI\x93w(7\
yx*@\xa0\xc1+%.>\xa7@@\x9c\xf1\xb8\
\x7ff\xaa\x00\x82\xb33\xca@c\x97\xc6\xbbc^\xf5\
]u%\x8d\xb9\xe8wJ\xd2\x15\x12\xf5\x88P\xdf\x9e\
\xa8r#\xd2\x05\xe1\x9a\x1d\xd1!\x1b\xa5\x9ey\xf4\x9f\
\x06\x91\xd0\xb5\xb2)2\x03a [\x90Y;Z7\
\xcat%-\x97h`z\xcd\x1d\xc5iT\xdf\xec6\
\x10\xa6\xc8\x91\xfeB\x94\xe6]\x04\xc9&\xe4\x90V\xd6\
\x90\x22\x03j\x88d[\x9e\x02O\xe4b=\x8b\xda\xfe\
\xc7\xb9\x12\xdf\xe1\x12\x93\xb9\x01\x17\xb1\xcdt*\x18\x95\
\xb0<:y\xfe(\x97\xe8\x85\x92=F\xe4\xbe\xec\x88\
\xc7\x85U\x8c\xae\xcab\xcd\xb3\xa2k\xceMU\x80\x94\
\xe0r\x1f\xb1&\x8f`\x84\x9b\xdeW,o\x81\xd5\x81\
\xda\xe6\xb1\x9d?\xa4\xd7a;h\x8a\xd1\x9f*\xce\xd6\
\xcf\xdb\x09W\x12\xda\xa78E\x1c*\xa0\xea\x96\x06\xab\
s\xd1E\x02x\xdc\xf6\x83u\xe8\xc4\x9e\xa6-\x09\x00\
\xd2\xcbV\xe8h\xd3\xa0\xc4?`\xf1J%\x8a\xab\x02\
\x840c\xaa\xe7j\x08G\xd0\xe2\x0a=\x14\x83\xf4\x22\
&u\x0cK\xca\xf3k\xad<`R\xcb\x83,_\x9e\
0+\xe6\xd9\x9af\x9ea\xb3\xe6a[7O\x15f\
\xceCv)bV\xcf35\xfd<\xccd\xd0S\xbe\
\x86\x1e\xaaKE\x0f1\x8b`\x89\xa1\xb6\xa1\xf6\x93K\
\xa0S\xf6\x03\x8dyC\xa4\xea1\x0d\x80\x96?\x9dK\
\x92\xce\xeeK\xd7\x11\x81S(1\xbb\xb1\x90\x9c&\xd9\
\x15\x0c\xd7%\x0aM(\xa5\xe4\xf54\x85$\xec\xf1\x83\
\xb1\x93\x8c\xa2\x90\xef\x0d\xc9\x06\x88\x5c\xe6Z5\xa0\xef\
\x9a\xfd\x9f\xba\xa2M\x88R\xf1\xf1\x18\xbcT\xc1\xe0\xa5\
\xc6F\xfa\x83\x9d\x830\x90\x8dwLJV\xb3\x00|\
\xda\xc9\xb4DRwp\x02\x80J\x15\xc033\x9b\xe2\
\x09K\xad>]\x14\xcc\x13o\x1e\xc8\x17\x05\x8c\xcfe\
\x15\xd3\xa1\xaf\xf6\x8cIb.\x815s\xd5(\xea`\
:\xa5\xfc\x94\x85\x18\x9e<\xdcT;\xe2\xc7\xd5\x88*\
\x02\x19\xeaMP@\xd20\xc5\xbf\x89\x22\xee=aK\
3\x0b\xd7O54Q4H\xfd'\xe7\x1cE\xef\xac\
\x06\xcc9~\xaf:EU|\xfa\xc6\x9ax\x17\xb5\x0c\
\xa5\xcb\x01\x90\x8b,\xa1\x8e+[\xa9hK\x985\xb5\
\xad\x80\x1fN\x1d\xcf$z\xbf\x0a$\xdf\xedg\x8a\xf4\
iQt\xe6My\x8bJ\xf0\xf7wX\x1eE\xd6L\
@l\x85\xb0\x98G\xa4\xa2\x80\x1d\xba\xf3\xe0%\xc1A\
\x1df\x0a.\xf4\xb0\xc2\x9cf\xe8_@?l* \
\xd5Mb\xb8\xf5@\x96\xfe\x01\x0e\xad\xb1Up7D\
\xc9\x0b\xf4g$\xfe\xa3\xefDV\xb2*\xae\xd6\xf4|\
(lD3\xfb\xa4\xacKG\x86\xe2\xdb47\xc7D\
!\x14\x7f\x93\xder\xa4\xc6\xac\x1a\xff3\x5c\x8e\xa8\x1d\
\x91\xea\xec\xfc\x88~\x0c1\xabn1g\x0d\x1b\xb2S\
a\x0e\x22\x0d\x1a\x8c\xc9\x09\xec\x87\x95\x0d\x1f\xce\x08\x88\
\xbf\xcf\x0f\x07\x9f\xe4\x0e\xbd\xc7\xc4y\xf6\xb9\x8e\xea\xb9\
:b\x9f\xd2\x0f\xae*F\xb3>\xed\xc2\x14c\xf4\xa2\
f\xee\xeb8\xe2]d\xaf0\x98U,\xcd\xde\x88\xfd\
\x10\x81\x1c\x16@\xdb\xaa_\x89\x8b\xf5\x94\x96\xc9\x82\xce\
\xf3}\xcd\xe1\xe3\xf5-\x1b\xaf!\xcdz\x1cf\xb9\xa1\
^\xe6R\xfb9\x04\xd3_vi4\x1f\xb7\xb7zW\
d\x96r\xefT\xe7\xfa\x9ak|d.\xa0\xf3\x99\x02\
\xe1\x91\xdf\x09\xfa\x97 cH\x8f0%\x95Xu\x19\
c\x17\x03\xd3+\xbdmRWfA\xd2\xf4!\x06\xb5\
\xd6\xe3\x0f\x0c\x12\xb0\xc7-\xbd1\xefU8\xcbSu\
\xf0o\xbf\xa9\xaf\xd4Q\x01H\xbb\xa1}\xcc\xfc\x92\x0b\
\x0dnAO;\x0b\x96S\xdd_\xd5\x8b\xb8-@\x13\
\x19\xfb\xff:\xe2\xee\x16\xb8Rt\xacP\x91\xdf\xe9\xbe\
QA\x0eCp/\x1ds\x17\xb3\x03\xd6}K\xbb\xb3\
3)\xfd\xda\xcb\x8a\x96\xb2Y\xdes\xe5S\x8e\xad\xc0\
N\xca\x9d\x22\xd32\xcc7Vk\x87\xcd(\xe9\x9d;\
\xc1\x8c\xb5\x0c \xcdYQB\x99\xd1W\x928\x1aP\
=\xc2`\xee\x17q\xdc\x83\xa1\xef\x87\x07\xdc\x04\xa9\x08\
\xe0\xcb\xd8\xcd\xca\x97>\xba\x9aM\x9c\xbf\xae\xc9\x01\xe8\
\x00QM\x99\xa8\x8d=\xbf\x15\xe8P\xfc\xd7Y=\xec\
\xcf\xa6Q\xff-\xb8\xef\xfa\xd6\xc5\xc1\xd0\x90\x5c\x03$\
\x03\x81\x15@\x98\x80\x12@EU\xcc\x9a\xea\xb0\x87\x8e\
\x8d\x08DU\xb4\x09+\x88\x82)\x22\x08\xaeb\xaad\
\x1f\x96\x05q\xc7\x07Iyx\xe8\xd9\xa31\xe5\x00s\
\x83G\xc1(u\xfcdPi\x7f,\xf37\xbf\xf1)\
\xd5;\xe7\xc2\xfb\xe5\x8c!l\xed_\xec\xfc\xbb+L\
:\xc6\xe6\xd36\xf46\xdd\xee0G\xc1\xa50\xf1b\
\x91~s\xb7\x1cn\xa6*a^;\xdf\xfe\x80m\xdd\
\xa2\x0b\x10\xd5\x9e\x11F\x00\xc6O\xc8|no\x8b\x9b\
\xf1(\x85_\xaa\xa8\xe4\x81\x8e\xd6\x997\xb3\x11,\x95\
\xb8\xc9\x95\x08\xc5\x98\x0d\x22\xa4\xa2\x8e\xed\xbc\x88\xf5\x90\
\xc0t\xffF<\xc4\xd1\xb8\xbf\xe0*s\xbaq\x85\x9e\
L\x0a\x17S(o!\x98w\xcb\xd0\x9b\x9a\xa6f\x90\
\xe5\x06Qi{\x14)\xa8\x91av\xa4\xa4\xe6D^\
C\xd7~wI\x96\xf3\x1c\x03\x7f\xd8\x8a{\xdf@\xa7\
\xf5|$T\xa2~c\x8d\x04\x1fC \xeb\xd0\xd6A\
\xd6\xe0@R'\xb36mx\x01\x22p\xaa\x06y\x19\
\xb9r;\xa8a\x91\xe1\xc7{\x056Y\xe8\x1a\x0b\xa4\
\x5cV\x96\x99\x8b\xb9\x06P\xb2Cv\xf7.~\xb8\xc1\
\xda\x15\xb4\x90\x00J\xa7\xfc\x12\x13\xa0\xa5\xa0\xd8'\x1b\
8\x02\xbf%\xa1MI\x044[\x02`\x1c3\x01(\
\x01'\x01\x17\xa0\xef3\x1c6\xa3\xd5u\xc7j\x9b)\
j\xdd^J\xec\x11\xe17'\xb2pJ\x22a\xbd\x10\
\x1c\xb3\xcb\xe8\xc8VqKk\xb50P\x19f\xe4\x1a\
\x182XZ\x17\x84\x99\xd7\x5c\xd2\x8c\xc7\x1a\x8d0\xd8\
<\x9b\x9c<D\x82\x89\x99\x0d\xf7\xe2|\xe6\x93t\x22\
\xa9\xdc\xb2\xaap\x88\xa6&\x04\xfd\xb9\x7f\x15(\x05\x8d\
Ew\xf7\x7fZ\xa0j\xca\x7f\x12c\x9a\xe2\x8f\xae\x5c\
\x96Q\x175\x0eNx\x12R\xf1\xc6\x90\x14qk6\
$WHM\xd5\x0e\x08d\xaa-\xf3\x9e\x12\x18\x01\xaa\
\xb2\xc0J@V\x0f\xaa\xf9\xb8\x0b\xa9\xf45\x02\x91\xb3\
.r.\xa8P\xde`s\x8d\x83\xfb\x14\xaa\x0a\xbf\x99\
\x10\x15e\xb1E\x08I\x9c\xc9it\xf9\x88\xc4<%\
U\x07\xff\x89y&\x8a^\x97\xe2d\xc5^O\xa3\xb9\
IP8\xe2\x88\xec\xf5S\xf8\x13#\xabf\xa5]T\
\xfb;U\xcf\x88\xe5$\x22\x8f5CchK\xecj\
\x1f\x93\x11\x81sV-\xf2>\xe1D\x89\xd0\x06\x9e'\
\x87@\xf7j\xb0\x84D\x0a\xa4#\x85J\xa2\x8c\x92\x1b\
\xb8\xac7\xcaG\xbf0P\xaa6\xfc\xd8et\x8c\xc0\
[B\x82\x80KH*@\x10\x02>\xed\xdb0!\x10\
\xd0\xa2|D\x1e\xc7\xb1\x13k\xc1c\x9b\xa22+\x8f\
U\xe4\x22Ev\xd1\x1eIM\x1e\xf9\x95T\xb1\xeeY\
\x0b\x91\x14\xba\xf3.T\x5c\x09G:\x9d\x12f\xb1\xd1\
&v\x90d\xd5\xadQ\xf3M\x13t\x8a\x85%$\x1a\
\xf7Q2\x98H\xa5\x87*\xa9a{\xeb\xf9\xca\x8f\x86\
W\x0d9#j*\x0a\x0aEy\xee\x8cM\xd5\xd6\xac\
\xaa2\x0b\x00\x90\xec<\xc8\x90*\x06\xe3l\x17p\x19\
&\x1d\xb5cF\xfa\xa0\x08\xa9\xab\x98ri\x18\x8f\x99\
Y\xbb\x9a+\xf4'\xdc\x90\xa8ZH\x86&4\xaf\xa8\
\xfe\x0aF__\x83U\x9e\xa0!\xaf\xf2\xbatL\xc6\
\xe2\xb7V\x95H\xad\x0f\x92JO\x19s\xa8\x82\xc6\x95\
\xb2\x14\xb3_\x89t\xca\xd5\x18;\xcd\xd3\x1d\xc1\xc9\x8c\
\x0cI\x91\x07\xc5\xc8\x17Q\xfa\x7f5rL\xc4\x14o\
\xa0\xbf\xc3\x11*Y\xc57]$#\x1d\xcd\x0e\xf3\xb3\
\x9b[\x96p<\xec\xc8\xc8X\xdb`\x9b\xd2\x8c\xf4\xcc\
Hj\x16\x9bU\xba\x8d<\x8c\xc6\x5c\xb1jK\xf6\x8b\
\xde\xe7\xee<\x99D8\x84H\x91G:\x04\xc4\xad\xd4\
\xd68\x05=\xc4!\xcf\xb2\xec\x99\x0a\x1cHP\x8b]\
>L\xb8D5F\x0b2\x84\xe2\x85\x22H\x02\x9e\xbe\
\xc8\x1d7bo\xd2X\xa7*\xeem\x9c\xd1\xe3&,\
4\xe3\xbaXVe\xe1~\xaa\xb0+\x0e\x89V\xd2\x96\
\x90%\x81\xa3\xe4;=\x8e@\xab\xf53\xee\x22\x98\xa2\
\x12\xe9\xc4S\x1a\x86\xe5\x8e\x96\xb2\x7fbDS_\x95\
|\xb1\xfezfs\xc7\xcd\xf9`\x98U\xb3\x0ar\x1b\
\xfcb1\x06\x91\xd9\xe4lA@\xdd\xca\x12U\xbe\x84\
s\x09SX\x14~d!b\xd5\xc4l\x98\xda\xb2\x11\
j\xc3\x8erC\xca\x08\xd7\x11~\xc2\x98\x94\x12\x8f\x10\
\x95\xc8|\xaf\xbb\xe9\xdb\xd6A\x11\xe5\xd0\xac!\xa7\x91\
\xe4,\xc6\x9c~\xcb\xdb\x04u\xaf\xa9\x0f\x93\xb1\x8fD\
:'\xc9e\xf7\xf3\xcc4\xf8\x91\x13\xf1\xc0by\xe5\
Z\xda\x92\xe5\xe86\xe47\xec\xdf\xe8K`e-4\
\xc2\xd5\xe4\x99!M\xcfC|\xc5!^\x99M3t\
\x8d\x8b\x87\xd61\x96 \x84\x1aS\xc6\x98\xab1\xa7\x08\
\x03\xb1YF\x1d\xf5\xdc|&\x1d(\x0c\x98`\x11H\
U\x94B\xe3b\xb6\x8eHZq\xe4\xbcEj\x86:\
\x81\xaf\xa5\xa8\xb3\xe3\x84k\xddiJ\xbc\x17\xb9\x5c\x92\
g\x0ej9Sou\x8f\x11?\x0dR\xcd6X\xfa\
\x88&A\x9a\x15\xf5\xfa\xdc!8\x8ep\x7f+\xa6\x86\
\x17Q\x91x\x98\x93\xaf\x98\x81\xb5!\xf7\xa7\x87v\x8d\
S\xd9\x22CQ\x0e\xe5oG\xa5V\x8c$\x8b\x0e\xab\
\x9d\xbb\x02t:u(C\xceL%k*!\xe5$\
'N]\x8ef|\xb7\xb5\xa4f\xf2Y\xd4\x9cv\x8a\
\x093g1\x03\xa784~\xbb\x84\x8b\xedHH\x09\
}\xce\xa0\x0egX4I\xe1\x9dfr\xcat^\x96\
l\x14\x1c\x8ax\x09\xad2\xde\x8am\x8b\xca\x99h\x1e\
\x8c\x22\xd2I0+\xd8E?\xcf\x1b/\xda7]\xdb\
:\x96\x09k\xa3\xbd\xb5f\xd8\xaa\x92\xa1\x08\xaa\xbc\xc2\
!\x91\xce\xbbp\x82b(\x1d[\xddf*GF\x1e\
\x8b1\x97!\x1d\xa3\xc5s\xeek\x8a\x87\xc3\x0e\xd5\x84\
f\xda\x1akDu]\xbf7\xe3\xbemf\xe2)z\
\xf5 \xc9\xe7\x18\xcb&\x8d\xf48Nc\xe9\xdd\xaf:\
\xcfU\xc3\x5c\x8aj\x22\x9b:\xf9\xb3u\xc8\xef\x84\xe7\
\x9eO\x8c\x1c\xfdxy\xcaS\xd7d\xc8q\xbf9\xb7\
\x18\xe2*bD\xe3\x92\xe6.\x8fkQM\x09\xc9\xd2\
\xd2\xb1.tJL/5SS\x5cq\x8e\xde>e\
\xc1W\xaf\xd1\xccj\xfb'\x86k\xa8\xe3\x15ku\x1b\
\x9e\xb4\x1d\x03\xe4\x08 \x80L\x1a\x88\x0c5}\xb8\x07\
\x93P\xa1\xa2\xb90\x18\xb1eIh\x08!\x84\x10\x22\
\x12\x89H #\x81\x88\x88\x88$I\xd3\x01{\x98\xcf\
w\x02\x02\xca\x84R\x00\x14\xebE\x8c\xb2O\xc7\xaa\xf4\
8\xa7X#B1w\x06\xef\xce\x83\xd9\x8bnq*\
\xe1\x82\x12=\xdd\xceOc\x03\x0de\x9d\xcblr\x81\
f[\x8bT\xb8\x9f\xa5%f\x0b\xf5`\x9e\xcbF\xdd\
\x92\x83z\x8fz\x06\xf2&\xca\xf8i\x9a\xe4\xa7W\xcd\
\x02\xa42\x9d\x90\xc5\x1cv\xaa\x1b\x03\xb4^;\xfa\xa9\
\x14#\xbc\x91\x1er\xf0\x8dt\x1f1\xd1[\xdc\x11\x05\
\xf5&\xc8\xaa&D@\x1ey\xb01_{\xa8\xa2\xd6\
\xb4:\x09\xfba'9\xc7qm\x10cLM\x9a\x99\
K\xd2\xf0}\xbaS\x99SZ\xbc\xe8\x1dc\x0b\xa0\x05\
9W\xf7\xa6\xbf+\xfa\xe7y\xd4^\xd0\xf6\x84@\xf4\
%M\xf0t}N\xb3z\x0c~\x5c\x8f\xbf\xf4b\xe4\
;\x98#\xb1'\x99\xe6.\x1b\x1e\x81\x19N\x96a]\
\xd2\xb1\x8d\xc6tW\xd5\xc5XL\xad\xc5\xaaL\xded\
P'&dP\xd4\xef\xf4x)'\xdb5\xe5\x94\x1d\
*\x04C\x82\x1e\xe1\xd2\x5c\xd2{&\x94i\xber\x0f\
\xcbz\x1cF\x17\xf9\xbb\xf9\x15w\x0b\xd1\x22\xcd7\x90\
\x1e;\xbf\xf4;\xf3RA\x98\x88\xb7D\x8a\x10*2\
\xf9\x192(\xe4\xe7Mo\x14r\xb4\xb8OB\xbfF\
\xf9\x90\x7fZjuN|uOJ\x22P$_}\
\x1f\x91\x9ep\xd1MK7\xdeN\x16t\xdf\xf6\xd2\xed\
A_Z\xd2\x1b\xf8[i\xa1\x1e\x0f\xe40\x85p\x8e\
\x8a\xe9R\xc9\x98\xde\xdf\xef\xbb\x93\xff\x0e\xf8\xb6\xf1\xd9\
SF\xf0\x12\xb9\xb4\xf1V\xed.9I$p\x0c\x13\
\xc0\xa0\x1c\x104\xb4\x12\xbb\x1d\xbf<\x89\xd8\x1aT/\
eYm\xa8Yp\x10 \x12\x10V\x09\xe02R\xe1\
\xc4\xfcq\x12ak\x8c\x18\xce\x12X\xd2\x16\xc5\x15\xe4\
\xe6l\xb1d4\xc3J\x18\xd7\x8dA\xb8C6\x1f\xf3\
\x1e\x08x[\xd82\x5c\xc1KF\x1aQ\xc2E+t\
\x02r\x85\x10\xeaDs\xf1[\xdc7\xe1,i\x13Q\
,\xe9\xe9\xc6t\xc6\xe9,\x81\x0eE.CE\xed\xb1\
\xb8p\xa2\x8b\xe6\xcd\x05ph(t\x22g\xeaSl\
\x0b=\x9c7\x87\x19Bz\x1b\xd8\xda\xd0\x09e\x80\x84\
\xe2O%\xf4\xf7\x1d\xe5Q\x8ad9)T\x95\xd1L\
\x9d3\x9f}\x80\xaf\xa0l\xcfq\x19i\x19\x0aA\x97\
('T\x8e\x22\x16\xce\xdb#\xb1[3\x032\xde[\
l\xeb\x1f7\xef\xa1\x05\xde\x1c\xbcq:\xc7\xcb\x9dB\
\x81\x14 4g1\xf9lk\xcb\x9b\xe8:Ou|\
\x86U!\xa2\x1a\xe3\x9f\xcb!A\x87\x9b\x86\xa5\xf5\x09\
\x8a\x0e\xca\x8b\xdc.\x1e\xd45\xe57\xfb\x9d\xd0c\xb1\
\xa1(\xd3\x17\xb5\xdb\xc6\xa8h$\x0b\xd0\x8au\x0b\x84\
N\x15\xc4\xf5pr\x9c\xcb\xcd\xc8\x01\xfd\xfc\x0fC[\
\xcd\xb9\xb5\xbb06l\x98\xf8\xfb[\x8c\xbfO\x0eJ\
jz\x02\x84\x1b\x80[\xac\xb5/.\x07\xfb\xb5*~\
\xc90!\xa4\xbc~\xdf\xe4\xb6\xaf\x1f#\x13\x8b\xaa\x95\
AR\xbb\xa5\xa0\x10\xe1\xb1\xc5\xab\xd0><\xe2=\xe7\
Q}j\x16e\x80\xec\x0fH\x7f#\x0b`\xdbq\xf1\
\xb8\xfc2\x7f\xbf\x98&\xfe\x881\x16\xc2;FX\xcb\
\xe2\x0c+\xef\x14\xf0\x12|Hd\x15\x1b\x1b\x134\xa7\
\x94\x1f\xf4|u\xf3\xdbr\xe8\xe7\x0f4e\x03\x9c\x17\
\xdc\xe29M||2\xa0\xfd\x87r\x07\x1f!G\xf5\
\xc6\xb2\x98\x8e|\x1f\x7f\xba\x08\x96\xc5\xd0\xddA\xa4\x1b\
\xe9\x8c\x9c\xc7\xcaI\xd5\xa9\x08@RJ\x09\x09:\x0f\
\xb3C5\x94/\x12\x13N\xc9\xb0\xac>\x9a\xc7\xc8\xbe\
\xbe\xc7\x19\x8f\xf0\x99N\xc2\x0f\xd4)\xf5\xd3\x1b\xa8\xf2\
\xc7]\xbf\x15Z\x8fvZR\x87\xee\x0f7l$~\
:\xcc\x22o\xe2\x1f;\x89\x22M\xa3?\xe5\xd9\x9ew\
14\x99\x99\x83\xc3\xb1\x1f\xb1\x9b\xb9\x84+d&l\
K8N\xd2k\xae\x91\xac\x09_\x84\x5c\xd6\x7f\xcb\xf6\
]\xd7\xcc\x82\xa1&\xac\x106\xfb`M\xcb_\x7f\xaf\
,\xfe\x86\x8d\x03\x0c,\xc9\x97\xfe\x94\x111\x10\x84\xf2\
\xb4\xf7\x09\xde\xb0$J\x12\xed\x96\xd1!P\x12~2\
\x1bt\x97\xd1\x98\xcc\x8d[?\x03\x04\xde\x17\xce\x08\x01\
\x03\x14\x06\x88!%t\xcc\xd95\xdb\xb7\x14UN\xab\
(\xc3]D\x84\xb8J\x02\x81K\x8b\x0f\x9a\xa05A\
\x95\x17K\xfa\x05:`\x94OtNi\x14\x1e\xb1)\
\xe2\xb3N \xa8B\x11\xc82F{\x0e\xeej\x94\x00\
@\x81\xcb\xe3\xa8\xce\x8d\xdf/\x16\xde\xd4\x90\xed\x8a \
\xb1\x98Ud\x9b<\x87\x91a[\xefL3g[\xce\
b\xf4No\xc0\xa4EX\xa8s\x82\xe1\x8e\xf0 \xd4\
\xbeD\xb3\xb7\xfeE$\xf2\xfct\xf5:\xed\x132)\
\xbbM\xd1`\x0c\x9fIY\x93R\x9cO\xa4\x8f\xad\xa5\
 \xa9\xca\xedr\xfc\xd2\xee\x1a\xc1?\x9d\xbaf\xb6F\
!j\xff~+\xdb\xf1\xd08\x84\xa7g\xfc\xdb&\xbd\
\x9aq\x89\x8d\xb3L\xcf\x14\x9c76\xb5\xebt\x9a\x16\
k\x01\x22Z\x83Uw\xdc\xe9\x89\x9c\x22\x01\xd0'*\
!(\x12E\xa1\xa2\xf8;\xcf\x03\xd1qFi\xa9V\
b\x0c\x854\xe2\x09Bb\xd2N*4P\xc2An\
(\xach\xa9\xeaaZ\x9220<a\xec\x98\x17\xe0\
q\xb1\xbe[\x1e\x09\x83\x98-r\xa9LO~\x22\xc6\
<\xf5\x9b\xc5\x1e)&\xbb\x7f\x1d\xc6\xbe\x88^\xfa\xe7\
y\x87\x9e>\x83\x1d\xcb\x05\x0e\x10\xa7l\xee\xe1\x05B\
4l\xdb\x83}\xa2_\xd5T/\xa6\xbf\xb4\xb2\xbc\xc4\
n\xdbVU\xa1\x9a\xd5\x8e\xd0V$=Ss\x83\xe9\
\x87\xd1MO\x9ccb\x93\x87\xc9q\x8b\xa2?\xa9\x1f\
\xd0\x84\x0e\xd7\x06j\x1d\xeb\xac80y\x08\x09\x19\xd7\
\x89\x03\x14S\xa5\xf9\xe1\x06\x87\xa9\x1c\xad\x1d2C\x0a\
\x88) }T\x0a,\xbd\xa4\xc1c[\x11E\x06\x1d\
\xa26~uG\xef\x8d\xc4\x96\x18\x1bZhQ\xf0c\
G\x9a:\xd5\x1f\xddP-\xad,\xd2\xa8_\xbbK\x02\
\x88\xe4@\x88\xb8$w4]<$\x12B\xe0\xed\x12\
\xcb\xc6\x09\x91\x1c\xa4/08\x8a#\x80\xb6\xf4\xecr\
\xb1\x5c)\xe0U\xf2\xf1\xabq\x06\xe1\x81\x11\xcd\xa8\xdf\
9\xf3c\x8d\xb1\xab'\xe38\x97#\xe6\xbc\x9a\x9e\xb2\
J\x96/g\xe1sl\xc0\x03\xa9\xe0<\x0d\xfai \
\x5c&\x06\xb2\x85\xbc\xa0\xd8\xd3C\x13\xe3\x81w\xe0\x82\
\x94\xd8Y\xf2\x14\x1e\xe2E[\xf0\x14\xb9.\xa9\xc0\x98\
J%\xbd\x13\xdf\xfdNZ,FiZl\x82\xdeT\
P\xae\xe5\x92\xd6\xb3\x5c#\xb4\xe7\xe5RA\xcf\x17\xa9\
+\x8e =\xe0\x88\xf3\xa4\x8bp\xb0\x91\x83\xaabe\
\x9cTZ\xfe\x18h\xf0o\xe7\xe73l\x84?s|\
\xc2\x05~&c\xe3\xec\x02\xb9\x0d#/\xc2\x103\x1a\
\xc8C\x0a\x876v\x22\xf5\x11\x03X6\xd0?}\x02\
9\xc0\x8f\xe0\xf9\x08$`\xab\xdc\x94\xfcc\xbc\xf2\x16\
\xd1w\x06\xa5\xf6\xda\x02\xc2\xbe ..L\xcfy\x8a\
\xa1\xe3)\xb6\x0a@\xdc\x22D2\x17\xde\x7f\x997\x15\
\x97('\xd3oO_LO\xc6y|\x97\xd2:\x97\
\xda\xe0\xc8\xd3ERm\xc4x\xb3\x0a\x96X\xcc|_\
Jq\xbb\xc2\xf5\xd4C&\x16G\x10qB\xd1\xc4\x85\
\x0f\x1f\xcb|d\xdbB\x87X\xda\xa1\x1a\x80 z\xd7\
@\x9f\xb1\xa1\xcd\xca\x9d\xa7\xeeEJv&/\x0c\xaf\
\x80\x9d\xaf\x96\xa5]D\xf6\xd0E\xb8\x8e\xfd5\xa2{\
\xb4\x9d\x10-]\xb59\x22Wk\xaa.\x0f\x1efe\
\x85\xbd\x97JQ\xa3\xa6\xf0\x92\xbb(N\xcc\x09\xbdX\
\xe44\x92\xc5\xcap\xb5w2\x06\xad\xfa\x8f(\x123\
X\x80\xb1\xb5AC\xf5G\xc9\xfe\xc0\xb5\xec\x8a,d\
\x88G\xcef\x917\x5c\xb06b \xb4\xcb\xed\xc7\xd9\
\xaf\xe8\xdc\xaa\xa2\x17\x90\xb8\x05|\xbc\x99n\x7fr\xca\
\xec\xfd \xdb`r\x5c\x06\xd1\x04\x15B\x19)\xd43\
\x0d\xdef\x1d\xf6\xb7\xee\xb3k+\xde\xb6\x8d\x8e8\x05\
Yrl\x03\xde\x97\x85!5\xc3\x7f\xee ~\xe6\x90\
:\xf3\x84C\x01\xa2\xcb.\xd5/\xear\x05V\x85\xa8\
\xfeh\xe3\xf3\xd6\x8f\x91\xc4\xb5\xb6|\xf7Q\xf5\x1dH\
\x1d\xc7S\xb8\x06K\xff\x83\xe7X\xae\xc9\x08P\x9c\xcb\
RQHo\x9d\x0e\xbd\x19\xbfU\xb2\xa3\xdf\xb2\xf1r\
\x19\x10\xc2\x95L\xff\xc5*\xbb^\xe5\x0c\xb2s\xff\x0a\
\xfe\xc6~\xca3\xff\xec\xcbr%\xb1\xa9\x024\xc5\x08\
\x98\x09hd\x90g\x93\x95r!\xb3\xc4j\x86;f\
\xdc$\xda\x9b\xde_\xb9\x9d%KZn\xa5V\xc2\xa9\
g\x0c\xdd,I\xaa\xf4\xf2\xedw\x84\x15\x9b\xa0\xdeC\
F\xc7\x11P\xe5yi\xe7\x5c\xaeO\x89\x8b\xe3-\x02\
\xe0n<\x01i\xc5\xa5r~L\xfd\x85\x99\xd8^\x11\
\x8d\xce~\x10-x\xc6H[\xbe\xc1?tl*\xbf\
AL\xea\xd1\xa5j\xaa\x05!q~\x08\x0e\xe0\xc0\x02\
\x08\x91\x9duGv\x80\xae;\x8d2\x82URt\xd4\
\x88\xaf\xa9\x1d\x864\xcf\x8c*\xaf\xc7\xd2\x90Z\xca\x16\
C$\x89d\xbf^\x1e\xf0I+g8N\xc9\x7f\x8f\
\xff\x88c\xe6\xb3\x82\xc0 K\xd4`\xa7gk\xd2^\
?\xe6\xb4V\x1d\x01)\x0788\x8fDPq\x82$\
\x82+2\x80\xe2\xa0\xb6\x92D\xcf\xf1\xce9\xcf8\xf0\
\xbcPL\xa8\xe5\x00\xf9\xa0\xd8\xbeOA\x86Io\xce\
{yC\x02\x5cEM\xed\xbau\x82\x99\x0f\xf1]S\
\x00|\xa3\xc2\x1aT\xa0=\x9d\x00\x7fN5\x812b\
\x16Y$a\x86\x0e\x00\x22(Eyc\xd5$\x97\xf4\
\xdd\x8a\xd0\xce}Y\xa5\xb4J\x0d\xa0mt\x87\xcd>\
\x12\x92\xebn\x88q>\x18~|\xccT\xdd\x86\x80\xa2\
1\xd8q\x13\xab\xa0_\xdaE@\xdd\x91!N\xf85\
f\x5cX\xdbek`V\xf9\xfcF#\x86\xd0\xa2\xb7\
\x97b\xebQt\x98\xa9\x1doI\x93Y\xa6\x0a\x1a\xb5\
M\xf3\xe7\xd6\x8c~\xc4\xbeff\x9cC^\x97\xcfj\
\x12\xc8?,\xa7v`\x1f!C\xed\xa3&\xa4\x08}\
2\xecP\xa9\x15\x8d\x8e!A+\xdf\xed\x9e\x0e\x94\x94\
W\xd2y\xee\x0b\xa4\x85G\xc6\x83\xa3\xb9\xa5D\xb3\x22\
\x169\x80hz@\x11\x0cb\x0f\x22\x7f\xaa\xd3\x7fh\
\xbe\xa2\x8d,K3\xb4\xb9\x93\xdf_!\x80\x0f\xee\xeb\
\xaf\xa1z\xc6IW\xa5\x0c\xb8\x22\xdeg\xd1\xbc\x0f\xf8\
)\xc7\x07\xe5\xcb-\xa0]A\xf6\xe8\xff\xca\x1dz=\
\xac%\xa50\xc3\xc2hQ\x9eh\xaf\x85\xb8\xc9\x89\x0c\
o+\x0a\x08g2\xb0K\xe2\x86F\xb7\xbc\xa4[\x15\
`as\x0d\x07\x0e\x05\xf7\x16\xb3\xb8fE\x0b\xcf\xb5\
\x92W~O\xf3#\xe0!`FS\xee\x84\xa9D\xc6\
\xfctg\xf7\xf4\xbc\xb4F\xcc`M\xc5\x101\x1a\xf2\
\xa0Yy\xea\xdb\x98\x97\x16\xc5\xa9\x08P}\xcc\x0b\xe2\
\xaa\xa8 u)\x04\x5c\xb9L.\x1c=s[\x1c\xbe\
=\xb2\xe0\xbe\xab\x1d\xba\xaa\x96x\xd2\xf1\x87T\x95\x02\
\xf0\xfdg\xdc\x99\xb0IE\xc2\xf2\xa4{\xcb\xd0\x05B\
\xdbS?\xd0\xfd&\xf5\x97\x05.\x0c\xbf\x15\xf7\xbe\xa5\
S+\xc5\xe2h\xc3\x92\xfb\xb7\x9d\xecv\xa1\xdd\x1c\xf6\
W$s\x05~\x1eb\x95\x02#\x01\x9c\xa7\x85N\x9a\
\x87\xc95\x13\x1e6\xfb\x18\x85\x92\xb0.+K\xc2_\
\xaatA\x81\x8b\xf8\x17\x09\x98\xb9\xcb\xa2d\x90Y\xef\
SV\xd5\xa1\x03\xf0\x1c\x88]{\xfb+Z\xaf\x13\xd9\
\xefu/\xfc\xab\xb8\x1e\xf7;[\xd9\xe5_\xbb\x04+\
\x09\xb6\x99Qmvs\x8f\xd6\x01\xbc4\xf7F\xb1\x98\
\x85V\xf6)\xa9\xf6\x86_H\x0a\x96\xa4I!\xb0\xf9\
\xed\x96\xef\xbc\xd4\xaf\xf7\x99\xc8\xb7+\xf1@\xf1\xf7\xed\
Zm\xc5\x07\x9d_\xf6\x95\xaa\x93\x0bl\x08Y3)\
\xcc \x80\x83\x83\xe7d%v3\xe7Nd\xb3\xca\xa0\
R/\xa7\xbd\xe2\x9e\xc5\xb0\x11X8\x06d\xccg\x16\
D\xa6\xfb(Yq\x85\xc2w\x06\xcex\x98\xe3$\x93\
.\xd5\x9c\xfc\xee\xea\x10\xd7\xa1\xb4\xd3\xb4{\xeaV\xd6\
\xec\xec^\x92\x9b\x85\x7f\xe6\xa5X\x1e\x81\x14\x99\xfb\x9e\
\x99<\x0e\xa6\x89\xc2\xe3m6\xcev\x91\x96\x99\xcf~\
\x0f\xfe\x05\x1c\xa5\x9f\x9f\x17y\x0e\xcdb\xec\xf3\xf7\xfb\
\x0c\x16\xd0<\x1f\x93\xac\x0a\x7f>\xb2e\xe5\x1a\xe2\xb6\
)\x96\x1e\xe4\xea1\xacEr\x07\xc4{\xd9\xa5e\x16\
\xe7\xa0\x13I\xaa]\x22\xa3a\x95\xce\x9a\xaa7\xca\xc8\
IQ~\x81\xbc\x02\xea\xbc:1`Z\x89\x86\x1c\xf2\
'\x0a\x84\xc5M\xd1x\x16\xa3\xc1m\xc6\xd5\xbf\xe8m\
\xf9Jj\x13\xef\x12\xff\x8b\xc3rE\xcf\x10\x9d\xcf\xe5\
\xd8\x85\xc5\x8a7\xad\xfc\xe0F\xd7\x1b;\xe5\xca\x85_\
\xfae\xa1\xf7\xcd*zm\xebc \xcbqD\xbcW\
\xd0\x81\x97\xd0h)\xadd\x09\xd8\x07\xbf;\xc8\x1b\xa9\
 \x0cW\xa6\xe9\xc9\xe47\x0d\x07\xa8\xc2|L\xdc\x0d\
\xd8Lb\xd8g\x08\xad\x17>2$W\xea1+\xbd\
\xc9\xe4I\x91\xdc2\xcdaO\xb0\xec\xc5\x07\x1cE\xe3\
O\x01Q\x0cD\x1a;c\x9b\x8b\xb9\xad\x1b\x91oc\
\x0a\xc2\x1a_\xa4\x0d\xc3'\xfa\xb77Nov\xc6\x9c\
a\x05\x1d\xd7e\xf9\xa7\x89\xaaI\xbe_\xa6\x90N\x11\
\x9f\xdf\x9e!(\xc9\xc3+\xa5\xf7)6\xba\xbb\x9e>\
\x1b;\xfb\xdfP+\x8e\xf4\xe6%el\xde\xa3\x19a\
\xb1(\x83m\xa7\x80\x85srGR\x92\xde$\x18e\
\xf9\x96<%\x8fVt\xcd\x9d\xe6BT\xa5\x1b\xe8\xa8\
m\xf7\xf1\xe6CO\xe0\xd4\xb3>\xc6t\xff]J\x8f\
\x06#k\x9f#vZ\xef\x10\x90\x0b\xcf\x199%\x19\
s\x8eR\x0f\xbc--J$`\x14\xf0\xe2\xd8A\xd9\
U\x1b\xa7\xec}l\x8c\x8a\x84\x01\x05\x0e;\xb0\x86\xd3\
\x14E%?Y\x5ct\xba\xc6`\xc4\x1c\x8c'\xa2\xd0\
p\xb0'r\x97~VN\x03\xc3\x88\x12\xca\x0a{\x0d\
\xe9\x9f\xd3\xdcLZ\xc9aJz\x084\xc0\x00\x8b\xb4\
\xf4\x13>\x01=\x01=\x01-i\x87T\x99q\xd2\x96\
F\x96\x96\xbaVY\x9c\x12\x9ae\x07\x93\x1e\x225\xc4\
n*{,m\xb7\xea\x12\x22\xe9\x9e\x86\xa9\xc2\xbd2\
/\xe1\xf01f\x8f\x221\x92\x8e\xc4\x94\xe4/@P\
\x86]\x9b\x12EI\xa7f\xecm7c\xca\x81\x95\xda\
\xe4\xa9amg\xfcH\x05\x87DX[\x89\xe8\x12!\
G\xd49h\x0d\x92\x0c\xd1\x96\x07b\xf1\x1dbB<\
\xc5)\xca\xb5\x0cK\xce1\xc5\xabZ9\x8d\x9e\xd5\xc3\
;\xf9R\xe4Oc2\x8e\xaa\x9cA\x0d\xa1\xed\xc4\xff\
#\xadU\xc3\x05{U\x86d\xf9\x8e\xe3v\x9eqI\
i-\x8em\xb2\xb8z/mk\xde\x8atUFW\
\xaf\xb6\x92!N\xe9\xb4\xc9\x93\xd3\xf8\xd8\x84\xb4\x88\xa3\
\xbc\xbe9i\xa6;\x8dS\xb3\xdcO\x13M}\xc8_\
\x91\xfa\x95\xaa/\xd3\x82*\x19\xb2\xe6\xcd\xd0lCA\
\x99\xf0\x8a$\xc6\xa0\xd2R\x93\xd6cV\x10\x89\x8a\x9b\
\xb6L\xb29?i\xad\x16Bx\xb7\xf4\xc3\x12\xf9\xbf\
\xc07\x85\xb2X\xb1\x8a\x90\x13GN\x82\xaa$s\xa8\
\x9f\xc5CX<\x87\x00\x22s\x16\xaa\xcab\x22\xdc/\
\xc3y6\x17!\xeaJ(\xd36\x19\xb2f[\x99\x8a\
\xaa\xa8J\x0e\x0b\xf9\x22Y4T\xdax\xa8\xda\xa73\
P8\xb4\xa3V\x06\xe1a\xec+\xf6\xcaP;\x91\x9c\
\x14\x85\xa9XB\x22\x1fh5\xe2\xefC#\x95\xc8f\
FJ\x96\x90\xd8\x93\xaaV\x0b\x92\x1c\x19q6~-\
\x9f=%\xf5\xd7\xeb1\xe2l\xe5\x8c<\xe4iS{\
iMr\xe86\xe3\xc7\xd9\xd7\x17\x06\xe6\xc4\xc6Fr\
E\xf2\x9b\xe6\xf5\x15\xb1\xd8\x98oHj\xd1\xcaj\xb3\
\xc7\x8fD\x134\xb2\x22\x99\xa3\x87o\xb2\xe6qMU\
\x94\xacIe(\xdcJH\x8e\xcc=\x10/\x9cI\x85\
\x86\x11\xd6\xd4W\x83)\xa5\x0c\xe5\x84a\x99g\x18-\
&\x0d\x1f\xa6\xf9(\xe4yaKUS\xb4\x0c4\xf1\
\xcd\x15c&+].N*\xe42.\xcf\xc7\x8f\x8c\
\xdcLU\x92aZ>\x1a,;\xd6X\xc6\xe4\xe2*\
%iY63BE\x96K\x86\xf7\xc8\x10\xd1h\x8e\
7}\xd0\x88&\xaajJ&\xd2\x1c\x8d\x1b\xc9\x0b\x8b\
\x06\xcfC\x92\xe4\xb9\x0f\xd1\xc0\xea\xbc\x84\xbcy\xa6\x1e\
\xa2\xa5\xe6Q\xa6\x94l\x09E\xb9\xe9\xcc\x8dK\x8d\x84\
\x85\xa8\xc8\xcd\xb1\xf9d\x13\x1a\xe9K].K\xdbz\
\xaddxrJS\xb5\x9fD*d\x1b\xd0es\x89\
\x99tjnAq(\xd4\xd57\xe2)\xa4\xa9\x8a=\
c\xdb\xd7\xe1\xd1\xc3\xe5b\xc8]JL\x86^\xa7\xa9\
\xf3B\x01\x1f<\xa9\x0d\x89:T\xb61\xf9\xc0\xd5/\
E\xeb\xb8[8r,^\x88J\xd1U\xc8JL\x22\
\x0bI\x9e\x91YB8\x13n\xa6}\xea_K^n\
\xd4\xeeS\xb2\x5c_m\x9c2\xa6C[d\xf2\xe3\x8a\
\xab\x03{\x12\x0a\xa2!*DERCQ\xb98\xe2\
J\x9fz1u\xb1QR^\x82\x81\xc9BT\x19\xb6\
\x96\x1aqy:3\xad\xd8B;9\xab\xc3\x06\x04\x1e\
o\x8a\x0eO9\x93x\x0c\xc6j\x13&\x92y.\x9b\
\x907u\xdf\xa7TF\x91\xd1\xb4N\xb6\xc5\xf1\xa3\x1a\
BUa\xbb\x08 e\x1d\xb5\xaa\x9c\xb2z>\xa6\xa9\
\xba\xd4\xb0\xc6\x88=\xc8\xbb3\xe1\x5c\xc8 \xd3Lh\
\xe3\x14G\xe2l\x8a1)\xe7G\xbb\xcfLM\xa5\xb1\
\xbd\xb2]8\xa9O\xf2\xa1\xb2h*\xcf\xe6\x08\xb5A\
\x9d\x92\xd1!k\x1eG\xa4\x16}\xa4\xac\xe8P.[\
\xd4|\xba\x0e\xd5Q\xb9\x8c\xb8`\xcd]B\xc6#b\
Y\x5c\x14o\xc8\xbe\x9e\x17W\xcd\xca\xae\xe3i\xcc\xe5\
\xb1\x84\xa4\xbck\xf5\x90\xe0\xab\xea\xbe\xa6K\xd1\xc5\xc9\
*\xad\xb2IjH\x9c\x91\xdc\xdb\x8c\xac\xca\xffE,\
\x80F\xfa\xba\xb8\xab\xe1d}dE\xffB\xca9\xa9\
8uBPd\x8e\x88%\x93\xfe\xac\xcb\x95]5\x02\
b\x929K\xc3\x8c]\xd2\xd6Pn~\x11\x97l\x86\
\xe0\x85\xc6\xefh\x99L\xcaOj\xee\xc8\xbf.>\xd2\
\x85\xa7\xd1\xc2\xd36\x1bs\xe6\xa6\x13u\xb3W\xc6E\
\xc5ZV\xdb\xbe\xadfF:5y\x891%wT\
\x15J\x0c\x0b\xbb\x95\x9acJ/\xd5#\x8cJ\x10c\
\xf3\x83\xaa\xa4\xdf\xdeO8\xe1\x8dE\xa5\xccD3\xd4\
$r\x1a\xc7H\xd2i\xcb\xe1\xc8em\x8ar\x02+\
w\xbd{\x84\x81\xd7\xf8\x03W-Jm\x13b\xc5\x8a\
/s\xc2\xbb\xea\xdaI\x82X\xbe\x1fE\xcb@\x15\x7f\
B\x7fk\x96\xb8|\x83%#\x9b\x1b\x8f\xd7\xe0\xce\xf3\
jh`\xab\xe7\xa7\xf3!\xda\x13E<\x14\xa6\xa1\xa4\
e\xf8\xc3\xdb\x17U\x89\x1d\xaa\xf5T\xfa\xff\xbc\xa4\xa7\
\x90\xaf{\xfe\x14\x119\x8d\x1eF\xe1\x08\x03T\xb2j\
5\xd4\xca\xb3.4z\x04\x0d\x1fI\xe5r\xa8\xd5\xb8\
\x94\x0c\xb2\xdah\xca\x03\xf7}du\x8f\xbc\x09\xa5\xe6\
\x89\x17W\x1b\xc7\xf4M\xf8k\x22{_\x9f\xe1B\x82\
3\x84\xecn\xc7!\xb3\xae\xed\xa4\xd1\x8b\xf5\x0f\xdc\x87\
A\xb2\xf3\x8c\xc8=<\xdeY\xac>\x88\xc4\xdd[\x84\
fh\xe3\xe5\xbab\xa7\x81\x5c\x9c\x12\xa4Y\x95Q5\
TU\xb4(fq\xb33/\xf9\xf0\x97[\xa9I\x87\
\xdf\xa8\xe3\xd4\xd5\x8a\xb4(\x07S\xe5\x08 H\x18\x0a\
\x04\x83\x82\xd1h\xaa\xb5\xfaS\x90\x10\xc1P$\x10\xa8\
\xc5\xe2AY\x90B\x10\x84A\x10\x04A\x10\x04a0\
\x8a!\x84\x18\x83\x0c2\xca0j\xbb\x01{\x0a1[\
)h\xca\x1f\xc5\xc2\x17\xacBd\x9dJ\xd7<\x5c\x13\
\x03\xc7\x1b\xce\xcf\xb1T\x88\xd72\xef\x13\xbf\xb1A\xcd\
\x22u\xe9\x06]\x17.W7\x8dx?\xd9hwQ\
\xab?\x19\x96\x82u\xaf\xear\xef@\xad\xe5\xd3\xbe\x05\
\x85\x00\xd0\x13\xa0E\xc7c_\x91\xc4\xce\xd3O\xe9\xc0\
V>\xcf\xde\xcam\xd2\xfbZ\x1319\x18\x22*\xd5\
\xfbD\xb0\xdd\xad\x1c\x08\x07\xff\x0c\x8b\xda\xa39|\x06\
Qoq\xc2\x13\xe9\xf46\xefW\xc7\xaa\xcbYD\x1e\
\xf8\x19\x9d\xd5\xe9\x11\x22\x9d3v\x9a\xba1/K?\
\xdb\x05\x9e\xe3l\x02)\x18\xa7\xb7\xa3\xee]\x00W\xb0\
\x1c\x07A\xca9\xa4\x9f\xc5k\xa7@\xd4\x1e\x5c\x18.\
B\x8a\xa7z\x8b\xf0I\xc5\x8d![\x14\x03\x86\xd0\x17\
t\x03\x15\x92\xf6/\xa5\xf1\x0b\xbdU]r\xa6(\xa2\
99\x8e\xd75\xccv\x11t&<\xba#\x04\xd2(\
\x0117\xbeED/E\xdb\xf5\x0b6\x17\x1f\xcf\xa5\
\x0d\x8dL\x96\xa14\x88\x8dm\xfe5\xecM\xc0/\xd4\
K\xf2\x00\x00a}\xc6'\x84\xb1kit]\xf6{\
Z\x91\xd9\x1b\x83%\xef\xad\x1cm\xaf\x9c\xc1\x98\xfc\xab\
\xe4\xe9y6<%|\xcb\xe5\x12H\xfe\x19\xb8\x04\x15\
\xc5zF\xf2\x10\xf9y\xea\xfbE\x949\xf0WP}\
WBg\x15\x93\xa4Q\x01\xae\xa3Q\x11\xa6\x9b\xb5s\
\xeb\x82\xbfN\xf8\xc1\xdfC\x19.\xc8\xebJ\xbb\x9a\xab\
\xc3\xa8\xa6\x86\xf8\xef\xf7\xce\x12\x80\xc9\xf9#\xfew\xfd\
~]d3\xf8{[\xd2\xca\xe8}5\x8c\x8df\x16\
\x03\x9deo\xc0\x94\x960Z\x14\xe3nT\xb1\xae\x0d\
\xf4\x18\xa7\xfb\xa6\xe9\x9b\xc4- l\xbfJYul\
aI3\xf7kVU4\x1f\x8f\xb5\x9a\x85'\xea#\
\x0a\x9f\x9a\xaf#5#t\xe5$\x8azz\xc9f`\
!BU'2\x90~=v\xec\x1e\xd1\x80\xb9\xd0\xf7\
\x16\xe2\xefX\x088W\xab\xae\x0e\xd0\xc8/\xe6\x90U\
M+n\x05S+?\x85\xd0 \xfd\x00\x8cj\xceo\
\xa9M\xf1F^F\x88\x05\xdd\x96\x0a\xa26\x0aJo\
&\xa8\xa1\x22(\xfaT\xbc\xa1U\xf9\x10\xf4D\xd1\xf5\
;\x9d\xe37N\xef\x86P\x08=IDB\x9f\x87\xd2\
}\x90R\xa7\xf6\xb8\x9a\xa0$\x83j\xbf\xdabR\xde\
\xc9\x1dE\x17\xdaW[<g=\xa7L\xf0\x93\x84\xe1\
o\xe0\x135p#\xbf\x01|jB%\x11}m\xbc\
}\x03\x82\x87J\x946x\x03\xac\x95\x14\xadO\xea\xfe\
\xe0\xa4\xd2\xb5\xb0\xf6b%\xd1\xf3\xe2\x1bL\x03M\x03\
h\xfe\xcd\x98\x86\x91d\xe5P\xaf\xdb\x0b\xb5\xc6\xb1,\
\x10s\xd7\x1a\x99Vci\x22\x0e@\x99\xbd\xa7\xc7\xcc\
FLt\x1c#S\x1c\xd2\xc9\x9a\x96\xf0-\xc2K\x81\
F?\xb9\xbb\xa0\xf6\xb8\x14\x90\x1b~\x8b#K\xc4e\
0\x96\x17a\x09?\xcd,\xe2\x16TBCI\xa9\xa8\
\xd8g\xcc,.\xaf\xd1\xc0\xd3\xd3\x9f\x19\xd2-\xd3\xb4\
\x18\x19\x16;\xe2:\x1c\xb5\xad{i\xb6d\xe2ET\
\xf7.\x06\xc9\x16\xd5s\xc89L4b#\xc9\xc2Z\
\x96\xafQ\x98\xa6\x9b\xbd\xc2nU\xe6!T<e(\
\xb0B5\xb2\xa0\x03\xe3\x9e\xea\x14\xddJe\xb8${\
ud\x7f\xa0\x0f\xa3\x1a\x0c}GpiO\x03X3\
+\xe4\xf5\xd8\xccNG&{l\x03\xbc\x99\xbd\xd4\xa6\
\x8b\xd9\x8a\xb0\xe8\xf1\x9f\xc5\x8c\x8cI6\xe8f\x96_\
$\xcd \x5c\xc2h\xf4 `\x8e]{\xc8\xbc\xb5K\
c\x8e@o\x17;t\x89\x04\x1a\xe9:U\x00\xf4\xdc\
`\x1d\xf3\xf6l\xc4\xdf\x91\xa7&\x18A\xd6MX,\
\xe8_\xf6a\xa3n\xe2\xce\xb5>\xa3\xab%\x85B\xf1\
\xe7\x12\x9a\xb6\xfb<S$\x04%}Dj\x85\xeb\xbe\
\x02\xec\xfe5'C>\x22\xa9Z'\xa5{@R\xb9\
\x1f\xa9\xd4\xed\xfd\xdc\x87\xdec\xf4\x81%\xd2F\x1aP\
5R\x1f`\xa4p.R\xbbE\xaa\xaf\x22\x85\xa4H\
\xe1\x99H\xbd\xfa!K\x98\xe9\xb52\xa40\x17Rd\
\x14R3\x09\xa9\xfa\x08\xa9}\x90\x22a\x90\xaa\xa3 \
\xd5U\x82\x14!\xc6\xb6\x1e\x0c\xb5\xb5\x18\xd3\xd6R\xa1\
\xade\xc3\xd9ZHek\xc3a,\xf4\xd1\xa6\xe8z\
1\x10\xbc\xb7%\xd7\x1b\xa8K\x9b\xb7\xb6 \xc0z{\
\xdb=\x0e\xbb\x91gX\xd0\xae\xb6z\xad\x90>NL\
\xbf\xb6\xdf6\xfc\xa8b\x8fn\xa7'.wj\xe1\xf4\
j\x88|O\xf2L\xb7+\xc7\xc8\x8f\xd5\x1f\x80\x08.\
s\xa1\xf1Q\xcc\x14:\xe7\xe7\xe9H\x9fi\x9a\x9d\xe9\
\xb3\xe9\xa4J\x028\xf5\xd9\x06\xedB\xc5`:\xc6\xcc\
\x89\x85\xd2!\x8e\x0an\xf1\xf9\x95\xc4_\xe2\xcdU\x8b\
|\xf1+\xcb\xfc\xe3\xb5\xf6\x0a\x12a\xbd\xd6\xf1\xb4\xde\
\xb7\x14i\x18\xb3,E\x97m\xd0u\x89\x94\x8b\xa3\xa0\
\x9e\x03\xaa(\x18x\x0a\x14\xe8(,d\xee1C\x0c\
\x03!\xe2\xb2\xb6\x91\x18\x88)eK\xe9J\xc8\xe0\x19\
!\xbc;+\x9b\x85!2 \x93\x8ewC=\xf2\xbe\
\xae\x13\x89LE\xeb(yg\x1a\xadl\xde=\x8f2\
\x92@u;\xb9Mo1oz\xbe?w\xa9\x80\xea\
\xb8\x1e\xd2\x04\x87\x8c\x92Q\xfeoea\x84!9=\
\x1c\xf2ks\xaf\x88\x85\xfbT\xaf\x22\xadH\x95\xf1F\
\xa3\xda\xdca\x0d8/\xf2\x82H\x16\x10)\xf7\x0f\xd1\
 ?\xc4\xd0{\x85l\xbas\xcdC\x8a\xf1\x10\xb0\xef\
\x10\xdb\x0e\xd1\xa7\x0e\xc1\x91\xa83\x87P\x1eZ\xbc=\
\xb9\xa3\x85\xae\xd2\x19\x91q\x88\xa6p\x88\xceo\x08J\
n\x08\xe46\xc4U6D\xe65\xc4J\x0d\xc1LC\
D\x03-\x142\xc92\xc9\x10|\xc6\x10\x08\xc4\x10\x13\
\x0eC\xb4\x05C\xd4\xfeB\x001rf\x89\x93\x88l\
\xcb\x9b\x9dl\x903W\x7f\x9cA\xaf\xed\x09j\xed\xe9\
\x19\xed)\x9f\xd9\x13\x0a\xb2'd\xb1'laO\x18\
\xeb\xf5\x84\x17\xd5\x81CB\xb4\x1d(\xf2\xec\xea\x09\xcf\
\x84\xec\xb0\x84 #\x10\x02O\xb8\xb2\xf9VL\x0f\x8e\
\x90p\xab\xa75\x12\xbe\x92I|\xb8\x00B,\xe1\x07\
\xe9\xa7\x0f\xa2p\x0f\xa26\x0f\x02\xc0\x0ebK\x07\x91\
<\x07\x01n\x1c\x84\x1f\x95'\x93\xa3<\x95\xf7\x5c\x9b\
\xa1\xc2\x07`\xcf\xea@e\x19\xc1\x03\xdb\xc2\xfaE\xd9\
\xf3P\xb9 \x0a\x92&^\xfa\xeb*>\xbe\xfc\x9e\x22\
U\x13<\x9e\xb6&X\x81$\xc4\x8fM@\x9a\xbf_\
\x80\x98\xcc\x0e\xa7\x0c\x1b\x0e\xfd\x04\x5c\xa9\xdd\xb5c\xd7\
\xeeM\xa7P\x8aZ.a\x00\x91l\x89:\x04\xc9\xe2\
e[e\x1b\xc2\xdd_\x1c\x97T\xefBV\x17\xb2f\
\xd8\xe8E\x85\xa05\xa0\xd8QR\x0b\xe7Z\x07\xe04\
?g\x0e\x0c&\x88B\x9a\xc2Y\xd5\xe6~QM\x96\
\xc8\x87W\xbe4 !i\x0c\x0f}\x0c\x90\xdd\xd29\
\x5c\xe2\x14Z\xe4g\xbda`a\xc20\xc03yb\
\xe6G\x82\x00F\x9e\x9c|\xd6\x06\xdf\x18@d\xb4C\
Ui\xf5\x0f\x1f`\xc2\x84b\xd1\xb3\x8c\x16\xf0\xea\xce\
\xcc|\xdbo\x15\xfd\xc3\xdc5\xde=\xa4\xe9 UY\
\xb8R\x8b\x08Z:\x87V\xaa\x18:g\x12E\x8e\xa2\
\xa7Q\xedb\xb8\x9e\xf1,\x15/J\x85Lu\xb1\xdf\
\xd3\xc8\xa3L\x1c\xac\xee\xfb\x9a\x8d\xa2\xcf`\x13\xe8K\
\xc5\xcf\xea\x11>\xdc\x11\x7f\xdf\x0d=\x10\x116(\xcb\
\x00\xcd\xecY\x12\x00+#_\xdej\xb7\xfe?)m\
5<\x12v\xa3-\x18\x9dY2\xe6\x95\x0fx\xfa?\
}\x1bgN^F_\x5cljZ\xb6\x1a\x12\x5cp\
\x13\xf1H\xec\xef\x22\x09 \x84)\x06P\xa4o\xd8\xf8\
x\x14\xafjXT\x84\x97H\xc90Ka\x07\x06\xac\
\xbfqT\x10\x88\xa9\xb9:6(\xbc\x10\xf4\xb2h<\
\x05\x1e\x1cA\x0c\x1f_]\xb1)\x88\xf1F\xa1 \xe2\
Vl9\xed\x82X\x8e8\x8cd\xc5`#P\x22\xe8\
p8\xb8\x03\xf6}\xc8\xbd\xe8\x8fN\x16\xd0\x03+s\
asg\xf88 \xed\x17t\xd2>\xa5\xb5\x03n\xd5\
\xa5W\xee:\xbc#a\x5c\x12&\xd4@B\xd3\xfd\xae\
$w\xa6\x0bEb\xf9\xe1\xabt\xa6'\xbe?\xc8u\
i)K\x03\xfe0\xbf8\x14\xee@\x98\xb9\xcf\x98\xb3\
\xb5\x87q2\xecL\xae\xc4\xed\x86E\x95\xd9W\xfaW\
\x0aE$(f/r\xad\xfa\xc6qD\x99\xfdf\xf2\
d:\xa0\xa4|l\x1f\xe5\xb2\x95\xf7\xe6\x1f~\x0eX\
\xed\xbe\xb7\xe3W,\x93\xe1\xfc\xdf\xc3\x84\xb8\x18\xc8X\
9\x14\xe9\x11\xea\xa2\x92_]\xc4\xdeA\x0f\xcfX\x81\
\xe4\x0a\xd2\xa0)\xe89\x9e[q@P\xfa\x99\xf7\x1a\
\x00\xd3d<\xc6V;\xa7\xeeaU\x02\xf4\x83@\x8c\
\xc5(\xe7C\xd3\xe8\xf9\x0f\xac\xac@Q<\xcf\xf3\xa1\
\x9b\xe2\xe6\xa5/\x88\xf8|v\xcd\xb9:\xe3P\xb6\xaa\
3\xb9=\xea\xcc\x18PMm\xb9\x1ds\x11\x1dH<\
\xe1\x0e\x95\x8e\xb6P\xbdE)M\xd4#\xc1bB\x16\
iV\xf4\x96\x17\xb7CG@9[\xf2\xbe\xc2\x1a5\
\xc0\x14)G\xc6\x14\x88\x19\x5c\xa4\x80%\xcf\xc2z)\
\xac\x96u\xe3S\xd7=\xd5F\xa2y\x9c\x1e&\xe4?\
\x5c\xaf\xedZ\x9f\xbd@\x8f\xe8\x1a,\x06r\x18\x81\x00\
\x02%7/\x02\xfbn\x80\xe3\xef\x10X,\xff\x80\x17\
9\x22\x9f\xda\xaf\x81\x83\x11S!\xad\xb90\xeaYz\
\xf5A\xe3c^\xa8\x0ef\xe5\xd2\xb4e\xde#u\xdf\
$\xa1\xe6\x9fR\xe4\xaf\xd8\x96\x11\x1fZ9\xab\x02\xc4\
\x99\x0bX\x0f\xcc[\x04\x14\xe1\xc0\xa2\x0b\xb4\x06$\xc3\
\xaa\x86-rh\x0c\xec\xcd\x9085\xe4T\xb0w\x0b\
\x10j\xd8\xc6&%K\x02E\x93\xab\xe6?p\xb8\x15\
] \x1e\x0e\xfe\x1c\x17\xb6\x5c\xd9d\x95\x87n'\xdc\
\x0a#\xd4$\x94\xf0\x18\xa9\xc3\xa9\x14\x86\xa9\xd2\xc8U\
-\xa1\x9bO\xec\xd6@\xads\xb8P\xda\xd0\xa4l\x1c\
\x14\x83\xd5\xd5\xa7BW%\xd8\xfa*\x96\x0ed;\xa9\
\x80\xeb\xbb\xc8;\xa2\xbb>R\xa22\x22\xa4\x17\x13\xf6\
E{\x18*-Zm\xdf:\x17XY\x9d\xf0\xadf\
\x02KY\xe6A\x99\x89\xf4\xca\x801@ mb\x93\
\x93U\xdb\xf5\xb0\xc8\x06\xf6\x01\x0c\xa0U\xe6\xa8\x12 \
\xf1\x00\xe9\xa6\x18]\xa3\xf8n\xb3\xa0Z\xdcf\x91\xc3\
m\xb3h\xe1\xdb\xecF{\xc6\xf1)\xdcL\xe9<A\
\x85S\xb9\xcd\xf4\xc1\x89\x9c\xa9\xe86\x8f\x87\xa1\x94\x1d\
\xef\xfb\xd6\xbc\xfc\x80\xe9\xb7Q\x09\xd7\xf2>\xceB_\
P\xa3B\xd1,F\x126=n\xea\xd8&v\x8e\xd2\
\xf9\x91\xf6\xb1\xa0\x04\xa8\x9e\xb2q4\xb5\xb1\x84\xf3\x1a\
c\xd9\xb8\x10\x9b{g\xef\xa5\x89\xacD\x19\xb4l\xc7\
l\xd9`\xe7\xd3\x80\x80\xf7\xac\xe9\x18u\xd9j\xc7u\
\x22\xeer\xb1nq \xab\x1es\x8a\xf5\x97\xedO0\
\xdb\x01\x04\xcd\x98\xcd\xc8\x9d.\xb3\xd1~\xc4R|\xaf\
\xbf\x1cc\xfb\xb5\xab\xd9\xbam\xcdf\xad\x9e\xa27\x1b\
\x853\xad\xebc\xf5\x95\xe2ls\xc3&8\xd0\x5c\xb9\
'\x15Z\x89\xaa\x09\xf2f\x03y\xb7@\xae\xd9\x80\x1c\
\x06\x90\xfb\x0e\xf6?\x9e\xc7<\xe8\xe0\xfa>\x0eB\x1f\
\x97\x88\x8f\xe3\x1a\xe9\x95\x89\x08!X\x8f\x8f\xd0\x1d\xf7\
8\x0e\xff1M\xd8\xe3\xf7\xab\xc7?\xa0\xc7ci\x1e\
G\xc7\xa6\xd9\x82\xc7\xa5}\xc7\xd1\xdaq\xdf \x06(\
\x01;\xee\xb9u\xbc\x0bV&Rq\xe4\xbd\x05\x7f\xe3\
8\xb78\xce5\x1c\xff\x04\x8eg\xfe\xc6Qy\xe3Z\
\xdd\xb8\xc0\xdc8~\xdb8Q\x1b\xf7'\x1b\xd7\xe0\xb1\
qik\x1cH5nF\x8d+4\x8d\xa3g\xc9\x91\
o\x98K\xe3tF\xe3y\x08\x8d'{\xc6\xeb9\xe3\
j6\xe3\xe2\xf3\xfe2^b\xc6\x11\xa2\xaaRI\xa1\
\x8c\xdf\x94\x8c\x1f<d<\x8a\xfcQ\xb0\x18\x1711\
.\xf10\x0eba\x1cU\xd4\xfcJ$\x82\xf1$\xaa\
\xb4\x90\x1c\x95\x14\x9e=\x0f\xf69\x8c\xfcP\x97\xf0y\
\x88|\xa5\x95\x011\xdea\xad\xa5\x85\x87\x99\xabc\xa5\
5\xf8\xd5\xf0\x96s\x85\xab.\xbb\xd19c\xd3\x8b\xad\
\xc9\x5c\x9c\xb4:<y\x9c\x0c\x11\x104\xf6\xd7\x22'\
E\xe7\x88J$\x13\xc0\xc2\xca.\xcbO\x90v\xe7\x88\
\x9a\xb1F\xf2\x9c}\xa45\x1d\xd8\xceU\x84\x1c\xa4h\
\xd9\xf9\xfd\xe7\x12\xf8r;\xfd\xdb0\x044\x86\xd4\xfa\
.eh\xa5\xb3\xca\xbc\xfb\xf93\xb4\xe4\xc7\x17\x96\x86\
V\xd4\xbf5\xb4\xa2\x9fM\x9f\xdc\x10\xac\xf5\x04\x87\x00\
\xb4S\xbb\xaa\xb4\xde!o\xae\xbc\x1e2\x02\x1fz\xb8\
\x0f\x85\x92\x1f\xea\x8d\xc0\xab\xa3\xa2\x00\x1e\xf8C\xc85\
\x8e\x9b\xce\xfb|@\xd8>f\xf9\x10\xb0\x96\x16\x8cf\
\xb4\xa4Q\x1fZ\x0c\xc2\x90\xd7\xc7\x10\x15\x0b\xa5Il\
kC\x0a\xea>b72%v9G9\x8ffa\
t\x22\x0czD\xbc\x0bB{\x90\xc1\xbd\xe9\xf9\xcf\x03\
\xa7v/\x8aoj3\xee\x05\x01\x0d;\x0f\xe5\xae\xde\
i\x11\xd5\xcf\xb6d/n\x17\xc8r\x88\x02\xb7\x0d\x83\
,\xe7\xfd\xa5\xd5\xa2\x17\xa0\x9bR3\x98f{\xd16\
\xdf\x82\x19\xd4\x22\xa0|\x14u\x8f1w\xda\xa0\xc9o\
E\xa5\x90n\x13\x22\xb6\x01\xf5\xd3\x9f\xa7\x03\x1e\x04\x10\
 \x11N)\xc2\xfd\xfdh\x99oN\x89\xf2\xb8~W\
1|1\xea{\x85\x84@\xfd\x1e\x1bBc\x16\x88\x22\
\xcc\xb0\x19\x18\xb3\xbb\xb8\xd2\xd4\xbc\xd6&\x05\xb0\x10R\
\x020\x86\x0ap\x0a^\x8c\xd4\xf1p\x10\x19:D\xef\
@,n/v\xf1\x1f\xc4\x00E\x88R\x9c\x9d~\xe6\
y\x9e\xd7\xb8|\xd0\x1e\xc3\x98V\x9c\xf7\xc7\xcf\x0a\x9d\
\x1b\x10\x0b\xfatI@/,1r\x0c\xda'\x1d\x08\
\x0eD\xce8\x94\x9emR\x91\xb3\xa8\xf0\xfc\x8e\xe0/\
\xbbE\x0e\x9e\xddK%\x91\xa0\xa9\xa6\xcac\x8b\xd9\xc7\
Q7\xdf&&\xb7\xc1q\xf3\xd2N\xb2\xa1?1\x14\
8\xb1,\x91\x90'p@\xa8D\x9d\x16E\xb3\x82\x8d\
\xb2\xa8\xe3\xf4\xb4\x15s/\xb3\x9f\xf2eZ\xb9\x17Q\
\xe4\xb3J;Q\xae]`\x0fh\xf7\xefG\xcc\x8b\xe3\
\x9e\xb2\xb3=&\xe9\xb9\x96\x10t\xa4w]v\xdb\xa2\
\xa00\xf0\xa8\xa10\xf1\x1e\x8e_\xb3\xfe\x92?3\xc2\
\xe4\xf3\xb6^t\xab;\x02\x90\x84\xdc\xa2\xba\xf6\x11P\
{\xe7\xd5\xc4\xd0$}\xfa\x8f\x10\x5cPY,\xa0\xcd\
\x1e\xe7^\xe8\x13\xfci\xdb\xbc\xc16\xa0\xae\x16\x87\x02\
(X\x9f\xb9\xcc\xb2\x90S+~\xa3w\xceR\xe4\x0b\
s\x8a\x09\xc4\x05\x80\xf1\x98\xd0\x1e\xce\xe7/\xaf;\xfc\
\x01p#\xf1\xb0{\x8d\x22\x1cN\x0a\xc0-mX\xb8\
\xd6lI\xcb\xea'sl'2\xe7\xb8(p\xa6u\
\x92aB4\xbe\xc8q\xc7\x18\x9b\x15@m\xec\x17 \
\xd5\xa8\xfd$jv_\xa26\xbc\xfar\xd3\xa1<\xf0\
Z\xa9\xd0a\xdc\xff\xaa\x0fs\xe9ip\x5c9\x17\x11\
\x8dO\xa7\x05\xd2\x9d\xb8\xc0\x8e\x03\x00;\xbaR\x88\xc8\
6L~\xafPr\x96\xf2\xd2c\x9a\xfc\xca\xb7\x15\x89\
9\x9c5\x94\xf6\xa5\xdc\x07J\x13(\xb7n\xd0\xa4Z\
@\x88\x02`b\x01\x0b\x22\xcfz\x15\x09w\x8d\xb9\xda\
'\x0e\xa4\xdeM*B/\x5c\xdd\xe1\x08\xf4\x11!;\
\xff\x8eM\x983\x92@,\xa4\x9a\x84P\x10\xb6\x95T\
'\xcfkHm\xf2xu\xdf\xda{\xc9\xc9\x0d\xb6\x90\
\xac\x04\x89\xa1p\x85\xd3U\xc6#\xfb}~\x99gP\
\x10h\xdb\x14\xd2\xcaYz1\xea\x09\x99\xd8'\xbb\xa5\
o\xd7\x0f{\x05T\x17\xc6Ja\xeb\xae\x8d\xf1&:\
\xd8v$J\x19\x17\x97\x9b\xf5\xe5]Z\xc5/\x8f'\
:\x0f\xbd)\x12<\x14\x10\x1c\x84\xab\xa6\xa8\xd6n|\
\xc2\x15\x03@\x01W#)\xdf\x12Z\xc9\x07\xa0\xd4d\
i\xfc\x94\xd3\x12#\xf9\x08V\xd7|\xa8\x15\x06\x88\xc0\
\xa4\xc39\x8b\x10x\x5c\xf1L}|\xb6\x0e\xec\xa9\xf3\
\xfb3\x9eB\x088\xf4\xb7\x97I\xe7\xf8\xaa\xe3\xfc7\
\xce\x09\x9e\x1a\xda|\x8a\x95\xe5\xe2r\x00'\xde?\xa7\
)\x029\x87<\xf7[\xc8\x8a\xda\xaf\xc9\xe8\x1e\xc9\xd3\
T\xa5\xa2\x02\x8fn\x94\x9f\xf7\xe8\x85\xab\x01\x06\xe4\xaa\
\xbc\x0f|\x95\xed\xd3f\xe6\x90\x8e\x00\x7f\xd3\xc6\xe4\xa7\
\xc3\x1f\x0c\xc7\xc5\xa9\x97O\xdf @[\xbc\xc4\xc1U\
\xdf}\xc4\xde\xfez\xca)\xc5\xdegA\x02n\xc9+\
\x90 \x14\x89\xf2\x9d\x91H\xc7j\xb3:\xfer\x05n\
e\xd7\xc9\x01\x96\x9b\x95\xf4\x08V\xc8\xfb\x93\x93\x9bi\
E\xd2\xa4\x9c\xc5#8\x09\xa0\xc1\x1dA>\x1a\x90\x80\
\x94]\xdb\xb7)b>\xdc?\xc7\x19\xe1\x81a\xb06\
\x8e\xcb\x08t\x02\x0d\xae/W\xa8\xa2P\xdfrb\x94\
\x99\x5c\xb3Ab\x8a\xa8\x1d\xc4f\x0f\xc6\x00\x02\xab=\
[N\xc8\x85\xce\x8e\xf6\x0d*\x13\x81(\xd4\xd0\x13H\
\x1asfcYe\xc5\x06\xd8\xb4TI\xd1\xcb\x13\x85\
\xf41\xb8\x17\x19#e\xc9\x96\xf4\xbf\xbc\xaa\xb3\xcb@\
-\xb521\xcf\x80F\x17\xcc\x93\x81\xa4\xf6\x17_?\
oK%\xa5\xa8\xbdu&\x18\xeb.E\xa6\xcdmx\
^\xf3\xc4\xc8\xa4G)\xa5\x17\xd0\x07t\x9e\x1dU\xb0\
\x13I\xae~\xad\xd7\xd6\x0e\x0e\xea\xae\xcd\xb2\xf4\xe3\x7f\
u\x8d\x0f\xac\xf3\xa4\xb7\xdb\xfc:?U\x82 _j\
\x86\x11\xa8c\xe2F7Q\x85\xf5\x18\xd7\x83\xc4O\xc2\
)\xd6&U\x93\x5c%s\xf7\xa1\xb7\x15!'\x92t\
\xd7>\xfam\x8aF\xf7\xd3]l\x08nR\xbb02\
9\xcb\xe5\xfd\x95\xed\x09\xa5B\x91\x19@\x10\x0f\x0fZ\
\xd9\xe4\x11\xfc\x18EP\x0b=|\x10\x1b\xa1\x7f\x1fK\
w\x12\xb3Jh;\xa6\x11x1\xb7z\xab6\x05'\
\xaa\xca\x18X\xef\xaf\x8f\xbdGy\x04\x80\xb0M\xbb\x86\
\xf4\xdf\xad\x0c\xe7,-JJ#\xfb\xb5\x17\xc3\xf5\xb5\
Hu\x087\x9e30\xaby>\xd5\x5c\xfb#]\x80\
$\xd8\xe1kR\xba\xb6\x92\x1b\xfcf-\xd4I@\x17\
}(U\x13m\x87\xd9\x953\x96&q\xcd?\x80\x04\
e\xd1\x88\x08s\x1d\xfc\xd2\xb5\xaa\xce\xcc#6\x0f%\
og\x1e\xaa\xbcWZ\xe4?F\xf4\xa9\xa5ej\xca\
\xf2\xa7\xdffP6\x1b\xfd`\xe3\xdb\x93\xce\xcb\xcf#\
\xe7~AE\xefg\xc2\xa5)\xf2\x8d\xe6\xad\xfa|\x93\
+,\x09X\x06\xa7\x99:\x5c\xc8#\xb7o\x14m\x9a\
\xd9\x14s\xcbn\x15uJ\x1f\x8d7\xc4\xfb\x81\xe4\x84\
\xa8,aS\x04\xb6k\x19\xa8\x97r\xad\xaciDf\
\xa3\xc0\xf7\x92\xf1\xcf\xfa\x18\xcc~T\x9a\xb0\x06q\x98\
7\xde\x0fyUilu-$\xee[\xfaS\xf6\xef\
\x001\xd5$\xbb\xe0\xe3\x14\x82\x99_\xbe\xe7\xe6\x15\x12\
\xe2\xe5\x83\x93D\xf4\xd7\x90D\xf3\xe5\x94\xc8\xc4\xa6\xa7\
G\xf5\xed\xcdK\xef\xa8\xc3)\xbb[\xf4s\x97\x991\
0re\xf1\xb2fd\xa4 p\xed\xb9T\x19?\xf2\
\xde\xd5|\xdd\xd6r\x22\x98D\xb1\xff\xc10[\x06H\
\xf3x!=\x80 =\xd8\xed\xa5ub\xe6\x7f8\xc9\
\x10up\x1a\xc2\xc1\xa0Fo~\xfc\x9c\xb1 \x1c\xd4\
SAu\x93\xd6f\x06\x7fS[\x1f\x89c:H\xe0\
\xd9+\xe8\x0f\xff\x92\xdb\x9fhR\xfc\xd5\xe7,\x99\x81\
\xc6\x1e\xe4;\x7f\x0at\xd2\xda\xd1=!x\x89\xd0\xe4\
\x16]\xa9\xe6p\xb4t\xd9\xc44M\xb1\xb4_q^\
u\xad\xfc\x0b\xd1\xf1\x05\x9a\xaeT8\xda\xe8NS<\
a\x97\xe0\x22\x09j3\xc6\xc5\xd6\xe3\xc1[\x82?\xf6\
\xcaK\xdf\x01\x17\xb2\x96\xb4\x95\x0c[\xf5!5\x1d\xef\
\xd9\x12\xfdha]\x19\xdf\x01\xc1\xaaR\xe8\x06^\x99\
J\xd2\xeaF\xbc\xbe\xb8\x12\xe7\x8a\x81\xdc\x9f\xf7N\xf0\
\x13\xa8U\x87P\xec\x94\x1f\xed\x17\x88_\x12\x09\xa2d\
|\xa8R<\x03\xe2#\xe4\x15\xc6\xc0|#\x06\xe4\x82\
\xb77%T\xadD+G]\x95i\xa7Qp\xf4w\
Mq\xc4dvr\xd1\x815\xf2\x0f\xb5*\xf3\xc9|\
\x8e^\xf6\x0d\x95\x05\x00\x82\xc4\x0c\x0f\xd0\xe7\xe0(\x14\
5\x95\x94H\x92Ir\xc1\xd2\x11\xc0\x9c\x84B9\xa1\
\xf4E\x9e\xa5E\xef\xce\x13f\x91\xfc\xc6Qb^m\
\x1e\xac\xd2f3a\xcd\xac\x1b\xa3\xee\xe3\x01.\xfc\x1a\
\x16\xc0\x03k\xc1\x18W\xed\xbf\xf7\xf4\xeaBk\x9f\xc8\
\xad\xe7\x1a\xcd\xc4]\x07\xaf\xab\x1f\x22\xb6v\x83\xa2\xbe\
\xd1\x84\xea\x1e\xd4\xaa\x04\x97n\xb6.\xd2\x9eJ{\x9f\
/\x876\x05\xcbKxr\x84\xa4\xb8\xd0\xc0\xd4\xb0\xca\
\xbfm\xd0*\xe6\x10\xd5s\xd6!\xf6\xa1\x13Z;\xbf\
\xd5D\x04\x11\xfc\x81z\xad\xfd\xc7b\xc2\xaeL\x0a\x92\
\xb8\xe7r\x86.\x88\xab\x88\x8eP\x84\x8e\x0fQw`\
5\x94\xc99\x858w\xa1\x11\
\x00\x00\x06)\
(\
\xb5/\xfd`\xb5\x14\xfd0\x00\xf6\xbe\xba(\xe0l\xc6\
<\xa3\x86\xa3\xc5\xea^\xf4\x1d\xa9\x0f\x8fD\xfbC\xfa\
\x91\xd5\xf8\xe7\xb7la*\xa8A=mK\xfd\x13\xc3\
\x0c\x9b\xc2x!\xaf\x00\xb0\x00\xb1\x00\xaf=$\xca\xb2\
\x01\xcc\xad\xe3\xa9\xc9:\x15!\x12Q_-\xa6l\xa7\
\xd3\xda^M\x5c\xbf&\xcf9<8(\xef8q\xc9\
\xa9\xbe\xf2N\xac\x9bA\xca{oq\xd9|\xfc\xd8\xce\
-\x8b\xb2<\xe5y\x1e\x181\xa9j\x85\x8d7\xceU\
\x95\xa9;,\xa5\x88\x02\x13\xa8\xec\xc7^\xf9u\x85\xd6\
\xab/\x0b\x89h\x856n\xad%L\x8e\xbdHH`\
8\xd7\x18\x94I\xe7\xc4&\x18\x86)\x0ad\xfdS\x0b\
\xcd\xadIw\x04\xbc\xa0Qo\xb1V\xfd\xa7\xeb\x03\xcd\
9\x00\x8b\x04\x06\x01$c$r\x9c\xef\xacx\xfen\
\x88\xe3\x12<@ \xd1\x84m\xcd\x14{C^\x02\x91\
\x08g\xbb\xb5;\xda\xad2\x02\x8b\x93\xdaO\xa1\xbd\xea\
\xdc\x90|\x9a\xd6lT&i\x90HK\xd2\xa2x\xc9\
CR\x06\xb9\xbc\x17\x13\xa6\x91\x89G\xb10/Y\x98\
\x85\x910\xc2D\x13\x1d\x86\x81.\x01\x9f#\x19&&\
0\xf1,\x0a\x08\x9b\x07&\xcf-dV\xff\xac\x90\xa8\
\xd2Y\xdax\xea\x07\xdf\x10\x98\x81\x03\xed\xfbB\xa2\xfd\
\x16CL\x8c\x82k\x0a\xbaSY(\x1aEd \x5c\
\x94\x86@\xe8\xf167\xd0\xd9\xcc\xf8(@:;\xbf\
\x8f\xdf\xef[\x922\xf2X\xf9\xf7~L\xecN\xea\xf7\
f\x8a4\x90q\x1e\xbb\xadS+\xd0\xd3\xa1\x8crK\
^\x17\x8cDg:Q\x14\x89h\xae\x90n\xf0I\x1e\
\x04\x9f\x18%\x12U\xdb\x22l\x01\x8eAa\x01\x92\x1a\
`sHD\x9d\xa1i\xde\xb3$M#]bi\x18\
\xa7I\x9e\x02.\xf8\xcf\xfb\xb5\xb2\xae\xac\xa7\xe6\xd8\x1b\
\x08\x90\xe8zc\xdeIQ\x16\x0c\xbfo\x17\xdck\xdf\
\x81b+\xd7\xca\xe2V\xd9\x00\x9ffe\x19?!Z\
\xaf\xdc\x98\x11t~\x00Q\x9a\xc0\xa1\x01$U-\xe7\
\xcf:\xdf\xabG\xf6\xf8\xa7\x0e\xa1\x91\xb3\xdchl\xed\
\xd4g\xbf\xf4{\xcd\xd8Y\x13o\x8f\xb0\x95\xcdf\xf5\
\xc8\x98\xe7q\x14\x0e\xcb\x15[\xec?7\xa8\xc9\xea\x97\
\xfc:l'=+\xf7V\xbaS\xd2\x13\x96\xa9\xed\x8f\
y\xb5\xbe2\xebr\x97\xf3\xc0G\xcaD\xc1\xc0\xf7H\
\x05\x93@X\xe5\x1c\xb1 \x11\x96k\x09\x8c\xc9\xb1\x95\
\xc5\xa4\xc8\xc7\x08h\xc4\xd7\x90O@t1&\xe2\xf3\
\x99\xff\xab:c\x0f\x9a\xf0v\xda\xff\xfd\xe2l\x7fR\
+Y\xea\x96sV\x17\x80\x1e\xd7VS\x0a\xc0,\x10\
z\xe0K\x1c\xc8#,E\xdf\xb1\xc7\xd3\xea\xe9h\xb8\
\xb3\xd2\xeeq\x9e^t\x1e\xd8\xaa\x16\xd1$#\x9d\xe8\
8K#\x9d\x82y\xe4\x83\xb0I\xb7P\xd7\xd7O\x87\
\xbe\xa8\xd3\x19\xe3\x08\x1f\x19\xd1\xe0\x02\x17\xf7\x12\xb1\xc9\
\xc4kO#!\x03]\xfb\xbf\x1a\x99\x05k\xcd\xd8\x1d\
\x0e\xf9\xbd4\xf5\xd3z\xd0cj=\xa9=\xab\x84\xec\
\xd5\x8em\x86P1\xd4\xbc\xe6\xc5(\x99$B\x8e3\
\x86<B\xd6\xbf\x03\x81u\xa8\xa1\xa92ffF\x92\
\x94$\x85e\x0ca\x08A\x98d\x8e\xc2\x1bRy\xa2\
\xe2x\x94$\x04\x19\xc2P\x89\x88\x88hAAII\
\xa1Fc\x1a\x03\xb1\xa5\x5c\x82\x90q\xf8\xe3Q\xe4\x94\
\x0d#E\x8f\xd9M\x92\x95h\x1c\x0b~,F`\x9d\
\x0e\xa7\x9320g\xdf\x93t\xf1d\x89\x92.&\x22\
F\x22=\xd1\x13w\x8a\xf5\x8b\x0a?F\xablX\xe0\
\x09S\x9a\x11\xb0f\x85\xc8\xd7`\x02\x82\x12\xf7\x8f@\
(o\xb2q\x14\xbf.\x97\x0e/\x17\xfayk+\xbd\
\xbc\xcc\xa1\xc5yo\xa0\x02\xc0\xa0\xc7\x8fT/\xdf\x95\
\xda\x1b}\x0dLTG<6\xafC\xa6s\x7f\x9e\x1d\
\x9f\xe5RV\xfc\xd0\x05\xecRZ\x22\xf5o\x19\xd2\xc1\
AUH\xb6\x09\xa2\xb5v\x9a\x80\x80\xe50*\xb7O\
\xc5\xfd\x05eDL\x9c`\x9c\xdc\xd8[\xd0\xc2|\x08\
\xcc\x9dj\xcez\xb5\x95EDB\xa3\xb0\xab\xbc\x81\x1c\
\x15 \xdf>qII\xf84\x12\x1c%\x06\x93\xc9\xa7\
\xa0\xee\x1a\xac\x97\xa7~\x8b\x00\x07\x0b\xb3t\xc2Z\xf8\
>Mt\xe05s\x18cK\xa9\xc2*LczL\
\x96L\x5cS\xe4o\x96\xac\x98\x99j\x96\x98.\xc6\xf5\
\xdfr\x90\x8d\x01E\xda-\x18\xbc+M\x10\xf5\xf8H\
\x80\x10\xc3\xfb\xc0\x80\x8e>\xce\x86\xb5L\xbf\xbc\xf1V\
\xa1\xb60\x03d\xe5Mx\x83\x9a\xa1\xcay\x84\x1e\x1a\
\xc2'\xea\xb8$\x12Ke(O*\x14i\xb1\x05\xd0\
9\xe7H\xb2\x9c\xa5\xfc9`\x5c|l\xa0\xab}\xba\
\xa2\xc3\xf0\x93,\x0e0\x10\x12-\x96\xba\xc5W\x81\x16\
\xb4\xd2\xe1\xf8\x1bCi8\xd9\xcdF)&\xa9\xcb\x1f\
t4\x8cL\x85\x02D\x0a\xad{w\xed\x8f\xf8\xd2\xf0\
\xa0\x0f3\x0d\xfbG\xc4E\xe6\xae\xc4E]\xd6H\xb0\
R\xad\xfc\x96l|`#\xd1eBn\xcd\x85(l\
n\xb5\x9f8\x0c\x12\x02\x8a\xbfO\xb1c\xff~\x9a\xaa\
\xfe20\x0a\x89#\x8a\x9c\x90G\xcd\xc6\x13\xb0\x8bO\
ba[#\x1bI\x0c\x864\x80\x86Q\xfc+\x89K\
%y~e\xb3\x16bX\x8ar\x9a\xd5\x8c^\xb0\xb3\
\x13s\x5c\xcae\x1e,2\xcby\x1a\x22\xb8\x0d}\xce\
z\xda~\x9f\x0f\xe2Z\x04y\xeb\xb7\x1f_\xce~\xff\
\xb1\xe3\xb4.\x00\xe0o\xcc\x0d\xe4\xa3\x9dm}\x07\xe4\
w\x9a!@vJ\x0c\x07\xc89d\xf0\x84\x04\xc2?\
y\x18g rU\x96\xcdh_\xf7\x5cs\xca)7\
\xba\xc8u\xa7u&K\x22w`:+\xf0\x12\x91\xcb\
\xab\x0ega\x10N\xcc\x8b\xaa\xa4~!\xd2=^\xae\
\xd2\xa7\x7fR\x80P\xb7\x16Y\xb3^\xb5\xa3r\x16\xc9\
5\x10F#\x94M\xa9\x0f\xd3\xa0\x96\xec\x93\xa1sf\
\xefc\x97\xdbg\xf0\x0c\x9eU\xec\xd7ppF^\x9e\
W\xa40\xe83r*\x9f\xd2\x12\xc7\xa6\xa9\x05\xabB\
s\xa1\xa2\xe3\xc2\xcc&\xb6\xe3\x1eQ\x11 \xa4{C\
x\xb6`n\xab\xca\x98\x97T\x97)D\xaa\x12\xd8m\
\x9e\x12\x04\x15\xe2\x8a\x89\x01\x09\xdf\x1c\xe9\xe5\xc5\x97\xc1\
x\xf0\x815\xcb\x92\xa8\x0d\xcc\x15S\x9e\x12\xf4\xa7\xd7\
\x10\x11=\xf4\x9d`\xe6\x07\xca\x02\xb2 :r\xd8\xed\
\xe4\xd0*\xf7\x84\xb9x\xa2i=\x10\x15\xa0\x11|D\
#\xd1\x97\x06\x9b\xa6\xd7\x0a\xdc\xca\x9f\x94\x813\x00\xa1\
\xf0n\xefS\x1f:\xb3*\
\x00\x00\x06B\
(\
\xb5/\xfd`\xd8\x17\xc51\x00\xf6\xfe\xba'\xf0l\x86\
\x1e\x83;\xde\xbdz!\xddO\xfa\xe5#\xe7\xc0\xff\xc9\
\x00w!\x0e\xf6\x8b\xbcFI\xb6\x0a0\xa2\xfa\xc0&\
R\x8d\xe4*\xb2\x00\xac\x00\xae\x00N\xb9\xc5Lz\x80\
\xe3o\xa33\x9e\xfb\x8c\xe4-\x86\xd1\xedu \xfc\x9b\
\x1a\xf1\x87j\xb6\xdd6\xc7\x0a8(\x80\xf4\xcf\xed\x9d\
o\xb6\xa4y\x8b\xf0\xb4 \xce9\xc8\xa6\xda\xf3\x833\
\x06!\x02\x1dB)}\x89\xc3\xb1{\x81g\x9e5\x04\
\xe9\xe6\x1b\xb7i\x16\xf2\xdaCx\xcf\x0f=~\xa4\xb1\
xK\xd1b\x1a\xbb\xf0\xac\x94Rx\x1a\xfcAA\x01\
\x821\xd5\x80<[\xb7\xdb\x1c\x0e\x07\x82,Q\xef\x0c\
\x06\xf5Qm\xf8\x84\x9c@1\xfau(\xfb\xbd\xfe&\
\xa0\x18\x03\xf0\xa0\x00!`\xe9\xbc\x98\xcf\x1aW\x9bk\
\xe7j)\xec\x80\x83\x07\x8by\xf2\xb5\xba\xc9\xaf\x96k\
o1Y_\xbe\xbf\xa104\x09x\x08\x09E!\x15\
(e{,A\x9f\xf2\xa4\xe2\xdaKH\x08a\xa4\x89\
k\x8ea\xba\xbbWh1\xd0\xd6\x0e\xcfu;x\x16\
\xb3\x1d'B\xe7h\x933J\xd8\xe6|l1S3\
'\x8c\x0b\x8bq~3\x16\x5c\x93$I`LZ\x5c\
L\xbe\xcf\xdd\x9aE8\xe7\xde\xe3\xc9\xa6PK\x84\xa8\
\xb1l\xf2\xe8\xcdG|\x7f\x84\xcc\x17\xed\x9c4A\xd4\
\x92\xfd\xb9\xe3\xe8\xf5\x96G\xbf\xda\xe15\x89\xa4na\
\xd9\x9a-\xe6\xf1\xa3G\xba\xf3\x04\xd2\xc8\x1f\xd5\x81\xeb\
bz\xf3\x18\xeb\xa6\xe7\xbf\xb6n\x04\xbb\xfe\x8bI\xe4\
\xce\xdb\x07\x88\xf6\xfcb\x1am\x97\xad\x1emny4\
I\xe2b\xecU\xc9S\x01\xac_G\xda}?\x0e\xcd\
\xe0\xff\xa8xoi\x8a$&5\xda\xce\xf6\xa0\x9c\xb2\
\xc5\xa7\xb8\x99\xbc\xa4=H\xeb\x08\xb8\x18\x87\xb6\x95\xc1\
\x9db\xbf\xddz\xe1\xfcS\xa3\xba\xb0\x0f\xd5\xfd\xfdB\
K\xbeZB\xef\xd2b\x99\xa2\xb7\xb0\xcf?A\xef\xce\
\x1d\xac\xd5\xf9\x1b\xbf<\x96\xb6C\x03]`\xc0[Z\
0\xbe\xce\x8a`\xb3A\x96P\xb2I\x96pJ6\x85\
\x12\x13\x0a\x9a\xd1o\xa9\xd7\xc6\x96\x1a\xb6u\xce\xfc\xad\
\xce\x91T\xd0\xf7\x18\xbd.\x88.n\xa0\x12\xe1\x9c.\
*\xef\x11\x9d\xa4\xb3Q\xf9(}\xfe +h\xb0\x9f\
K\x8b\xe1\xfd\xe6\x07\x0dpR\xf8\xda\x93\x8a\x84\xa2\xc8\
DT\xde\x8b\x0a\x19\x0a\x10O\x83#\x0f\x0a\x10O\xc3\
b\x18\x85\x8f\xbawe\xf0j\xe3r\xb1\x83l\xee\xb9\
dN\x05T\xa0O=\xc8TBc\x8cH\x12\xe5\x12\
\x91\xa9\x07g\x8b\xae.L\xf8`\xc3\x9c\x8eF\x96\x80\
S*\xb39\xc5c\xf8^q\xb7P$\xe9\xcf\xbf0\
\xb0\x18\xfc\x8b\x8a\x9f\xc7\xfd&\xc0\xf8\xf6\x06\xc8\x85\x1a\
\xfb\x1by\xc0\xd0\x14\xe0\x9f\x0a]\x88^\x97\xc6Jz\
Q'l\x0dai\x9a\x03\x05\x18,\x8e\xdd1&\xb1\
\xf6jk\x7fH:\x1a\x1fSo^\xc2BOz\xb1\
\xe0\xb8:\xfb\x19]s\x16\xd5\xcc\xedG\x5c\xe8N\x15\
zL\x12:HY\xbe\x8e\xde\xf5\x82\xf1\xdc\xdd\x9d\xc7\
\x91\xee,\xdfgW(\x81}\xa8\xa1)RlFF\
\x92\x82$\xd99q\x081\x12u\x8a\xb3:\x12\x89D\
\xc4\xc1$g\x0cQ\xc4@CdHD$\x90P\x82\
HaA\x0a\x0a\x0fg\xa1B\xdf\x93pN2Q\xb9\
\xb0\x1f\x1f\xa8W;\xc3Y+\x98\xfau^\x02vA\
\x82L\xe0\x18\xb3?W\xc6Z\x02\xff\x9eq\xb7FC\
\xdd\x12\x85\xbc\xcb\xe3q\xbe\x9d\xed4\xd4\x14-\xe9\x80\
\xb5$\xaf\x7f3\xffD$-\x12K\xd2\xb2\x16j\xcd\
^44\xa8\x19)\xfd>\x8c\xfb\x95\xd7\xc6\x85\xfcE\
\xba\xb50*\x1d/\x11I\xdez\xce\x8e\x13\xe2\xb0\xb4\
\xa5\x04\xd7\x93q\xf4\x19\xb3\xcdt_d\xd8Zf\xb8\
\x15\x0d(\xef\xa4]\x03g2Y\x83)\xa5\xaa\x14\xf0\
\xf5\xf7\xdf\xf5\xcc\x80\x82\xd8:\x10\x94\xb5\x1c\xf0\xa0\x5c\
\x08\xa81\x09\x147\x05\xa8X\x00b\xa7{\xb9)\xcf\
\x8c^n\xa8df\xc5\xf8)\xf1\x1a\xef\x006o\xc0\
\xf6\xce\x00\xe832\x01z\xd8\x00\xe6P\xe0DA\xca\
\x81\x0f\x9c\x0e+\xac[-T5\xec&\xebum\x9e\
kj\x1cz\x93\xe6\x00\xb9\x82\x150\xd3\xe4\x10\x05\xcf\
\xaa\xbcx\xb3\x03\x84\x07\x90\x0f\xc7<\xb5\xc3~e\x95\
n\xb6\xe7]\xd6\xd7\x90G\x1b\xa6lD\x03r\xe7\xa7\
\x8a\x15D\xcdV\xd7\xa9d\xa5\xa2r1\xf2\xd6\xaa\x9f\
(yq2\xc19d\xdd\x08\xab[\x155\xf1\xe2\xd3\
\xe7\xde\x91\xc7\x8f\xd6@\xeb\xef+-\xd16_\x00F\
\xd5J\x8c\x16\xab\xa9A\x9c\xbf\xb4\xae\xc2\x1f\xd1&\xef\
)\x82\xae\x16\xda\xa3p\x96'\x9d\x18;\xf89P\x08\
\xb0\x91\xa4>\xf7\x07\xcb\xac\x02\xe0\xbaS\x95R\xadE\
\xcc\xe8\xe4\x00\xa1\x1e\x19R2\xa7\xf7\x0c\x16lT\x88\
\x80^V\xa149\x13\x13$\xc5\xb7fR\xb9:A\
\xfdy\xa9\x06{h\xc3\x8b\xb2S\xaa\xe8\x0c\x03D\x92\
J\xce\xf4\x01\xfe\x1bM<JC-\xd5\x22z\x89\x7f\
Xb\xa9\xe5\xb7\xf9P\x9e\x1f@%\x04{\x02\x13\x04\
I\xfa\x91\x1d\x00\x80\x80\xcd\x80\x1f\x22Z`U\xdbi\
+\x00T=\xb0\x15k\x22\x0b\x1eu@\xb9\xe1\x13\xd1\
f\x22\xa5\x18-\xd3\xf0O\x12\xdf\x11Z\x88\xabA\xe0\
\x22\x85\xbcC\x03!\xfdOC\x90\x1c\xa8\xcd\xda\xa2\x9d\
5.\xc7\x10\xa1\x87>\x88\xcev\x1f\xc4\xa1`\x01+\
/a5\x8bO9\x11h\xe6\x80\xbc\xbb\x10yYt\
\xd8z\xd1R\xce\x00k\xc0\xb4\x97\xe1E\x05\xca\xabT\
\x8c\xf9PV\xa0\x22\xc9\xd7lt4\x1d\x1c\x80\x16!\
\x9b\xba\xc2\xfd\x18Q\xda\x04Y\xcd\x22}Fu\x987\
-\xc5\x81V'9p\xb8*b\xe7\x09?l\x04\xa6\
\xe3\xcd\x1a~ b\x81\xadGM\xcf\x19h\xed\xb6a\
\xce|\xa6\x1a\xf1\x9d\xdd\x0c.ZQ\x84\x83\xee5|\
\xf0*)3\x96\x80\xc6\x9b\xcbp\xef^\x01\xb8\x0d\xbf\
\xddFj\x8a\xd7B\x84\xd5\x9b\xd0Z$\x09\x8a\xad\xad\
\xfa\x89\xbfIA\x1f\x8bV\x01&\x8c\xf7r\x9e\x83Y\
\xe5\xdc\xb8^\x90\x220\xf7\xb2\xd0N\xeb\xdd`\x05>\
\x8ff\x9a\x89E\xa6\x120\xd6\xf2\xcbb\xfa\x85+\x0a\
'Cx\xca\x876\x93\xb0{\xd0\x0f7\xb0^\x968\
\xf2\x81\x00\x98\xc2\xdc\x81\x7f:\x1a*\xd0y\xbf&\xd8\
\xdf\xc0^\xb0\x0b\xc8@\x87MO\x14\x1a\xea\xbe\x18\x0d\
O\xf4\xd6\xeb\xa8\xcc\x1d9E8\x8d\xfe\x02\x97\xbb{\
\x14`\xd5))G\xb2\xe1\x87:\xa6\xbd\xfa\x7f\x88z\
\xab\
\x00\x00\x09\xb6\
(\
\xb5/\xfd`u>eM\x00\x0amh\x12(\x00m\
\xa8\x0e\xc3\x18\x98N-E#\xd2\xfe\xee\xe5\x0es4\
\x01\xb2\xb2\x01\x80G\xb7lY\x11\x11\x81\xea\xb0\x82\x7f\
\xf8\xff\x8f\xab\x82\x08@\x01\x04\x01\xfe\x00\x10G\x5c\xcf\
\x83@\x94\x1fvXs\xe9\xa0~\xdci\xe9\xb49\x0c\
v\x10k\xda\x1ab0\x9cc\xda\xb6\xb1m\xddX\xb9\
\xbfa\xf2\xb6\xcdM\xee\xe7q\xea\xd9\xe8\xe5\xcd|\xcd\
xR5\x1f\xfaM88}\xa0\x84\xb2\xb4\xebY\x8d\
\x06\xb5\x0cPE\xc4\x15Q\x03\x1a\x0c\x8a\x8a\x92\xa8\xa7\
\x91\x22.\x08uY\x8c\x9d\xaf\xe9E\x90S)\xa8\x9c\
\xd7V\xe3A\x0e\x04\x90\x82\xa6HsE\xd0[\x16\x0f\
\x05)\xbc{\xb7R\xfaU\x90\xd6\x98\x0a\xdde\x01E\
\xd7\x83#z\x0f\xdf\xcb\xe2\xe1\x82\x22I\xc2z\x8f\x03\
\xb1\xde\xc3\x99\xa0\x0b\xc2l\x10@@\x90\xb8\xde\x84\xaf\
\xf1\x9e*BY\x08\x91&\x8aDfn3q\xae)\
\xc2j\x9a\xdd\xc4f\xc29\xa7,i@\x15\x835Y\
\x13\xf5xP\xcf\x83\x88\x9egI(j\xc2\xba\xa6\xf7\
x\xd2K<\x90TE \xcb\xe2\x81\x14\xd6\xa4(\xca\
\x82\x03\xc2rXX \xd04JC\xc2QQ\x18\xa1\
D\x22I$\x14\x90\xebz\x08\xa0<\x88\xf3X\x14\xa6\
\x05\xca\xc3\x15I\x14\xe8]\xce\xab\x0e(M\x03\xc0a\
\x81@\x81\x85\x9a\x96\xc5\x9b(\xc9\x81&\xe7\xb2\x94\xe5\
\x9b\x04\x10\x22,\x0b\xc7\x14A\xd43=eI\xd4e\
1Q\x91U=\x08EzL\x0a8\x04\xeb\xda\xb9\xfc\
\xc6\x0e]\xdb\xf6\xb2\xa6\x7f\x1bxs\xf19\x95a\xc9\
N\x1d\xd5\x9bE\xd6\xab\x9c\xc8\xfd\xca\x18\xfe\xfa\xb3\xdf\
E\xb6\xcf\xbe\xec\xfc\xea\x0c\x99\xf3z7\xaafc\xec\
\x95\xb3\x7f\xdd\xf766\xe6\x8c\xe7:\xd5\x96\x98\x8d2\
\xbbn\x8d1\x9f\x7f\x1bc-\x99\xb1N\xe6\xce\x1af\
\xc34g\x8di\xf7\x7f*j\xc3\xbck\xe6N\x17\x93\
\xf9o\xf7L\xd4\x00\x93\xa8\xba\x9c\xc7\xb6\xe3\xc6\x8cU\
\xbda\xf2\xe37kg\x8d\xb1\xb1\xe3\xf5\xcfO\x97\xe8\
\x8c;e\xa7\x8d\xfc\xae\xed2\x87\xce\xbaL\x1b\xf6\xb3\
\x1b2\xc6\xbdj\xf3b\x06x\x97#]\xcb\xe2QQ\
\x0dkr*\x08\xcf\x8a05xP=+\xb2,\xac\
+\x9a\x228\xda\xff\xd1m\xea\xba/\xa3k\x17\xa1\xff\
\xcc\x1b\xb2/\x0be\x86e\xd1x\xd5\x83\xc2\x8ap$\
\x92\xf3<)\xa10ed\x98\xb9n\x95\x1b\xe3\xde\xd6\
\x89\xdbxYL\x91#\xaa\xa8\xe6\xbb]bw[\x16\
\x152S#\xd4\xa5\xbe\xa2/S\x14\xcad\x02\x04\x22\
\x8c\xc6s8\x10\x87\xb1 y\x11\x04\x94p\xe8\xce\xc7\
\xceM\xf7\xd8m{\x99\xad\xae2*\xb3u\xfcnh\
\xff\xd9\xe8V\x99\xb6\xd8\xeb>\x99k\xfb}o\xc84\
\xf5\xf97\xb1\xbdsf-\xf1\xbb\xf1\x86U\xd7\xb8\x9c\
\xcah\xb3[\x86\xee\x0d\xe3\x8e9u\xef\xd6Mu\xab\
\xac\xb8\xe9\x9a9cn\xa7\xdb\xde^\xd7\xfe\xf7l\x0a\
\x8f#1\x9e\x87[\xb7#\xab|\xb5\xf1O\xda\xaan\
\xa3\xf3\xb2\x88h\xe8\xba\xbf'+3\xc9yg\x19\xce\
\xf3\x0c\xee\xbb\xee\xff\x1a\xc4\xe0\xcc\xb8\x19\xfb\xd9\xb1o\
\xcf\xc8\xca\xcaP]\xc3\xbd\xcf\x18\xf6\xfe\xfa\xb6\xef.\
\x0d\xac\x8c\x19s\xd8\x1a\xc6y/\xc3Te\x1cc\xdc\
\x9b\xdc\xb4S7\xfb]\xd1\x83$\xd5\xb5\xe62\xd1\xbb\
\xb39Mo\x9e\x9d\xd9\x8d\xfd\xba\xc7\x5c\x86\xfd\xb66\
d\xbd\xdb\x1e\x9d\x97\x19s\xb3\x13[\x9b\xf16vg\
\x89vn\xd5\xc6X\xf2\xe5D\x10\x0f\x01\x14\x91\x0cL\
NdY\x11G\xc1kh;W\xef\x92\xa2F\x0b\x04\
\x1c\x10V\xc2a\x81\x80\xe3\xdb\xaf\xber3\xa72\xec\
\xf6L\x87\x1b\xa3\x9bsd\xf7o\xff4\x1a\x15\x9an\
\x5cM\x86\xb5\x19sLU\x5c6S\xc6\x89\xa90\xc6\
\xcd<\xbd\xd5\xb9etF\xdb\xf53\xb6Fa^f\
\xfe\xbb\xb35xS^\xec]mx*\xa7\x81!\x80\
\xa2z\xd7\x9b\xa8I\xf1(P\xd5\x00fP4\xd8y\
2\xa9*$\xd3(\x8d\xb1o\x8bL\x19\xee\xce~\xf4\
Fi\xd5\xe7\xc6gRy\x14wv]\x5cf\xdas\
S\xdcn\x94f\xef\x98\xf6\xd4N\x97\xce|=\x5c\x0e\
\xa4a\xd7\xb9a.\xe8A\xd4\x03\x12\xa1*U(I\
z\x10\x11\x83e!=\x86#9\x12O\xba\xa2\x05\x92\
\x14]\x0f\x12\xd1\xe3\x81^\x95p\x90\x1e\x13\x01\xcf\xe1\
<\x22\x02\x97\xa3x\xa0\x08\xc5p(T\x94\x04\xc5\xf3\
$@\xe0@\xd1\x80\x96\xe6\x5c\x0e\xe4\x5c\xef\xa1\xafB\
\xf4\x88&\xce\x83\xb5\xb6\xfc\xd5f\x8a$\x13\x8a\xc1h\
^\xc4zP\x14y\x96\xe4T\x0e\x09\xf5`-\x8b\xea\
E8RUE&\x90H\x13y(\x88?\xb7\x1b}\
\x959f\xfe\x8a\xf9\xf8\xa0\xa8\x0a\xbb,$\x14\xe4<\
X\xb9\xe0\xd5\x83**\x82&\xa8\xd2\xb2\x1a\x84\x0a2\
U\x22\xa3 I2\x1d\xb2)\x86\x81\x81\x94%jh\
v\xb2h0\x03a(E1\x10\x8a\x10B\x0ca\x84\
\x10\x22 \x84\x11\x01\x11\x18\x223#4En\x87c\
\xd4[\x1b*D\xa0\x9a\xdf6\x98Y3N\xa9\xadu\
\x18\xb4X\xc3@\x09\xf5\xa0\x83\xd6\xe2z\xa0\xc6\xba\x06\
\x17\x07[\xec;QeZ\xdc\x98\xca\xea[1D\x16\
\xae\x18\x1b\x95\x09JE\xc3\x98\xb8\x8a\x17\xf0cY\x82\
'2C\xf2\xf9\x0f\x82\xc2\x07\xac~]g\xab@o\
\x02\x0bFp\xf7\xdaa\xda\xe3\xabV\xfd)\xae\xf54\
\xcf\xbe\xf5aJ\x0d,f=\xafY\xd4\x977M\xc2\
\x19w\x84\xb0z\xe7\xb6\xf6\xfd\x08K\x1e\x95xM\x16\
\xc3,\xc1\x05gB\x05\x84\x88;\x88\x87{\x9b\x14w\
p-\x90@O\x9eG\x96\xb5\xe8\x94wC\x0b\xd99\
Bw\xe4\xe3[\xe3\x06\x09\xbe\x8c\xf1/\xf4p\x90\xd5\
a\x89\xc8\x8f\xf6%\xcc\xcew\x86\x1d\x17Y\xb9ag\
X\xearO!\xafl\x9d!\xfa\xa1\xc4\x95\xaf\xfb\xf0\
\x8d\xb0?\x98F\x18zYB\x14c\xc5\x0c\x18iH\
p!z\xbf8\xf8\x01c+.\xe2\x1b\x5c\xb9\x97\xc3\
\x0e\xc6\xd1~3\x14\x12\xec.(K\x9f\xef\xa8mh\
\x8b\x94\x1d\x08(@\xaf\xb3\xd7\xd6S\x9f \x07\xdf\xea\
\xbf\xad\xf8F \xe8-fp\x89Cl?\x94tk\
\xb1\x8e1\xae\x22_\x82K\x00\x8f\x9e\xa1\xe4\xce\xce\xc1\
\xc9+\xd45'=]l\xddp\xf6\x8b\xe0\xcc; \
\xfe\x8b^\x990\x8cQ\xd1\xb9\x0e\x07\xa5\xc8\xc9\xa0\xd3\
\x84\xc4\xf8)\x88\x1c\xa4u\xae\xd1\xc38H\xe0\x92i\
\x13\xc4\xac\xa3\x95\xecH\x9d\x89\x83F\x019Bf\x1c\
G\xe1\xc7\x89\xea\xac\xd8\xfe\xb7\x9eG=\x97\xb9\xa4\xb4\
\xa4AFP\x87Lh\xde\x8f\xe3\xbcH\x89U\x10\x14\
\x80\x81\xa2\xc2\xf7,b}\xd2#gS%+3\x7f\
\x90r\x0aI\x9eIX\xcb\x87\xf6\x14,\x0f\xff.\xe2\
\x8bJ0d\xfc\xc9\xc1\x1d\xce\xc2&\xfa\x962M\xb7\
\x0c\xde\x5c\x86\x9e\x0eB\x86In\xa2\xf4\x16\xb7^Y\
\x94\x07\x94*\xc45\x1f\x18\x05\x04Hh;\x80\xc8q\
?#\x07h\x92w\xbdN^b;O\xed\xe7\x04\x8f\
w\x87\x13\x16\xe8\xcf,\x8eH\xde\xe1\x047q\xf0\x82\
\xfd\xf3\xd0XQ:\xafD\x97\x1ao\x0a\xa8\xec\x80a\
~v9\x16\xcbP\x05Lj\x12\xe7\xca\xf9\xd15@\
\xf4Y  \x89\xdf\xe0\xe0\x8d\xc2\xaa\xb5\xc2!\xf8\x91\
\x08\x8a\x0d$/)9\xc5\xe7!_\xc1\xdbc\xca\xa8\
\xc0K\xd8\x1ay\x18\xb2\xc3a6\x06\xffRp\xd8B\
\xf3\xc9@\x86\xec}\xdd\x09\xc4\xb9\x07\xe3\xd2\xc2{6\
\x9c\xf7\xf50\xf0\xbc\xb6i\x80\xbfj\x14#\xdd.\xdf\
\xe86o\xc4s\xbf\xf7\xb4\xbf\xbd\x1b\xf1\xa0\x03\xf3\xc5\
#d\xf9[\xc3\xcb\x0d\xfbYu\xac\xbbK\xe5\xb2Y\
M\xd4\x1c\x035\xd5\x8e\x7f\xce\xe3\xaa`b\x8f\xc7\x01\
O\xdbbU(\xf8@L\xd0}{\x8dz\x01kh\
jvm\x9f\xfb\xda+~\xab=\xb4\xa53\xf8!Z\
*\x83z \xf2\xa9\x09hv\x08\x0bB1q\x89\x9e\
j\xc4ql\xcfRj\xb4\xbe\x98@.\x1c\x0eQ\x1a\
\xf3\xe4\x08\xc3\x8d\x0e\xd0\xc8AO\xf7\xb8\x01!s\xe1\
\xe2|Mm\x7f\x16\xdb\xac'\x00\x17\xec\xa4\xb7\xd6j\
\xd5\x98\xc3P\xb0\x8b\xf1\xef\xb1Q\x8aB\x83\x16\x85\xc8\
\x99\xbd\xce\xaaR\xa7\x11\xa1\x9f\xfc$M)*\x97V\
\xefN7\x9fb\xad \xedT+\x9e\xe3\x0aZR\x91\
=cT~P\xa09gg\x9d\xa0yB\xd5\x81\x94\
P\x1f\x05<\x8f\xd8\x0d\xf2\xf3i\xb8\xd7d\xf0\x00\xe8\
\xf5\xdf\xbc\xaaE;\x95nj\xd4{\x01j\x9dMh\
\xe5\x8c\xd1\xb7\x85*\x83\xf5,pk\xe8\x86n>G\
\xd3\xcd>\xebX\x1f|\xd7\xe1\xf8\xbb\xfb\x04\x90\xdd\x9b\
\x00i/\x22\x92%U=\xb6\xfe\xc26\xb0\x9c\xb9r\
\xfe\x8f0CI1\xbc.<{]\xdcB\xc7\x07#\
\x09\xf8\xfc\x8e\x9a45r)\x1a\xaf\xabVD\x18m\
\xf1\x9f\xf7\x1b\x14\xfe&FT\x8a\xa6\xacII\x91&\
\x9d\xf4\x066#\xcdx\xdf\xc8\x12\x10\x9f\x10\x16\x87%\
\x814\x97\x900\x9b\x1f\xd5&\xf8\x91\x99A\x93|.\
|\xe6\x8c\xf3\xda\x94S\xdbFR\xd7\x1e\x84\xb6\x8b\xa0\
\xc8,\xf2\x85\xb0-l\xecG\x8d\x13\xf1\x8e\xc3 t\
\xc8\xb5~\x85\x98\x15\xadX\xe8\x0f\xd1_\x04]\xb5u\
(\x09\x94d\xf6\x92X\x1c\x7f\x9b{\x1c\xaf+\x0c\x03\
9\xe37\xe1Gju0\x11\xe8I\xc3\xcf\x17\xafj\
!\xf7\x84\xd2bM\xf1\xa5\xfe\x02\x97)\xc6\xfa\xa6\xbc\
\x8c\xd5yi\x15,9\xcb\xc9\xc0U9\xaf\xb9\x1b\xf6\
\xedw\x81*\xda\x22\xdf\xe6 \xe8W1su\xe7j\
f\xf5\x07\xef\x82Fy\xa7\xcb\xbe#\xa2m{@A\
h z\xf4\x1f\x22\xc6M\xb2L\xb6h\xa7K\xcb\xc4\
M\x8fJ\xc0\xce\xe1\x96\x90\xb5\x1c\xde\x03Q|UX\
\xf2\x03\x09L\xa9J1\x83\xc5\xe8\x92h\x1b\xad\xec\x0b\
\x05+?@\x12P\x17\xa4\xfb\x0e1=En\xd0\xfb\
L\x198\x81\x97\xdf^\x8b@\xb4Q$\xdeH2p\
\x0b\xef\xaa\x04\xe4&W\x97\xaae\xd9\x9cB.\xec4\
\xe1\x0f\xff\xd2V\
\x00\x00\x05x\
(\
\xb5/\xfd`G\x11u+\x00\xf6y\xac$\xf0n\xcc\
\x03\xa3f\x02\xdf<\xcd\xbf\xa3~4]\xfb2iT\
\xbcrVE#\x0d\xd4\xa0\xaaif8,\x0e\x97E\
\x85\xa1\x00\xa2\x00\xa1\x00O\xb2\xba\xbd\x9a\xc2\xbfR\x8c\
\xffE\xb3\xed6\x89PABA\xe9\x9f\x93\xa7\xbe\xee\
L\xf3\x04\xc3[\xa4\xc4\x18\x17\xb8\xd1\x9e#\x1c\xc2e\
Q\x96\xa8@\x10$\x19\x8d\xb2[\x80g\x9e\xf5u\xe9\
\xfa\x90[\xebSd\x22\x15\xde\xf3_\x8f_\xa9\x16\xef\
\x0c{R\xb5\x11\xcf\xce9\x80\x0a\xc2\x1d\x00\x00\x0f\x08\
\x1d\x81Rm\x9d\xdcD\xd34E\x89\xb0\xde\xad\x01\xf7\
\x18\xad\xdc\x22;8\xab_\xcd\xd9\xef\xf4w\x82\x830\
\xc0\x01\xf08x:?\xe9\xb3\xc6\xd4f\xda\xb9{\x0d\
\xc8 1\xf1\xa4*_\xabk~\xf7b\x22\x9f\x94\xf5\
\xe5\xfb!\x0e_\xdb\x81#\x91I\x9ag2 gi\
b\xb24K3%#\x19\x0f\xd3h\x1a\x09\x1926\
f\xd30\x89d@\x8b#\xe5\x03\xc9$\xc2\x81\xed\xee\
~mM\xf1L\xb7\xc4\xf3\x89\xfc\x10\xb1\x9fgO\xe2\
\xfd\xe6\x89\xaa\x11x\x12\xf5\xdb\x8a0U\x1c1\xc6\x86\
\xe3H\xb9(\xee\xc9(\xd2\xaf6\xa0\x1a\xc6\xd6I \
\xda\x1a>\x8et\xde\x9fS\x94~\x10\xa6;\xe7\x11\xaa\
aZ\x1fc]\xdf#\x9bF\xcf\x7f-\xdd\x0d\x9b\xbe\
\x9c\xcc\xe4\xd4[\xc7#\xe1\x9c^O\xaa\xdaF\xdbI\
(\x89\x91\x84\x18f>\xc9^\xc7H\x17]|\xd2\xa6\
\x11\xb4\xbf\x90nU\xf7-F\x06\x11\xca\xbd\xaa\xfd\xad\
8\xf0\xb5\x15|E\xaf\xfb\xe84\xaa\xf6I=\xd3\x13\
\xb5\xd8\x9a\x22\xaa\x95A\x01\x22\xa2\xec\x9e\xb4SK\xfb\
_\x11\x9a\x91-\xd2{\xfd\x8aIoz\x9a\xf8~\xab\
\xeb\xcfv\x7f\x12\x7f\xab3\xc4h\xe6\xf6/\xeeu7\
zE\xb6\x06\x82\x1a\x0e\xd4\xb4\xcdW\xeb]OVu\
w\xa7\x1e\xc7'a\xba\xc3|\xabM/\xd8/\x85)\
\xb5+M[\xfc#\x14\xef\x9dmX\x063\xa8i\x1a\
\x89\xe30\x11J\xe4\x94\xf0\xd2\xfaby\x92\xa6-\xb5\
xt\xf6\xdb\xad'\xea+\x8a\xd1\xc9*\x8e&y\x9e\
\xb4)jqb\x12\x99\x95`.1\x00\x8f\x0a\xc2\x15\
\x07\xc0\xa3R\x1c\xd0\xc5\x5c\x96\x19\xe3\x03M\x06z\x16\
\xc7i$\x9c\x13\xce\xe94\x12b$t\x93a\x1aK\
\xfd\x9du\x0a\xd9Y\x85[\xe7\xdc8\xd0\xbcp\x93\x81\
\x91!\xdddD\x07=\xb3\xd1H\xe8z\xcf\xa6\x0d\x93\
\xd6\xea\xfc\x90\x8f\x1eg\xdb\xea\x14\x8bQ\x84\xeeM-\
N\xed\x8c.\xde\x9f\xaf\xae\xb09z\xe2\x13\x19f6\
\x09\x13}\xd69z\x0b\xbd;\x87\x04\x02\x03\x11e \
]}\x82\xe7\x89\xd0\x92<\xcf\x84\x8c\xe5i\x1aO\x12\
\x1d9\xf0\x9d\xe2n/,\xd3\xbbr\x9f\x7fZx\x12\
\xfe\x89\xe2JQ\x1c\x8f\xc7\xfd:`|{\x81>\xa8\
\x91)CJhF\x92\x94$\x85\xe6a\x08A\x1ae\
\x90:\x0f\x12y@\x84\x12-f\x8c1D!$2\
#\x22\x13\x14\x94\x94\xa4\xa4R\xe8\xacQ\x18\xf9 \xd0\
\x9c\x00\x1d\xb1\xc3\xb0\x04\x01\xd6{\xf7\xed\xfe\x8e\xc5\x87\
\xaf\x81\xa3$\xb9\xb4\x17\xa1\xfb\xad\xe1\xf4%0P7\
\xbfz:\xc2\x8a\x9cf\x85Gl\x10\xabJ=g\x84\
\x9fC\xcd\x00{G\x81Z\x1eSdg\xa8X=\xca\
\xe5\x03\xa9\x01\x0b\x90}\xc1\xbeJM\xc8\xb8\xe2 x\
\x84\x8e\x99O\xa8\xf5`\x9c\x0a\x02\x00\xbeOi\xaf\xad\
\xe3y \xda\xfa\xe4|\x0d&\xf6\xa3x\x07\xf6\xcc{\
\x8c\x9cJ7Vz\x1c\xfb\x0f\xb2\x8df\xed\x11~\xd9\
\x99a\xa6\xaa\x11<t\x82\xd0\xff\xf4\x1d\xf9\x05\xd2\xf9\
\x83a\xfc\x8e\xceB\xd5WtZ\x1f\xcc\xf4\x99\x01\xe5\
y,\xc0\xdb\x9c\xfe\xa3\xc7\xb7\x85\xfb\xc2{\x88\x95 \
!\x0c5\xf0S\xa6\x0e\x9a\x04\xc8\x9e\x8ec\x8e\xe8\xce\
\x1c\xa3*\x99\xa2\xcd\xa7\x02\xe85\xe2\xfe\x8d\xa4\xb3\x5c\
\xdb\xfc\x94m\x17\xcb\xed\xd9\xaa\xb9\xb8\xa2\x07 H\xbe\
X\x94\x8e\xe4\xbf\xa5\x12\x83QX\x80\x9btg\xbf\x97\
+\x89I\xbf4\xd2c\xa3\xba!\xa3\x9e\xe1o\xa3!\
\xa5\xa2=I\xed\xa65\xe9\x86a=\x1c,\xfak\xb8\
\x22\xb9\xcb\xe6W\x94\xe0\x84\xb4\x9eMd\xdaE\x17i\
\xa8+n\xfb\x5c\xfe\x83\xbd\x95\xb4\x8a\xe4\x83'r\xbb\
f\xc4\xfaw:[\x8d1\xc9\xc9\x1d\x9b\x22\xae\xc8h\
\xf34\xa2\xfd\xe5\x07XyK#J\x03\x1f\x01\x8b;\
\xbf\x16\x97\xb7\xba\xc9\x15C(\xb1E\xea\xe94\x8ea\
lx\x039\xe7r\xae\x97NsCv!D4P\
\xb6Z\xd1\xe3N\x04\x8a\x90\x92\xfc\xf4\xbb\x97a\xbe\x10\
\x00a'\x8e\xf0\xfc\x9b\xd8G\xc2\x90\x8f\xf6\xc9\x08\x9a\
=m\x8c\xcc\xe2\x10\x13e\x999_\xf8\x14Z\xf7\xf7\
\xfe\x94\x0b\x88\xadJ\xaf\xe6d\xafi_\xc3\x8c\xa9\x96\
9\xdet\xe3\xda~YZ\xa6\x03Qp\x939\xfa\xe2\
MET\xf8v\x84D\xb1\xa4\x14\x12*\x13o\xea\x8a\
\xd7g\xaa\x9eNM\xe0\xf3\x01\xe1j\xceT\x9d\x11\xb9\
?0|\xe2\xbd\x94p\xe8\x1em\x8a\x83\x8c\xd0\x07\xd8\
\xb1\x95$v\xe1\x82v\xdel|\xc3\xe6s\xfcz\x81\
\x86\xa2\xaa\xac\x90I\xedH\x1b?\x02m\x18\x98\xb9\x90\
\x09\x13g\x15`{\xda\xdc\xf8\xc6\x86\x92\xa1\xe4\xdf\x03\
\xc2\x1a`m\x7f\xec(\xc9\xb0\xcc\x1d$\x1d\x80l\xef\
\x94K4\x82+\x1d\xcc\xe3\xf8\xc4\xa1\x94\x97\x0c\x0a\xeb\
\xa1\x0bV'\xcb]s 0O\x19 \x00\x9c\x8e\xa0\
Q\xaa(K\x82\xca\x0c\xd0\x04\xe8@\x1ct8\x93\x09\
[\xe3\xd9\xaf\x22\xf8T z\x94/`#\xa4\x88\x0f\
\x11\xb1\x80X\xd3\x11\x0a\x98\xc2\x84\x94\xa63m\xa6\xc0\
n\xb7Q\x1f&\x8c*\
\x00\x00\x08t\
<\
?xml version=\x221.\
0\x22 encoding=\x22UTF\
-8\x22 standalone=\x22\
no\x22?>\x0a<svg\x0a   xm\
lns:dc=\x22http://p\
url.org/dc/eleme\
nts/1.1/\x22\x0a   xml\
ns:cc=\x22http://cr\
eativecommons.or\
g/ns#\x22\x0a   xmlns:\
rdf=\x22http://www.\
w3.org/1999/02/2\
2-rdf-syntax-ns#\
\x22\x0a   xmlns:svg=\x22\
http://www.w3.or\
g/2000/svg\x22\x0a   x\
mlns=\x22http://www\
.w3.org/2000/svg\
\x22\x0a   xmlns:sodip\
odi=\x22http://sodi\
podi.sourceforge\
.net/DTD/sodipod\
i-0.dtd\x22\x0a   xmln\
s:inkscape=\x22http\
://www.inkscape.\
org/namespaces/i\
nkscape\x22\x0a   view\
Box=\x220 0 16 16\x22\x0a\
   id=\x22svg2\x22\x0a   \
version=\x221.1\x22\x0a  \
 inkscape:versio\
n=\x220.91 r\x22\x0a   so\
dipodi:docname=\x22\
insert-math-expr\
ession.svg\x22>\x0a  <\
metadata\x0a     id\
=\x22metadata10\x22>\x0a \
   <rdf:RDF>\x0a   \
   <cc:Work\x0a    \
     rdf:about=\x22\
\x22>\x0a        <dc:f\
ormat>image/svg+\
xml</dc:format>\x0a\
        <dc:type\
\x0a           rdf:\
resource=\x22http:/\
/purl.org/dc/dcm\
itype/StillImage\
\x22 />\x0a      </cc:\
Work>\x0a    </rdf:\
RDF>\x0a  </metadat\
a>\x0a  <sodipodi:n\
amedview\x0a     pa\
gecolor=\x22#ffffff\
\x22\x0a     bordercol\
or=\x22#666666\x22\x0a   \
  borderopacity=\
\x221\x22\x0a     objectt\
olerance=\x2210\x22\x0a  \
   gridtolerance\
=\x2210\x22\x0a     guide\
tolerance=\x2210\x22\x0a \
    inkscape:pag\
eopacity=\x220\x22\x0a   \
  inkscape:pages\
hadow=\x222\x22\x0a     i\
nkscape:window-w\
idth=\x22876\x22\x0a     \
inkscape:window-\
height=\x22448\x22\x0a   \
  id=\x22namedview8\
\x22\x0a     showgrid=\
\x22false\x22\x0a     ink\
scape:zoom=\x2214.7\
5\x22\x0a     inkscape\
:cx=\x227.9322034\x22\x0a\
     inkscape:cy\
=\x228\x22\x0a     inksca\
pe:window-x=\x22756\
\x22\x0a     inkscape:\
window-y=\x22292\x22\x0a \
    inkscape:win\
dow-maximized=\x220\
\x22\x0a     inkscape:\
current-layer=\x22s\
vg2\x22 />\x0a  <defs\x0a\
     id=\x22defs305\
1\x22>\x0a    <style\x0a \
      type=\x22text\
/css\x22\x0a       id=\
\x22current-color-s\
cheme\x22>\x0a      .C\
olorScheme-Text \
{\x0a        color:\
#4d4d4d;\x0a      }\
\x0a      </style>\x0a\
  </defs>\x0a  <pat\
h\x0a     style=\x22co\
lor:#4d4d4d;fill\
:#000000;fill-op\
acity:1;stroke:n\
one\x22\x0a     d=\x22M 7\
,2 C 5.895,2 5,2\
.895 5,4 l 0,3 -\
1.3898305,0 0,1 \
L 5,8 l 0,6 1,0 \
0,-6 1.3898305,0\
 0,-1 L 6,7 6,4 \
C 6,3.448 6.448,\
3 7,3 l 1.186440\
7,0 0,-1 z m 2.4\
707031,7.7597656\
 -0.7070312,0.70\
70314 1.4140621,\
1.414062 -1.4140\
621,1.414063 0.7\
070312,0.707031 \
1.4140629,-1.414\
062 1.414062,1.4\
14062 0.707031,-\
0.707031 -1.4140\
62,-1.414063 1.4\
14062,-1.414062 \
-0.707031,-0.707\
0314 -1.414062,1\
.4140624 z\x22\x0a    \
 class=\x22ColorSch\
eme-Text\x22\x0a     i\
d=\x22path6\x22\x0a     i\
nkscape:connecto\
r-curvature=\x220\x22\x0a\
     sodipodi:no\
detypes=\x22csccccc\
cccccssccccccccc\
ccccccc\x22 />\x0a</sv\
g>\x0a\
\x00\x00\x10\xd0\
<\
?xml version=\x221.\
0\x22 encoding=\x22UTF\
-8\x22 standalone=\x22\
no\x22?>\x0a<!-- Creat\
ed with Inkscape\
 (http://www.ink\
scape.org/) -->\x0a\
\x0a<svg\x0a   xmlns:d\
c=\x22http://purl.o\
rg/dc/elements/1\
.1/\x22\x0a   xmlns:cc\
=\x22http://creativ\
ecommons.org/ns#\
\x22\x0a   xmlns:rdf=\x22\
http://www.w3.or\
g/1999/02/22-rdf\
-syntax-ns#\x22\x0a   \
xmlns:svg=\x22http:\
//www.w3.org/200\
0/svg\x22\x0a   xmlns=\
\x22http://www.w3.o\
rg/2000/svg\x22\x0a   \
xmlns:xlink=\x22htt\
p://www.w3.org/1\
999/xlink\x22\x0a   xm\
lns:sodipodi=\x22ht\
tp://sodipodi.so\
urceforge.net/DT\
D/sodipodi-0.dtd\
\x22\x0a   xmlns:inksc\
ape=\x22http://www.\
inkscape.org/nam\
espaces/inkscape\
\x22\x0a   width=\x2213\x22\x0a\
   height=\x2213\x22\x0a \
  viewBox=\x220 0 1\
3 13\x22\x0a   id=\x22svg\
4339\x22\x0a   version\
=\x221.1\x22\x0a   inksca\
pe:version=\x220.91\
 r\x22\x0a   sodipodi:\
docname=\x22chg.svg\
\x22>\x0a  <defs\x0a     \
id=\x22defs4341\x22>\x0a \
   <linearGradie\
nt\x0a       id=\x22li\
nearGradient8517\
\x22\x0a       inkscap\
e:collect=\x22alway\
s\x22>\x0a      <stop\x0a\
         id=\x22sto\
p8519\x22\x0a         \
offset=\x220\x22\x0a     \
    style=\x22stop-\
color:#93a7ac;st\
op-opacity:1\x22 />\
\x0a      <stop\x0a   \
      id=\x22stop85\
21\x22\x0a         off\
set=\x221\x22\x0a        \
 style=\x22stop-col\
or:#53676c;stop-\
opacity:1\x22 />\x0a  \
  </linearGradie\
nt>\x0a    <radialG\
radient\x0a       i\
nkscape:collect=\
\x22always\x22\x0a       \
xlink:href=\x22#lin\
earGradient8517\x22\
\x0a       id=\x22radi\
alGradient8515\x22\x0a\
       gradientU\
nits=\x22userSpaceO\
nUse\x22\x0a       gra\
dientTransform=\x22\
matrix(-0.197116\
29,1.3554801,-1.\
3155837,-0.19131\
452,-152.05269,4\
75.30024)\x22\x0a     \
  cx=\x224\x22\x0a       \
cy=\x224.0625\x22\x0a    \
   fx=\x224\x22\x0a      \
 fy=\x224.0625\x22\x0a   \
    r=\x227.5\x22 />\x0a \
 </defs>\x0a  <sodi\
podi:namedview\x0a \
    id=\x22base\x22\x0a  \
   pagecolor=\x22#f\
fffff\x22\x0a     bord\
ercolor=\x22#666666\
\x22\x0a     borderopa\
city=\x221.0\x22\x0a     \
inkscape:pageopa\
city=\x220.0\x22\x0a     \
inkscape:pagesha\
dow=\x222\x22\x0a     ink\
scape:zoom=\x2222.6\
27417\x22\x0a     inks\
cape:cx=\x228.86127\
46\x22\x0a     inkscap\
e:cy=\x222.8830356\x22\
\x0a     inkscape:d\
ocument-units=\x22p\
x\x22\x0a     inkscape\
:current-layer=\x22\
layer1\x22\x0a     sho\
wgrid=\x22false\x22\x0a  \
   units=\x22px\x22\x0a  \
   fit-margin-to\
p=\x220\x22\x0a     fit-m\
argin-left=\x220\x22\x0a \
    fit-margin-r\
ight=\x220\x22\x0a     fi\
t-margin-bottom=\
\x220\x22\x0a     inkscap\
e:window-width=\x22\
1680\x22\x0a     inksc\
ape:window-heigh\
t=\x22995\x22\x0a     ink\
scape:window-x=\x22\
0\x22\x0a     inkscape\
:window-y=\x220\x22\x0a  \
   inkscape:wind\
ow-maximized=\x221\x22\
\x0a     inkscape:s\
nap-nodes=\x22true\x22\
\x0a     inkscape:s\
nap-others=\x22fals\
e\x22\x0a     inkscape\
:snap-bbox=\x22true\
\x22\x0a     inkscape:\
bbox-nodes=\x22true\
\x22\x0a     inkscape:\
object-nodes=\x22tr\
ue\x22>\x0a    <inksca\
pe:grid\x0a       t\
ype=\x22xygrid\x22\x0a   \
    id=\x22grid4905\
\x22 />\x0a  </sodipod\
i:namedview>\x0a  <\
metadata\x0a     id\
=\x22metadata4344\x22>\
\x0a    <rdf:RDF>\x0a \
     <cc:Work\x0a  \
       rdf:about\
=\x22\x22>\x0a        <dc\
:format>image/sv\
g+xml</dc:format\
>\x0a        <dc:ty\
pe\x0a           rd\
f:resource=\x22http\
://purl.org/dc/d\
cmitype/StillIma\
ge\x22 />\x0a        <\
dc:title></dc:ti\
tle>\x0a      </cc:\
Work>\x0a    </rdf:\
RDF>\x0a  </metadat\
a>\x0a  <g\x0a     ink\
scape:label=\x22Ebe\
ne 1\x22\x0a     inksc\
ape:groupmode=\x22l\
ayer\x22\x0a     id=\x22l\
ayer1\x22\x0a     tran\
sform=\x22translate\
(160.78572,-477.\
29077)\x22>\x0a    <re\
ct\x0a       y=\x22477\
.29077\x22\x0a       x\
=\x22-160.78572\x22\x0a  \
     height=\x2213\x22\
\x0a       width=\x221\
3\x22\x0a       id=\x22re\
ct8511\x22\x0a       s\
tyle=\x22opacity:1;\
fill:url(#radial\
Gradient8515);fi\
ll-opacity:1;str\
oke:none;stroke-\
width:3.54330707\
;stroke-linecap:\
round;stroke-lin\
ejoin:round;stro\
ke-miterlimit:4;\
stroke-dasharray\
:none;stroke-das\
hoffset:0;stroke\
-opacity:1\x22 />\x0a \
   <path\x0a       \
style=\x22fill:#fff\
fff;fill-rule:ev\
enodd;stroke:non\
e;stroke-width:1\
px;stroke-lineca\
p:butt;stroke-li\
nejoin:miter;str\
oke-opacity:1;fi\
ll-opacity:1\x22\x0a  \
     d=\x22m -170.7\
8572,480.29077 4\
,0 0,1 -2,0 0,1 \
2,0 0,1 -4,0 0,-\
1 1,0 0,-1 -1,0 \
z\x22\x0a       id=\x22pa\
th9799\x22\x0a       i\
nkscape:connecto\
r-curvature=\x220\x22 \
/>\x0a    <path\x0a   \
    style=\x22fill:\
#ffffff;fill-opa\
city:1;fill-rule\
:evenodd;stroke:\
none;stroke-widt\
h:1px;stroke-lin\
ecap:butt;stroke\
-linejoin:miter;\
stroke-opacity:1\
\x22\x0a       d=\x22m -1\
51.78572,481.290\
77 0,5 3,0 0,-3 \
-1,0 0,2 -1,0 0,\
-3 2,0 0,-1 z\x22\x0a \
      id=\x22path49\
13\x22\x0a       inksc\
ape:connector-cu\
rvature=\x220\x22\x0a    \
   sodipodi:node\
types=\x22ccccccccc\
cc\x22 />\x0a    <path\
\x0a       style=\x22f\
ill:#ffffff;fill\
-opacity:1;fill-\
rule:evenodd;str\
oke:none;stroke-\
width:1px;stroke\
-linecap:butt;st\
roke-linejoin:mi\
ter;stroke-opaci\
ty:1\x22\x0a       d=\x22\
m -152.78572,481\
.29077 0,5 -1,0 \
0,-2 -1,0 0,2 -1\
,0 0,-5 1,0 0,2 \
1,0 0,-2 z\x22\x0a    \
   id=\x22path10495\
\x22\x0a       inkscap\
e:connector-curv\
ature=\x220\x22 />\x0a   \
 <path\x0a       st\
yle=\x22fill:#fffff\
f;fill-opacity:1\
;fill-rule:eveno\
dd;stroke:none;s\
troke-width:1px;\
stroke-linecap:b\
utt;stroke-linej\
oin:miter;stroke\
-opacity:1\x22\x0a    \
   d=\x22m -156.785\
72,481.29077 -2,\
0 0,5 2,0 0,-1 -\
1,0 0,-3 1,0 z\x22\x0a\
       id=\x22path1\
0497\x22\x0a       ink\
scape:connector-\
curvature=\x220\x22 />\
\x0a  </g>\x0a</svg>\x0a\
\x00\x00\x0e\xa2\
<\
?xml version=\x221.\
0\x22 encoding=\x22UTF\
-8\x22 standalone=\x22\
no\x22?>\x0a<!-- Creat\
ed with Inkscape\
 (http://www.ink\
scape.org/) -->\x0a\
\x0a<svg\x0a   xmlns:d\
c=\x22http://purl.o\
rg/dc/elements/1\
.1/\x22\x0a   xmlns:cc\
=\x22http://creativ\
ecommons.org/ns#\
\x22\x0a   xmlns:rdf=\x22\
http://www.w3.or\
g/1999/02/22-rdf\
-syntax-ns#\x22\x0a   \
xmlns:svg=\x22http:\
//www.w3.org/200\
0/svg\x22\x0a   xmlns=\
\x22http://www.w3.o\
rg/2000/svg\x22\x0a   \
xmlns:xlink=\x22htt\
p://www.w3.org/1\
999/xlink\x22\x0a   xm\
lns:sodipodi=\x22ht\
tp://sodipodi.so\
urceforge.net/DT\
D/sodipodi-0.dtd\
\x22\x0a   xmlns:inksc\
ape=\x22http://www.\
inkscape.org/nam\
espaces/inkscape\
\x22\x0a   width=\x2213\x22\x0a\
   height=\x2213\x22\x0a \
  viewBox=\x220 0 1\
3 13\x22\x0a   id=\x22svg\
4339\x22\x0a   version\
=\x221.1\x22\x0a   inksca\
pe:version=\x220.91\
 r\x22\x0a   sodipodi:\
docname=\x22deta.sv\
g\x22>\x0a  <defs\x0a    \
 id=\x22defs4341\x22>\x0a\
    <linearGradi\
ent\x0a       id=\x22l\
inearGradient851\
7\x22\x0a       inksca\
pe:collect=\x22alwa\
ys\x22>\x0a      <stop\
\x0a         id=\x22st\
op8519\x22\x0a        \
 offset=\x220\x22\x0a    \
     style=\x22stop\
-color:#93a7ac;s\
top-opacity:1\x22 /\
>\x0a      <stop\x0a  \
       id=\x22stop8\
521\x22\x0a         of\
fset=\x221\x22\x0a       \
  style=\x22stop-co\
lor:#53676c;stop\
-opacity:1\x22 />\x0a \
   </linearGradi\
ent>\x0a    <radial\
Gradient\x0a       \
inkscape:collect\
=\x22always\x22\x0a      \
 xlink:href=\x22#li\
nearGradient8517\
\x22\x0a       id=\x22rad\
ialGradient8515\x22\
\x0a       gradient\
Units=\x22userSpace\
OnUse\x22\x0a       gr\
adientTransform=\
\x22matrix(-0.19711\
629,1.3554801,-1\
.3155837,-0.1913\
1452,-152.05269,\
475.30024)\x22\x0a    \
   cx=\x224\x22\x0a      \
 cy=\x224.0625\x22\x0a   \
    fx=\x224\x22\x0a     \
  fy=\x224.0625\x22\x0a  \
     r=\x227.5\x22 />\x0a\
  </defs>\x0a  <sod\
ipodi:namedview\x0a\
     id=\x22base\x22\x0a \
    pagecolor=\x22#\
ffffff\x22\x0a     bor\
dercolor=\x22#66666\
6\x22\x0a     borderop\
acity=\x221.0\x22\x0a    \
 inkscape:pageop\
acity=\x220.0\x22\x0a    \
 inkscape:pagesh\
adow=\x222\x22\x0a     in\
kscape:zoom=\x2222.\
627417\x22\x0a     ink\
scape:cx=\x226.2714\
818\x22\x0a     inksca\
pe:cy=\x225.1288978\
\x22\x0a     inkscape:\
document-units=\x22\
px\x22\x0a     inkscap\
e:current-layer=\
\x22layer1\x22\x0a     sh\
owgrid=\x22true\x22\x0a  \
   units=\x22px\x22\x0a  \
   fit-margin-to\
p=\x220\x22\x0a     fit-m\
argin-left=\x220\x22\x0a \
    fit-margin-r\
ight=\x220\x22\x0a     fi\
t-margin-bottom=\
\x220\x22\x0a     inkscap\
e:window-width=\x22\
1680\x22\x0a     inksc\
ape:window-heigh\
t=\x22995\x22\x0a     ink\
scape:window-x=\x22\
0\x22\x0a     inkscape\
:window-y=\x220\x22\x0a  \
   inkscape:wind\
ow-maximized=\x221\x22\
\x0a     inkscape:s\
nap-nodes=\x22true\x22\
\x0a     inkscape:s\
nap-others=\x22fals\
e\x22\x0a     inkscape\
:snap-bbox=\x22true\
\x22\x0a     inkscape:\
bbox-nodes=\x22true\
\x22\x0a     inkscape:\
object-nodes=\x22tr\
ue\x22>\x0a    <inksca\
pe:grid\x0a       t\
ype=\x22xygrid\x22\x0a   \
    id=\x22grid4905\
\x22 />\x0a  </sodipod\
i:namedview>\x0a  <\
metadata\x0a     id\
=\x22metadata4344\x22>\
\x0a    <rdf:RDF>\x0a \
     <cc:Work\x0a  \
       rdf:about\
=\x22\x22>\x0a        <dc\
:format>image/sv\
g+xml</dc:format\
>\x0a        <dc:ty\
pe\x0a           rd\
f:resource=\x22http\
://purl.org/dc/d\
cmitype/StillIma\
ge\x22 />\x0a        <\
dc:title></dc:ti\
tle>\x0a      </cc:\
Work>\x0a    </rdf:\
RDF>\x0a  </metadat\
a>\x0a  <g\x0a     ink\
scape:label=\x22Ebe\
ne 1\x22\x0a     inksc\
ape:groupmode=\x22l\
ayer\x22\x0a     id=\x22l\
ayer1\x22\x0a     tran\
sform=\x22translate\
(160.78572,-477.\
29077)\x22>\x0a    <re\
ct\x0a       y=\x22477\
.29077\x22\x0a       x\
=\x22-160.78572\x22\x0a  \
     height=\x2213\x22\
\x0a       width=\x221\
3\x22\x0a       id=\x22re\
ct8511\x22\x0a       s\
tyle=\x22opacity:1;\
fill:url(#radial\
Gradient8515);fi\
ll-opacity:1;str\
oke:none;stroke-\
width:3.54330707\
;stroke-linecap:\
round;stroke-lin\
ejoin:round;stro\
ke-miterlimit:4;\
stroke-dasharray\
:none;stroke-das\
hoffset:0;stroke\
-opacity:1\x22 />\x0a \
   <path\x0a       \
style=\x22fill:#fff\
fff;fill-opacity\
:1;fill-rule:eve\
nodd;stroke:none\
;stroke-width:1p\
x;stroke-linecap\
:butt;stroke-lin\
ejoin:miter;stro\
ke-opacity:1\x22\x0a  \
     d=\x22m -154.7\
8572,487.29077 -\
4,0 2,-4 z\x22\x0a    \
   id=\x22path10506\
\x22\x0a       inkscap\
e:connector-curv\
ature=\x220\x22\x0a      \
 sodipodi:nodety\
pes=\x22cccc\x22 />\x0a  \
  <path\x0a       s\
tyle=\x22fill:#ffff\
ff;fill-opacity:\
1;fill-rule:even\
odd;stroke:none;\
stroke-width:1px\
;stroke-linecap:\
butt;stroke-line\
join:miter;strok\
e-opacity:1\x22\x0a   \
    d=\x22m -154.78\
572,480.29077 0,\
5 1,0 0,-3 1,0 0\
,-1 1,0 1,0 0,1 \
0,6 1,0 0,-7 -1,\
0 0,-1 -1,0 -1,0\
 0,1 -1,0 0,-1 z\
\x22\x0a       id=\x22pat\
h8509\x22\x0a       in\
kscape:connector\
-curvature=\x220\x22\x0a \
      sodipodi:n\
odetypes=\x22cccccc\
cccccccccccccc\x22 \
/>\x0a  </g>\x0a</svg>\
\x0a\
\x00\x00\x15|\
(\
\xb5/\xfd`\xd5\xf8\x95\xab\x00\x0a\xd4(!+\xf0N\
\x86\xd3\x0133\xeb\xbd\x07\xfeM\xeb\xa0\xff\x9a<\xed\
\x88~t\xad\x82\x17\x98&\x7f\x93\xddd7hQK\
w<zX\x9c\xc2a\xaa\x02S\x02\xbd\x01\x09\x02\xef\
\x95j\xfa\x9c\xc7e\xba\x99{\xfb\xabeK\xa7\x06\x97\
5\xff+S\x93i\x8bV\xc7`t!\xa6y\xd6F\
8\xb62\x91\x00=\x8cq3_\x1bb\xad\xb2j\xb7\
\x96\xb9\xa9\xd5\xe2\xb37'\x1a\xab\x9do\xbd!\x9f\x1e\
\xab*\x97\x05\x90Hp4\x10\xc3B\xfd\x9b\x09\x05\x10\
\x08$\x80\x9aIC\x22a\x129\x10\x0a\x1c\xdc\x1eo\
\xa9_Z\x1a\x9d\x9f\xad4\xd9\xe2\xd8\xfa}u\x03@\
8P\xc4<\x12\x09\x0f(\xe2\x98@\x18h\x82\x85\xbf\
\x88\xbc^\xc7b\x84`?\xae;\xc3\x08\x85\xb2\x97e\
[\x86\xf6h\x97\xed]\xb6\xa9\xd8j\x85\x9d\x89\x04\x88\
\xb3\xe0@\x91\xe4\xaao\xa5\xda\x89\x84\x0c\xcc\xec\x22\xee\
\xed\xfc\x8aq\x95\x85\x02q\x81\xa4\x91\x11\x11\xa3\x91L\
\xa0F\xd2\xce\xeb\x9c\xcej\x8e\xfdo\xech\xd9l\xa3\
\x19f~\xc6\xa7\xd7\xe9\xc7\xc8H\xc5;\xfd\xfb\xdf\xbc\
/k>\xad\xb3\x7f\xdb\x9c\xf1\xa7\xca\xefV\xdc\xbd\xad\
\x0a\xbb\xdd\xb6\x9b\xb6\xa7\x97\xdew\x9e\xe7\x8c\x8f\xeaZ\
\xa7\xe0`\x1c\xefx\xc79\x14\x1aEDE\x9f)\x94\
\xc46\x13\x87#\x92xp\x8b\x88\xc8\x89<\xc8\x00\x16\
P$=\x11\x91$\x12MrY'\x11\xcc\xc3\xc30\
\x9a\xe7\x890\x9c\x06\x031\x001\x8dN\x1cM\x03B\
\x84\x08S\x944  \x12\xc5\x02D\xa2\x98D\x0cF\
\xe1\xaa`\xa0\x02\x09\x1a\xc6y\x9a\x07\x14N\x02\x0aE\
\xf3\x880(\x9a\xc7q\xa4\x08\x8aH \x9a\x9a0\xa9\
q`&\xa9!\x91\xc0\x884\x16\xac\x8a\x08)\xda@\
\x92\xd6\xb2\xc5a\x22\xa1\xe1D\x0c\x0bN\xc3\xe0\x9aH\
`\x88\x1a\xce\x83b\xd20\x18\xc9\xa4y0\x90F\xd4\
(K\x09L\x90\x80\x22j \xd58\x1a\x06\xd4\x10\x99\
\x94\xe4\x81X(\xcc\x0c\x13\x04\x13A\x22&)!*\
\xd0\x14\xff\x7f\xf9\xe0h@\x01L \x13H\xe4\xf1\x88\
0\x1a\x07\x87\xc1H(\xaeN1\x89 \xcd\xa3y\x1a\
\x05\xa3\xf1@\x0d\x92D\x02\xa3\xb1\x98@\x14Ei\xb0\
\xe00\x81\xd0\xa0A\x84\x94\x14\x07\x8a\x05(RN=\
<<(\x14\x0bI\x141\x0c\xa04\x12\x861\xc1\x00\
\xd2\x80\xc2\x109\x0fJ\xa3\x89\x98\x06B@I\x09\x00\
\x08\x0d\x22\x14\x90\x88@\x12\x09\x0d$\xf20\x0d\x08\x13\
M\x94\x84\xa7\x05&\xa0 \x91\xb0\x00q\x1a\x11\x06\xa4\
Q\x12V\x97H\x80D\x9c\x09\xd48(\xcf\x03\xa2\x00\
\x08\x01\x09S'N\xd9\xa9S\xa6O\x9d<q\xb2\xc4\
\xcd\x96l\xfd\x12\xaeg\xd2\xf5L\xbc\xee\xc9\xd7=\x19\
\xfb%d\xf7\xe4\x89\x13\xfa&K\x9d>e\x1b\xb7]\
\xb2\x948y\xd2\xe4I\x93\xa6M\x99\x0e1q\xd2\x94\
\xe9\x93S\xa7\x94\xe9\xd2'M\x960\xa5\xf4\xb8\xb8e\
\xca\xda\x87\x0c9\x1c~\xb5\xba]\xf9\x9b\xcb\xaaV\xb6\
]\xab\x86\xe9\x8c\xe7\x5c\x8d}zlnz\xec\x88\xfd\
]\xcciW\x96z\x88\xac\xab\x059\x1c\xdf\xcau\xc7\
\x8e\x9fY\xec\x00\xdd\xb4\x9e5\xd3\x92\xff\xc7[\xd6\xd6\
\xbc\x9f\x85n\xbc\x8cX\x9b\x16OM'_\xe3\x17.\
\xb8\x7f\x8bY\xf7\x8a\xbb\x8blz\xd5\xff\xaf\xba\xdc\x99\
\xdc^\x9a\x9d^\xaf\xffxV\xba\xa0\x9e\xed\xa54\xde\
\xed\xb66\xbe\xc3;\x07\xfd\xcf\xc5k\x98\x16\xc6\xec\xc6\
rM\xbe\xdfe\x88\xebZ\x88h\xec\xfc\xc5\xf6\xabi\
\xf8\x9f\xf6\xef\xfen\x8e\xce\xad\xed\x0e]\xc6\x81\xed\xca\
\xc8\xc6\xfci\x9e\x1c\xf107\xd1}\xcb\x1c\x9d\xdc\xda\
Z\xd9\xcc\x9f\x9f\x19\x8d\xc41?6\x18\x0d\xf4d\xc7\
\xcd\xb6\x8e\xeb\xba\xce\xeb\xben\xec\xc8\xae\xec\x9a\x96\xe8\
\xbc\xbd\x99z\xbc\xa8i.\xe8\xf9k\xb7\xe6\xebY\x99\
\x1a\x8d\xed\xb9|\xf95e\x7f\xcf\xf2\xc3oW.<\
\xb6\x5c\xefNT\xef\xd7\xdf\xcfC+\xe3gD\xceR\
\xb3\xbb\xec\xed\xc7\xd4~\xacT~\xfb\xedBL\xbe\xdd\
B\xcd6n\xfb6tc7|svtwGl\
/\xbfO\xf4\xfd\xb2\xee4T\xdfc\xe6\xbf\xb5\xee\xfc\
B\xc4e\xbbm\xf1\x01\x9a\x88y\xa2\xb7ul+\xb4\
\xcd^\xac\xbe\xbe\xe4V\xbb\xb4\xdd\xffS+\xdc[\xdc\
\xf2\xb2\x90=-\x8by\xa6\xe9e~\x87\xd8h\x99\xb9\
\xe9\x13\xdbq\xfb=\xf3\xb2\xf8\xcc\xd0\xb8\xfe\xfa\x03\xa5\
\xb7\x89hK7V\xea\x15\xa2{\x16\xb3E`\xd9\x9d\
r5\xaa\xb9_\xa5\x1a\x1fW\xee\xf5\xe6Z!\xa2%\
\xb0\xdd\xcd\xb7:\x1d\x5cj\x1e>k\xae\xbbd\x87\xa5\
\xdev\xbb\xe5\xb8\xd8\xe5r\xb6\x5c\xea\xeb\xf69~\xf1\
\xea\xdd\xb7\xa1!\xbb\xea\xdf^\xfd}\xee6z>\xa7\
s=.\x86\xef\x98\x94g;u\x0d\xb7=\xfb\x18\x10\
\xb7\xc7\x0c\x92\xfeY}\xa2^\xe5\xf2\x9f\x95\xac\xbd]\
\x9e\x87\xac\xb0:\xe2b\xca\xa3\xb0\xa7k\xa7\xe7\xa6\xba\
-\x98\xcdZ\x96lQ|\xbc\xac\xd3\xa4 \xf2\x82\xac\
\xbc\x5c\xaaP\xee*\x03c\xcb{\xabK\xb6\xa8U^\
R\x96l\xec\xde\xb2K\x8a\xfe\xb1f\xddb\x0aCY\
\xaaUI\xad\x08d\x08\x12\x81,\x1a\x0c\x22P4y\
\xe0 \x80\x01\x16\x0e\x06\xc40D\x8c$-\x16%\x9a\
F\xe4!i\x88@\x0b\xa7D\x9e\xa7qp\x1cH$\
<\x8d\x02\xf3,(\x224O\xe44\xf0<N$\x81\
\xc2y4\x90\x02\xc2\xf3\x80 \xe0\xe1D\x88\x98\x05\xa3\
\xd1\x10Q`0\x80\x22\x16,\x18\x8c\x05\x12\x88`\xe1\
h$\x9a\x89\x98\x06\x135\x0f\x08M\x06\xce\xc3\x81`\
\x1e\xab\xd7\xe6x\x09\xe2<4\x93\x87\x81\x16\x1e\x22\x0c\
\x93k\x22\x98\x07\x82\x1a $\x0d\xd9\x9a]\x87\xdd\xa8\
\xc7\xc5\xe9\x91H\x06\x98Hx\x884\x18\x86\x895`\
\xa8i@\x11\x85DB\xb3\xc0H\x18\x85\x06\x0f\x8d\xe3\
\xd0\x988\x9aF\xf7m\xf3\xf9\xf2c\xc48\x0eM\x02\
\x8d\x86\xe7\x00\x08\xe3L&\x0d\x0c\x03\x8d\xa3o\xa1&\
z\x1c\x07\xe3=+6\xe2\x19\x1e\xf6'\x9f\xdf\xb1\x19\
\xd6\xad\xfan\xe13\xdf\x9d\x97\xbd\xfb\xea\x1d\xdem\xbf\
j\xf9\x1a2b\x97\xde\xed^]k\xb2\x99\xa7\x16\xba\
\xdd\x22\xeb\xb1\xd5;\xe7-;\x18\xbb\xecZ\xb8\xb94\
\xe7r\xb6\x19.~\xa1j\xa6\xdbV\xff\xda\x22\xa3\xe7\
\xf9\x96\xf7\xa5\xc5\xb3\xbf\xcb\xb1\xcf\xf8\x93=\xd1\x16\xef\
]\x11\x19\xbb\x15\x0a^\x84\x83>\xee/\xf7\x5c\xf6\xfd\
\xb9N9-kxo\xc7e\xaa\xb6\x9e<mr\xff\
\xe4i\x13\xa6N\x9b6e\x0d\x22,8L\x14\x10\x16\
\x14\x10T{?s\x8f\xcb\x117\x91k\x15\x11\xd5]\
?3MW\xf7\xf1_\xf5W\xb1u-)\xbb\xe8*\
\xba\xb8'7\x96*\xcb\xbd\xaeY\xe7m:{q^\
j\x9a\xfa\xae\xae\xb9s!\xafooZq\xab\xad\xed\
\xe1\xbd\xd6\xb3*hnk\xf5k\x7f-\xaa\xb7\xefY\
!\x1ac:\xc3\xe1X\xb6m\x5c\xf8<\x97\xbfUN\
17\x15\x11\x91?\xdf\xfe\xf3\x94\xf9\xb08\xf3\x0d\xd1\
\xca\xf97\x13\x17_mV\xfa\xd3\xcdo\xb1O7\xef\
\xafNa\xe7Z]\xccG/<D\xc7\x08h\xed\xde\
\xcb\x9e\xf5Wk\xb5\xcd\xff\xb2\xf4\x8d\xcf\xec\xcc--\
\xdel\xd7\xd6\xd1\xed\xc2\x82\xba\xad=\xe6\x92\x88\xcf\x95\
i\xee\xaa\x9e\xa9\xf8\xb2\xac\x82\xc9{\x85\xc8\xa6\xd8\xa5\
\x98\x14\xcf\xb7\xf2+o?\xbc\xc5:\xb7\xb2\xa5\xbbw\
U\xdd\x10\xd7\xb9\x15\xaf}\x1dd\xe7\xa5z\x97E0\
\x10\xc44\x92.\x9c\xc7y\xd8\x9a\x03\xb4\xdf\x7fE6\
\xf3\xfd?\xe5-v\xbc\xfdB=\xf5\xda\xdb\xd7{\xbe\
\xcf\xea\xdc\xc6\xb2\xd7\x5c\xff\xdcBLJ\x9ec\xb1.\
\xf22\xd62\x1c\x87\x93\xd2\x03\x01\x16\x0cP\x18\x8d\x04\
J)P\x0f\x14\x02e\x80\x00\x8b\x88\xc7y0\x8e\x06\
\x06\xb3h@0`0\x0a\x89\x814\x0f\x91\xc7\x015\
\x0e\x91\x07\x10g!\x99<\x8f\xa3\xe0L\x1c\x07\xa8\xc1\
\x00b\x1e\x0f.\xcb\x16P\x84\x81\x01I\xd0\xb3H\x91\
\x03=<P\x88&\x93\x06Z\x88@\x92\x84\x01#\xf2\
(<\x80\xa2\xc7i4\xa0\xc8\xc3\x02d\x92\xa0&\x8a\
\x9a\x87!=\x80\x22\x8c\xa6\x11AL4Y@\x16\x9c\
\x87\xb1\xa6\x01qR\x04\xd1D\x0c\x8c\xa8y\x88 \x8c\
\x031\x0e\x0fd\xf1\xe0\xd1\xe04\x9a\xc7b\x92\x22H\
\xc44\xf5\x18\xd9\x1c\xbbZ/r\x9d\xb2\xed\xce\xba\x8b\
\xe7e\x8aZb\xf5\x99\x7f\xf1m\xa7\xe6\xe5\xdb\xac\xdb\
\xfc\xd0\xed.\x7fk+\x93\xf2P\xfe^\x11\xf9\xf0\xae\
\xcb\xdaY\xdd;q\x1bo;\xbd\x0e\xdfW11\xfb\
kqQ\x16\xc3\xf3\x0e\x85w\xa8Sf2MNR\
\xe7\xa0\x19)H\x92\xa45\xc3\xb3(\x1c$\x95\xc9\xa3\
\xe38\x0de\xfcC1\xe1i4\x10\x0a\x84a0\x98\
\x0c\x06!\x0c\x03\x91\x08\x82 \x0c\xc2 \x08\x82!\x0c\
\x85\x81 \xa2\x88EP\xf2\x01:\x04\xe9C\x13\x90\xbd\
\x83:\x8c\x1f\xf7 \xec\xbe\xd2\xed\x97\xfb\xe2l\xb07\
\x16\x16\xa3\xd9\x0cq\x1a\x16\xac\x93=\xe5U\x93hh\
\xc8\xdf\x80\x84m\xf9\xb2\xad\xb4hz6\xcdbd\xcc\
f\x05\xb3I\x1b\xb9\x82\xd6\xdfi\xd4\xe4\xa2\xdc;-\
\x12\xf5\xab!\x1bw*RC\x98V\xd2zf\x80\xe6\
q\xf6\xa06\xb8\x99\xab&^\xc1J\xbc]\xc9 \x8e\
\x8d\xe0?\xd1\xf77a\x18\xcb\x86bc\x07cz\x93\
\x9d\xf7f\xff\xf3\xe5\x0dG\xd6\xd3\xfc\xb8\x03\x9f\xd6]\
;\xe9\xa4\xc8\x15\xf0\xf9?\x01\xb2'\xb6\x17\xb4\xe1\x01\
\x0d\x06l\x17\x97v\xde\xdc\x1f\x15\xbc\xe8\x97\x9c4\xe1\
W\xb9t\x02%\x81`\xe1\xe6\x86\x9d\x19=h\xcd#\
-Hu\xe0\xa5\xc3I\x80C\x8f\x90G\xba\x13Iy\
\x9bC2eMo\xb7\xed5\x82\xd4\xb0\xc9\x97\x89\xf6\
m\xe0\xb1\x18\xb8\xea0Yv\x1a\xe2\x08\xfc,\xa7\xf9\
p2\xb4\xc1\xf9j\x0bfl:\xd8\x98\xb0\xe5q\xb3\
X#N\xc7U\xec!I\x96\x22\xa0\xb5\xd8\xfd\xf4%\
\xb3H|\x09MsYM[\xf1\x04b\xb7\x0f\x9d[\
4k\x92;C\xd8\xb1b\xad\x15\x17'H\x8bpR\
\xf9J\xd4:\x167*\x80DF\xd5\xff\xb3\x00k\x8c\
Bo\xfc\xc3\xf3_pl\x9b\x10qD\xc8\x14\xbbQ\
bz\x13\xe7\xdd\xe2\x04\x02\xb2kT\xa8\xa9\x18\xe9\x22\
\x84\x85F\xb1\xae\xaa\x92\x1c\x87[\x0b\x1f\x15$\xff\xa9\
\xc3\xbaNB\xa8\xfc3\xebS0\xb0\x7f,b=\x1e\
A+\xea\x7f\x0eKu\xa4\xf1\xc4\x0a\xd2=n\x93y\
\xe5\x00\xed\x96P\x17\xba\x18\xf3\xf2\x1fg\x8c\xc4g\xfa\
C\xaf\xa5\x15,\x05\x06t&I\xcc\x03\xf2\xc0i\x09\
%\x10\x80\xff\xb7K\xca9>\x033Z\xe8f\xe6\x83\
\x1cs\xecS\xff\x9b\x8b\x8b&\x90\xfd>\xa6\x86H\x86\
\x13\xb6ecG&Xf\xe1\xde39\x1e\xd1\xf6)\
\xe6\xb2Zc\xda\xf71\xad\x8f[\xad:\x18\xf1\x042\
\x87\xf1\x8c\x5c@-\xc7\xf6\xa8\xc83|\x7f\x8ebI\
w\x89\xe9M#Lr\x9ab6\xdf\x02\x1a\x84 3\
'\xf6)`\x88\xd5i!\xe6\x95\xe8\xf2h\x80\x14\xb2\
\xa4\x00\xadk\xf3qU\xd7\xeb\xf3\x95\xcd\xa6\x03\xe2t\
y\xb0\xef{\xd2\x06\xf1\x8bp\xd9se\xcd\x86\x08\x85\
\xd1*pR=\xf6\x958@\xa2\x22\x09\xb7\xcf\x18\xa2\
\xfb\x1aX\xfc\xe13P\xba\xc8\xde\x0fP\x06\xc7\xcd\xc2\
\xee\x02\x81\xe4M\x9e\x7f\xa8\x94\xfa?\x8e:!\xd6\xd8\
\x0f\x11'\xc1\xaa\x0cx4O$\x16v\xf5\xc2\xe1\xef\
+08\x18\x89\xe4%\x88I\x0e\x86n\xebA\xce\xb9\
pR\x0e*W\xc7\x9f{6\x00\xf5\x18I\x85\xe8V\
r\x12\xcc\xe9\xe7\x17%z\x0f\xe3H\xd9\xa9\x07\xb4\x84\
FE\xc0\x8c0\xee5\xe9\x15\x5cH6\xfa\x81\xb9`\
x\xba.\xc1Dy\x04\xc8$\x8a\xcb0\x9f\x01\x22\xa3\
\x8d>.\x83\x5c\x83}\xc5\xff\x06\x871i\xddyr\
\xfd\xabp\xf2r\xf6)\x84\x1b\xcdk\x1a\x86\x22\x16[\
O\xd3\xd1U\x0e\xb35\xac\x01\x9cAe\xd5\xef\xc3\xe6\
Q[\xa0Vo\x97\xa8\xa8\x92\xa9\x05zf\x1c\xd2\xc7\
\xf8A1\xe4\xd2l\x1d\x8a\x02\x84#p\x15\x06\x03b\
\x86\xc0\xb0\xcc\xaaV1NB\x98\xb5D\x82?3\xdb\
\xf2\x9a\xc7\xab\xf3\x98\x0c\xae-\x96\x1f(KF(\xcd\
\xfa\xc8\xd6\xbc\xd1\xf5\x08\x0eGL\xd2\xa4\xc1\x16< \
WN\x96\x8c'\x01z\x09\xbe\xfe\xa1\xa6oU\xf3\xa4\
\xdf\xd4$\xb9\xf9\xe0/b\xf4\xa6\xfa\x10\x17\x83\x0fl\
,\xd9p\x93l5\x92\xfe\xf5}&\xc1\x080\xb4B\
[$\xb9\x11\xd6l\x90r\x8e\xc0\xa5\xe6^\x86M\xb3\
a\x06\xfa<\x85\x94\xa3\xefU\x9e(\xde\x0d\xcb\x0f\xbf\
N\x05\x17f|@\xbe\xdd*\xa4|\xe8\xe7{\xef\x9f\
k\x92\x22=\xb2\x8a\x0d~S\xdd\xd7\xab2\xbdje\
\x14D\x0bd\x7fi\x01\xa4\x111\xab\x90qxYU\
\xac\x1c\x0a\xb4\x8e-\xc6\x084\xceM/J\xaf\xbf\x1c\
z\xa8\xef\xeb&l~\x86T\xc8,LQ\x1a\xc8\xb8\
I\xa2\x9fK`,\xc9\x9c9>\xc8\xac\x83\xac\xa6\x9b\
\x1a\xab#\xfbe\x1e\x1b\xd7Z\xbfRt\xeb\xfc\xa2L\
\x16|$a;/X-Wl\x9f\x88\xa32\xef\x04\
\x02\xa9o\xb4\xaa\x01\xad\x8c;\xa6F@\xd2\xae^\xe7\
O\x86\x08~|\x9d\x15=\x0c\xfe\xe1\xdf<\x8d\x1ep\
\xa2\x9c\x14\x9d\x03\x92\x0e\x0aN\xbf5y\xea\xa1@&\
\x93\x15KFE\x95\x9aH\x14\xf2\x97\x83\x9e\xcb\xb7\x87\
\xa7Q\x81\xe7\xa6\x1f\x22x\x94D\xb4\xc9\x93\x84\x1e[\
H\x93\x86\x16\xb0a^\x1dj>)\xa7\x05\xeeN\xef\
\xcf-\xeba\xeb\x1c\xcc\xcb\xbbjw\x82\xdc\xa0r \
\xa8(\x1cb0i\xf7\x8f\x1a\xea$\xa3\x84z\xcf\xc7\
\x93\xc2IFB\xcc\xf2\xc9\x83\xe45\xfc\xc5\xb5\x11\xde\
C.\x01\xfe\xf4\xee\xe3\x00T\x0cY\x93\x1f9\x91\x9c\
\x97r!\x9c\xc6\xda\x1c\x86-Ph\xf9\x1d\x83\x10\xbc\
\xa3 +\xab\xd4\x06\xb1\x01\x0e\xd6\xac\x86`I\x95\x93\
\x0bK|s\xd0+N\xe8\xf4\x19\xf3\xfe\xba,\x8f\xc0\
W\x14W\x18\xa2\xe6\x05\xdb\x07\x02\x81\xe4\xb4\xdf|\x0c\
\x80R\xa6$f\xbe\xc2m\x11vP\xeb9PO\xf1\
\xc3*i\xb02^\xab\x91bc\xb5q\xfa\xee\x08\xb9\
\x0b]\x12.\xd1PQ\x93\xca\x98N=\xe0\xda\xf4\x1e\
\xfd\x96\x84$X\xf7\x94\x1f\xc8\xc4\x9b\xcf\xb2\xafRv\
/-\xd2t\x90\x12\x8d\xee_\x88\xe5.0\x05yb\
\x10C\x06\x1dv\xbc\x17E\x9aq\xd8G%N\xe6\xa3\
\x8a\xc8\x0f\x08\x80\xb6H\x0e#\x02\xa5\x08\xc3j\xe6\xca\
RBm\xa6\xf8\xadbd@\x18p\xc4P\x0f\x06I\
\xd5\x0a\xa05\xdf\xc8\xcexq\xde\x84\x8e\xc46)\xf1\
\xb2y\xa2zv;l\xea\xfe\xcb_\x1c\xfe<\xb1\x93\
G\xdce\x18\xbc\xe5h8\xdb\xeb\xdd\xa9\x84C\x96\x90\
2\x01\xe7\x95\x92\xae6i\xa6Z\x18\xbc\x95\xbe\xa9\xf7\
\x8c\x14\x8f\xc8\xe1\xbe\xdd\xbe\xcc2\xdb\xf5_\xaeWr\
9\x16GW\xdd_\x05#\xff-\x9b,\xe1\xb6\xcc\x8b\
\xeb\xb8~)n\x10l\xd1\x88\xcc\xa4zi?\x16\xe2\
tz\xb8\x18\x0a)\xe6o\xb0\x98v\xe5|\x87|B\
\xed\x16W\x9e&\x983\x1b\x8a\xd5t\xba\xdan\x0a\xf8\
\x1fx+o\xe8D\x153w\xc1\x0f\xc1{\x1dzh\
\xec*\x0d8\xf7\xa6\xa1\xb9c\x9e\x8eg\x17iR2\
UC\xc2h\x17\xf8\xec[`\xd6\xf6Z\xab\xe2X\x07\
\x0b\xcc\x978D\xf1\xa7nS\x99O\x22\xa3\xf6a5\
\x90\x95\xe3\xc2\xe1\x0c\xcf\xd7$}\xa1w\x9a\x94\xaa\x1d\
T1N\x91\xf4\x11HL\x7f=S&_.\x96\xd8\
\x05\xc8+\xe0\xc4\xb8\x09)\x92T\x99gK\xd0\x9a\xa1\
\x8eT;\xe2\xae!\x99a1\xb0i\x00\x0a`\x925\
6g\xc6\xca*T2\x85<\x7f\xb5jV\x18'\x0f\
\xc6rU\xa1\xcdf-b\x00\x15\xe14\xcd\xc4C\xeb\
\xfa\x14>\xce\x86\xdc\x145X\x93 6\x89&+\xd5\
\x8c\xc2J\x83\xc3]\xa5-\xf2%\xd1\x97\xaa\x84\x9e\x13\
\xaad\x954\x95\xdc\xe1\x22\x95\xaa\x0e\x89J\xc3\x8c\x80\
J\xdb\xb0<%\xd9*\xa7\x04(\x11M\xe9m\x8b\xb6\
cJ}\x19\xb1\x94\x22\xa1.\x1f\xa5D\xd7\x11Ii\
\xc9\x0bR\x12\xb9;J\x80\x14a\x94~\xd3R\x94l\
\xcb\x88\x928\x85\x89\xdb\x86\xd26\x19\xe5jD\xa1\xce\
t5\xa2P#v5\xa3P5\xe5\xaa\xf1\x16\x88\xc6\
d\xd2\x06\xff!&\x097\x82U\xe7{Iu\xbe\x8b\
M\x02\xd2\x92\xe2R\xe6\xa3\xe5[I\x03\xf1\x90\xb8\xdc\
\x97\x92l\xe3|?48IHGO ?(I\
\xc3\x81}\x0f\x07#\x09\xdduL\xe6\x02!\x091\xf8\
\xee/{\x19n\x17\x0bTDc#y9X\xf9!\
\x22#\xe5\xab8].\xd2$g\xcc\x95\x1c\x1b\x15i\
\x16j5\x18\xf9&\x92AL\x22y?\x22\x22\xd5\xed\
\xc8\xa8l\xe3!)fdKC\x9a\x19\xc3YD\xcb\
\xb7\x90&\xac.\x9c\x1c\x91\x90\xcc\xc5\xac\xdf\x1a\x07\x89\
QD\xc6\xea\x1b\x05\xa9\x048K\x917\x06\x92\xb9U\
\xd5#\x11\x90@\x8b\x93-\x15{\xd6!\xfa\x91_\x0f\
\xc6\xf3\x10\xfb(\x8b\x87+\xbb\x11\xf9\xc89j\xf0\xcf\
\xc8=\x12\xdaS)G\xaa\xdc\xd2l\xfb\x98\x8e\xa8G\
\xbe\x8b\xff\xcf\x19\x99G(\xea\xf9\x83\xd1\x88x\x04\x97\
y?G\x11\xefH\xbc\xa6\xc0\x17\xd1\x8e\x8cVUK\
I\xac#na\xbc\x11[@:\x9a\x02\x04j\x01r\
\x95\x19\x106\xe4\x0d\x09\x18\xa9\x04\xca\xa5\xcc\xf0\xd9\xff\
B\xb1\x11\x05\xf7\xee\xaa\x7f\xa6\x10\x96G\x83\x86?c\
\x06z\xc4\xc6\xd9\xf1\xb9\x0a\x8a\xe6A\x90\xf7d\x12~\
zLy\xa0\xff,\xc1nS\x9e\x8c\xe8\x8e\x14\xfd!\
<\xfc\xb7\xe8J\xe0W\x87\x8d\x98\xb0\xed*\x97\xbbx\
\xd71\x15b\xaf \xc6\x83n\x81\xb5\xec\xd0\x8e\xcbp\
\x1e\xdd\xee+&\x16\xd9\x97G\xf9\x88\x00m\x10.G\
\xdf\x1f\x99fQ\xc8\xc63\x0e\xd5\xad\xb6AXz\xbe\
\x13\xf4\x09s\xf8\xd08|\xec\x9d\x0eP}h\xf9y\
\xf89\x92\x11\x10y\x9d(\x81r\xe5LM\xfe\xe9\xac\
\xdcn;h5\xa2\xac\x88/j\x8e\x0c\x8b\xda\x1d\xa1\
v\x81\xc5\x9a\xfe\xbd\xe18M\xac\xf0\x08\xd1\x9c\xe5\x7f\
\x92A\xf5\xad3\xc8\x84\x93\xe5F\x89\x8b\xf92\x8f\xee\
\xe2\xa7\x00y?\x96C-R\xea%\xf3\xc9\xd7\xe13\
]\xe2gO\xa2\x89\x15%\xaf\xc3\xee\xe0\xf2\x1a\xa8\xe4\
\x88\x92FJc\x82\x96(@\xe1\xf9\x112\x00\xb2\xe1\
B\x7f\xc2\xd7\xc0G-\x10H:\x0d\xcd\x82\xa2\xf9\xc8\
\x03\x0d\xcb\xaf<\xa1\x0a\xed\x19\x863\xfa\x18\x9a\xaa.\
D@kRJ\x17n\xd4\x88\x0e\x8b\x1d\xfe\xdcE\x0c\
\x133\x8a\xca\x05\xe2\xc7\xfd\xd1zo\x03\x22K/=\
\x0a\xe8\x7f \xa5\x13q\x10\x9e\xb8\x1aH;A\xa5,\
:\x09\x22c\x86XZ\xa6\xee\x10\xddC\x14\x16\xa3\xff\
\x8cEf\xc4e0\xaf\xe0F\x22\x09\xa6JG\x22\xcb\
\x8bD\x03\x99H\xf4\x19:\xc9\x08\xdf\xb1\xebWZZ\
T\x95\x90=\x04<\x1fjs\xf9\x066\xb0\x81\x15\x16\
\xf3\xf9>\x8c\xc6\xe6I\xee\xf3\x09\x18$\x0e\xc0\x92N\
/\xe4^~Z\x136\x7f\x8el\xc7\xfc\x09\x92%\x8a\
\x15 [\xca)\x86\xa7@\x8af\x00h\x905M\x9a\
\xa8.\x1e2\x82\xb6jy\xa4\xab\xc9\xc3z\xae\xbct\
\xcbWv\xf5\x16\xff\xfd\x91\xe1\xe9\xcbX3\x08\xa4\xbe\
@\xc6\xca\xaa\x1a\xb0\x98\xa9\xa7\xcfd\xcf\xf9\xd5\x98W\
\x8a\x93\xd1\x0f\x0cf $\xfb\xd5\xae+\x8aa@\x8b\
\xe2'E\xefVO24\xa8\x93=\x16\x9a\xb2%\x8b\
JUZ\xb5\xd1`\x89%\x01\x15opg\x05\x07\x96\
;\xef\x86a\xba\xd3*\xcf\x14.s\xffZ\xc7\x01\xf0\
~*dS\xa6\x1c\x94:,\xb1QV\x01r\xc2\xb3\
1W\xa5Ng\x01\x19`:1\xf3c-\xdd\xaeQ\
$\xdaq\x17\x80H\x82\xeb\xe9\xd4\x8cB\xa2\xb8bq\
\xd7\x99=\x19\xfa\xdbGt\x90\xacJ\xd87\xea\xfe\x1e\
\xc8\x94\xd0a\x1a\x8d7\xef\xc4\xd1\xa9\x87\x01\x1b*\xe9\
o\xdc\x01\x0a#`\xb4\x9d\xed6\xe7\xb8\x95dF;\
O=QK\xa1\x8e\xday%\x9ft\xf9|t8x\
\xb5\x06s\x11\x0c_JOz\xbf\xee\x81\xb1\xdc\xdea\
H\x9d6:\x07\x09J;\xb6T\xd2z==\xd3\x8e\
\xdf(\x15\xc59\xe5\xf4_\xbe\xd03\x8aQ\x85ok\
h\x87\xf8\xbb\x03\x92\x7f\xd4\x7fE)\x8f\x92\xfd\x9a~\
\x05\xe0\xf6\xe9\x1e\x9b&X\x85\x95_\xa8\x03\x07\xfd\x89\
k\x0eE\x14#A\xf0\xb3rK\x85W\x8d\x91\x8d\x80\
'\xe7(G\xb2\xd0\x19mp\x10\xb3\xe6{\xcf,\x9f\
\xf0\xdc\xcf\xe4\xb3\x9a\xd0\xde1\xe4\xfc\x00z\xad}2\
\x0c\xdf\xc8w\x9e\x0f\xbd\xe7\xd6C\xbd\xd71m\xceu\
 \xd3\xae\xddT\x1a\x81\xcc\xf9l\x0b\x9f\x8e\x1e\xa3\xcf\
H\xfd\xe0dlf%\x9d/\xa9,\x10\xe6\xd1%N\
Xc\xa7\xde\xe3\xa4\x19\x17$\xdb\xa7\x0f\xa0\xf2,\xed\
$j8(\xe29\xe7RE\x86\x96S*#`&\
\x83\x16\xfe\xf5\x03\xc7\x07*\x1a1\xb6G\xd7\xda\xad\xa2\
\x13k\xdc\x86\xddg_\xd3\x1b\x87n\x07\xf4p\x96\xd4\
\x1a[\x09\xa3qa0\x92>c\xc8\xb4\xfd%\xbd\xaf\
.\x8a\xf1*\x9e<)a)\x08\xfaT\x9e2\xf0\x8f\
\xf1\xd0\xba\xd5\x97ws\x8e4wv)\x9eb\xa0\xd6\
\x7f,\xd0i\xa2\xd7 \x93l\xa2\x1db\x19\x94\xa7T\
a\xb6W\x9c\xcb\x8cG\x0cH\xc8\xc3\xb8\x81\xad\xbc\xa6\
LQ\xaa\xb5\xdf\xecd\x86\x0f\x9e\xb9#Z\xca=%\
\xb2\xe9\xa1\xfbfl\x92\x1cx\xb1\xc9\xf7R\xcd^\xce\
G\xde\xa0<\xcfqy\x13\x8fg\x99(?\xac\xfe\xc7\
\xe9\x10J;9\xe0S\xd2\x94\x0b#y\xae-\x8f\x0e\
\x87\x10\xd7\x00N(\xce\xe9\xebBm\xa2\xbd\x0d_\x1a\
F\x1ck\xfb\xc2!\xc4\xa3\x5cB\x08\x7f\xe0\xc8#M\
MD\x08\xbd\x0d\xba\x1a\x94'O\x82\x08\xeb\x14\x15\x81\
\xcd\x81\xf6\x94\xa3\xf6E\xd4\xe4\xc6F&\x8a\xed5\x97\
g\xa9\xfc=\xe8\x05\x0a\x09\xfb\xa9\x22@\xb1yx\x1d\
\xdbR\x96\x0eK\x03\xb1\x0fJe\x01,a\x87\x9d\x1e\
\xd3a\xfa\x1b\xc1\x82\x19\x18\x09J\x032T\x07\x1e\x9f\
\xe04r\xf5\xc3\xbe?\xd9\x1a_\xb7-9\xd1\x14#\
\xa4E\xf2\x0f\xda\x7f\x1d\xc2\xc0\xbfq0K\x181\x8a\
\x80\x1a\xcc\xed\xba]>\xfc\xb0\xe9\x0a\
\x00\x00\x0c\xe2\
(\
\xb5/\xfd`\xb4Y\xc5f\x00:\x88\x5c\x16*\x00K\
hu\x1b\xa9\xde\x00\x15\xadMcf\x7f\xa2\xb8\xfe\xf7\
\xd6\xee\xc7\xdd\xfc\x0aM\xc5M\x99\x9b\x92\x92\x89\xa7[\
\x81w.\xfd\xa7\xfe\xf0\x02\x87\x01<\x01c\x01\xc9\x22\
\x17!Y0\xda\xc4\xa0\xa0\x22\x98\x07\x88I\x16P\x02\
Y\xb9\x87\xeb\x10\x95i\xae\xafeu\xc6S\xdfd\x11\
=\x8dg\x92\x96gfx\xcc\x9e,\x22@\xc4\x8cH\
\x86\xf9y\xad\x0bQ \x10\x10<\x1c\x9c\x8d\xa8\x9a\xf6\
x\xe46\xcb,g\xc8\x1cn\x9aqd\xcc\xc22g\
y:;\x0b\x0b\x8c\xadt\xf5\xa5\xce\xbe\xb9\xfc~\xb8\
\xea\xa8\xb8\xdc4,\x1b\x19\xac\xab\x8e\xa8\xda^\xd9\xfa\
n\xe3\xb0\xf6^\x8d\xb9\x09\x84\x91\xcf<\xa1\x80\x9eN\
.\xd68\x89\xaaQ\x0c\x86\x94(HED\xf5H\x0a\
:ua\x1b\x82b\x92 \xa9Y\xa0\x88\xea!UT\
w\xef\xe30\x93\x01\x13\xd3\x98b4Ga\xc1E\x13\
\xf3\xb04\x1e'Y4\x92\xa3hf\xd5\x09\xe16=\
\x9c\x0f\x15\xa9\xc9\xc2y*\x86\xc6\xd3\x18\x9e\x93\x05C\
\xe5<\x0f\x09\xaa5\xcc\x83j\x0e&r*\xe7pa\
\xd0\x00\x83D\xd5\xa2k\x8c\xd6L\x0d\x12u\x0f\x08B\
\x91@D] \x98*\x8a\xa0\x96E5\xa1\x98`\x8c\
\xe5>0\x9c\x09\x81\x8a\xa8Hr8\xa4\xa69<M\
\x93$\xf22AUQs4\xa8%\x1a\x07\x9a\x1a\x1e\
\xc9\xa2q\x14T\x84 \xc8A\xc3\x81R88X\xb0\
,HB\xa21I\xf7\xdc\xc3\xc3C\x22\xa1xT\x15\
C\x02\xa4=\x98\x86j\x10\x1d\x800T\xcf\x03\xe2\xb4\
\x8ai\x13\x01\xc8\xb2\x00\xa0p\xb0@\x80D\x8a\x92E\
\x8b$\x88q\x22\xa6\xa2\x90\xe4\x97\x02\x1ap Y4\
\xa2\xc7\x91\x9a\xa8!\x09^&\x8bHz\xa8\xa99 \
\x90\x03B\x00\x85\xcc3\xba\xc04\x8f\xd0\xdd\xdf\xdcA\
\xe8]\xcb{\xfc\xcb\xd6\xfb\xefmn\xaeK\xb6,\xeb\
\xafu\xac\xaf\xad\xdc\xaaI\xc2\xe6\xda\xb5\xd8\xf9\xa2\xb0\
f]\x87\x99\x0a[kYq=\x19S\x91[\xf50\
<`2w\x86x\xcd\x8c\xce\x12\xdb\x1b\x19\x91\x9d\xfd\
\xa1*\xeb\x95\xd3o\xb1\xaa\xff\xf5\xea\xee\xa1\x22\xe3q\
\xf2Z\xf5\xed^\x09\xce\xf4U1\x8fCc\xe04@\
\x03D\xccCQ\x0d\x8c\x01\x8d\x91\xdc;\xb5\x0az\x18\
\xca\x981|_v\x9d\xae\xack\xe1\xd7\x84U\xd4\xfb\
\xc5T\x16.\xcb\xbe\xec\x855\x17o\xf9\xf3\xb5\x7f\xbd\
\xea-\xfdm\xdd\xde\xcf^\xb7z\xb5\x99/\x13}\xad\
\xcfE~e\xcf\xca\xe7\xab\x95Fe\x99\x8e\xb9\xcb\xd8\
}\x0f\x7f_}-\xc7]\x8bqu/?\x5c\x14\xef\
\xe5+\x99\xff1/\x17\xe5\x19\xaff\xa9\x87\xca?w\
#^&\x80x\xa6\x8aq(\xb3\xf5]\x9b\xd9~\xb8\
\x7f\xcf\x8b{\xf9\x9e/[\xed\xc7G\x86\xd7J\xb3\x5c\
\x96|\xfb\xccU\x17\xbb\xde\xd4\x95\x09\xfa\xc8~Ka\
\x9f\xc9\xab\x87\x09Z\xc5@U\xb2pL\x12\x83\x8a\x98\
\xa9\x81F9\x10%\xc0\xc0\xd4\xa8\x86dAUO\xe4\
@\x83\xfb\xff\x98bj\xb7\xee1f\x11\xf9\xbf\xdao\
;\x0d\xd1P\xc9& $P(h\x91\x14)Z\x03\
iZ\x04\x05C\xc1\xb3\x89\xa9(\x86\x8ay\xe4?\xe2\
\xa2\xfc\xd2\xd6\xeao\xccs\xf4m4\x12T{\x8f\x11\
sQ*\xa79\x92\xe3\xd1 M\x89H\x10\xd4\x1c\x1e\
\x04\x92\x05\xd4\x16\x18\xa8\xd1\xa0\xea9\x00\x82\x9e\x8a\x81\
\xc4\xe3h\x9c6%\x14 \x07D\x00\x8egA\xc5(\
\x1a\xa7AZ`\x1aL\xd2\x03\x8a\xa6)\x80\xc1\x02\x0a\
\x86\x938S1\x0eS5G\xb6\x08\x1e\xc7\x03\xc18\
\x16\xa7\xe3k.\xd1\xf3\x00!-,,\xada\xaa\x9a\
\xf344\x0ab\xa6\xc6\x83\xc4@\xb5\x08\x06\x9a\xa6\x06\
\x88G\xc3\xe2hh$g\xd9b\x98\xc7Tu\xe1#\
\x9f\xf7\xadd\xe1\x90\xa4\x08\x1e$\x87a\xa0\xf0\xa0\xa7\
\xe6L\xd2\x02\xa35\x98\x07\xb3p\xf0\xd0\x1e\x07'\xa1\
\xd0\xe9\x9c\x9e\xe9\x8cm#\xff/;[\xff\x8b\xe8\xda\
\xc8{\xa8\xcb\xbe\xf3j\xb7/g\xb7\xed\xbd\xbd\xec\xd5\
\xd7\xea!\xfb\xca=NE\xcf^\xc8\xba\x97\xac\xac\xbb\
4/\x97\xa5\xb9\x97\xbb\xb4\xef9\xc1\xff\x91\x8fi*\
\xae\xc7\xca\x1eW\xa7\xbf~;\xe6\xef+\x9e?\xeb]\
\x8e\xf7\xbct\x82&\xe3\xd3\xc5T\x92\x97\xe9\xba\xeeE\
i\xb6Xv3\xa7b2\xcd\xcdSd\xbcz\x0f\x95\
\x91)+\xebs'\xff7r\x83\x86\x81\x16\x9af\x9d\
\xb9oM\xad\xe9\xfb\x10\xae\x99\xca\xd7\x9b,\x22\x18\xa9\
\x8d\x9b\xbb\xa0\x07\x0b\x1a\x0eTB!\xe1n\xf6\xaf\x15\
D\xab\xf2\x9f\xfb\xf1\x16\xbe3\xcc\xff\xe639\x7f\x1d\
7\x12\xff\xa8\xce\xeaJ\xbb\xaa\xf33E\x1cw\xdb\x11\
[\xd9\xe5\xa2\xa2\xfe\xed\xfb\x0c\xff\x9b\x97U\xf5\x9b\xdd\
\xaa\xf2\x0e\xd7\xbc\xd5\xde\xdd\x9f\xac\xcf\x9b\xbf4~\xde\
e\x7f\xba\xaa\xbdR\xf9o\xeen\xceE\xd9\xdd\xc5\x0d\
\xa2\xf9\xdc\xbb,w\xfd\xa1\xc2\x18\xf3o\xefnm~\
E\x04B\xf8\xbd1\x9d\x97\xf1\xa5\xef\xf7\xb1\xd2\x8b\xfb\
VI\xa6\x97\x0b\x92\xf8x\xaa(\xef\xba+\xbf\xce\xb5\
\xbf\xb71\x00\xd2<\x8cgY\x14P\x0d\x14\xd3h\x0a\
(\x22\xa0\xc7\xc10\xb8\x1b\x87\xc1`h\xaa69\x90\
\xb4\xa0x\xa8\x22\xe6\x99\x18\x07H\x01\xc4\x03YA-\
U$1\x12\x98{%[\xb7\x94^\x9a\x7fc:\x1e\
/I&${Mhg\xaa\xca\xee\x15S\xe9\xfct\
E\x9f?\x9f\xb1\xefgk\xb1*\x02\xe4\xd9/Ve\
\xe5+\xbd\xdf\xad\xb8\x9a-\xe2\xf9\xde\xfa\xcb\xef\xdc\x8e\
\xaf\x98\x0c\xfd2\x97^Z.\x0b\xdd\x9d\xfd\xda\x85J\
\xea'\xdfn\xb2\xc4<T\xf0pA\x1a\xc4\xd7Y\xf9\
P\x95e\xff\xac\x8fuA\x90Y\x88\x87\x11\xa3\x99\xa3\
\xaf{\x7f\xb6V\xb311\x8b\xff\xd7\xedB\xd6>)\
\xbf\xf6\xfe\x05\x838\xa8\x02\xc3 \x83\x88)*\x91\x14\
$I\x9a\x03\xe21\x84\x81q\x18\xe6\xade\xdc\x12y\
8\x05Q D!\x0c\xc8\x10B\x08A\xc4\x10\x22 \
\x84\x10B\x04\x8e\x88\x88\x90H\x8dsb\x0d9\xe4\x17\
\x1a\xca\x9eg\xd0\x02pk\x0at\x16\x0e\xc9$\xca\x95\
\xa1$a@\xb4\x0e\xd3gSc\x89}Z(`\xf1\
\x0d\x19f'\xfaxK\xa8\xf0\x0f\x9c\x16j\xc2\x11\x1e\
\xe9\x0c\xd4D%9\xc1l\xa7\x801\xd6\x81\xee'\xff\
\xb1&\x01kW\x12\x18\xf6I\xfd\xa9\xbbd\x8c\xb4$\
\x90M\x8a\xa4,\x97\x96\x0f\xa3\xde`\x91\x88S\xf8\xfe\
\xd9\xc9\xc0\xc2,\x14\xc2\xe7\x01\xec\xee\xd0EF\xd7\x92\
S\xe0w\xb9\xe6\x8c\x9a\x91\xbe\xa5`\xcf\x8f=>y\
\x96Z\xbd\x91}\x8d\xcf\xd4 '\x1a\xaa&\x19\x87\xad\
Cp3\xeb\xb78\x08Z\x84\x16k-\xbf\xa3\xfcw\
r\xc2\x5c\x15U\xb6T#\xec\x04'\xbcZ\xc2\xb5\x96\
\xe2\xa6\xb0Q=~\xea\x00\xda\x10\xdc\xf1&\x15\x86\x19\
\xf3\x03\xef\xf0\xbf\xf1\x9b\x86S\x0a\x5c\xdd'3n\xd6\
\xba6N\xca\xb6\x9cI\xa8\xa4\xf3\xac\x01\x95\xe7E\xb3\
%mS\x86\x91\x87\xe8\xa0+5\x0d\xcc\x0f\xfc\x016\
@\xcb?\xaec\xe5\x97\x5c\x99\x10\xd3\x9c\xd9\x09\xa0\xa6\
\xef\xf1\x1f4\xcb\xe1T\x0bTf\xac\x86\x9c\x82A\xc4\
u\xb2I'\xfa\x8f\xc0\xdf\x86\xca\xc9\xcb)=\xb6\xa7\
\xa2t\xea\x8aJ/xR\xe8W\xcc\xb8\x97Z\x081\
\xe4R\xe1\xbf\x19\x8b\x03\x84|:K\xc5KR\xff\x05\
?m>)@\xb1\x86v\xafJ+\xd5\xfb\xaf\x94\x88\
\x8aL\xa5\xbbG]\x88\xccDL?\x84`\xc5=\x1d\
\xe4'\xa7\xbd*H\x1f\xa8\xd5*\xe7-\x91\x0e/\x9a\
\xa61\x93\xcd\x92L\xb2\xa3\x85Y\xc4nre\xfc\xa6\
\x026\x22\xcd\x99\xe1/\x04\x18>h\xc2\xbf\x9f\xda\xa5\
\xff\xff:\xbc\x0e\x5cS\xe2\xfe\x22\xc6\x15\x97\x85\xfc\x5c\
\xe8\x18t\x89\x94z1\x17\xc8\x84\xa0\x0aB\xbd\xe1\x8e\
]M\xd1\x02}:~\xe94\xd5P\xb7\x8b\xd1\xaa\xc8\
\xc1J\x863bD\xeb\x12\xbae\xa8\xd6\x0b\xd5 \x98\
\xdc[GF4\xe4ymc\x0b\xaa\xd8\x8c\xbc\xfc\xec\
`R\x12\xb1J\xf1\x09\x13\x03t/D\x9f\x11@+\
\x91\xd8\xac\x1d\xf4\x00\xc2~kl\x16\x9c\xe4\xe5\x7f*\
\x1c\xc2A\x1d\xfa\xf6R3\xf3\x03c!?\x1d\x0aI\
4\x18@\x22\xd6\xe8>\x8a\xd2\x5c\x86\xf2\xab\x8e\xef\x88\
)El7\xd0\x0d\xc6\x9f\xfa\x9a\xb0\xff\x97\x0a\xcau\
U!\xdfc\xe0\x09\xbe\xc1r\x0c\xe7r\xef\xb5\xe4R\
\x0b`M\xb3 \xc9\xd9GC\x17\xceg57\xa5\x04\
\x0a\xf4S ro\xfc\xebB\xc4\xc6||\xd2m{\
]\x18{\x95@\x14\xeb]\x0d\xc80$K\xfc\xef\x1f\
\x06\xe6\xc0 F2\x93`\x1b\xcd\xf1C\xaa\x18}m\
\xd0\xa3\x0b\xe1\x17\x22ph\xbd:\x09\xbdh\xbd\xd4\x07\
s\xc4\x83\xb9\x99\xa5\xe2&\xf4\xf8\x01\x8b\x04%BW\
\xe6E\xe7\xe6\x92@\xa4\xd6\xac\xad~\x89(\x038]\
\x92\x0c\x0c<%\x22?.\xde\xfdzF!\x03\x9ae\
\x06\x88\x86\xbb\x0c\xf4\xc5\xa5\xea\xba\x05:;@2\x1a\
\x03\xbfYV\x150\xa5\xdc\xf3t\x83\x183\xdd\xf8J\
)\x9d\x03\xc4\xeb\x108\x8a\x09\xad\xcb\xba\x9e\x0a[ \
7\xe7\x9al\xcf\x8a\x15\x1e\x04\xa0\x9b\xfc\x8bF2C\
\xd4l{\x01\x06-V\x10\x82f\xa5\xe6\xf1[X=\
\xe2~W\x84]`~#\x5c\x06I\xb2\xea\x8f\x9e8\
\x0a\xcd\x946o\x1d\x05\xa2\xff>\xe7\x0cv\xaf\xff\x85\
\x87\xaa\xe5y\xa1\xccD\xce\x12\x8c\x90\xdf\xe3\x8b\x0d\x90\
\xc3i\xbf%^\x08~R\xe8\xff\x13\x1e;z\x00\x8e\
\x83%L1L\x14\x06&\xbe\x1e\xd8A\x7f\x87\x1d\x82\
\xd7\xe2U\xea-!l\xc2\x17P\x9f*\x06(\x0c\xe7\
]\xdeK\xfe\xfb\xde\xb8O\x9c\xf9Z\xeeK\x10u\xe4\
\x8d\xdb\x8f\xb0\xa0\xac\x17\xe9=\x13k\xe8\xe3=\xd5\x93\
\x87\xb1H@\x07>\x0c\x19\xbaz]UB3\x13\xb2\
M4<}\x9an\xebzCRz\xba\x85L\xca4\
\xfa|\x8b\xde]Y\xb8WP\xaaH\xf4\x01\xa9\x92\x05\
\x84\x15$E5\xee\xca<\xc0u`\xce\xeb\xf0\x8an\
g\xf5\xe7\x5c\x09Aw8\xba\x00JH\x8a\xf1\x0e\x87\
\xea&vF}\x9c\x87\xf7\x1d\xc5\xa6\x85\x5c\xc1q\x8a\
\x9a}\x8e\xcd\xcf\x9c\x98\xc5\xf1\xaf\x12\x84\x01\x08{\xc0\
\xe5uQ\x14\xe8Y\xe4\x05\xa9\xc7\xe0\x08\x16edN\
4\xe5\x0e\x0eqM\x22\xf5\x9b\xe9^\xd28E\x94p\
J\xe3\x1b\xc7\xb0\xb1\x83\xd5{\x9ds%A\x98el\
v\xa6>\xfb%`\xdb\xd2\xee\x93\xf8\x057Ye\x8b\
,\xec\x80\x18\x97\x89\x97(f\x96\xafg\x97\xe7\xade\
\x02>*\x83\xac\xa1\xb9\x97\xfe\xafy\xd3\xdf\xfb\x1d\x12\
\xdb2Z\x17\xcc]\x8c\x84\x8b/\x01\xcf\xdcR\xca*\
\xe0\xfa\xb9\xa8\xa0P\xaa\x83Wh@\x92\xee\xfa\xc39\
\x1bS\x22U\xd0\xb7\xc7w\xbdR\xb0\x1dB0\xdf\x81\
\x14`M\xb7\xa0\xad\x17\xf8\xa1\xa9\xd5\xce\xed\xa7\xe2{\
\xf7\xdej\xb8Y\xee\xe6g+\xd0P~\xab\xe4\x81n\
V\x10K\xe1q\xfa\x10R\x95\xaaJR\x9e\xd5\x88\xd1\
\xda\xc4\xa5a\x5c\xcfD\xa0P2\x9c\x22\xf5\xf1$\x0b\
\xf3\x88N';\xa7\x15\xdd\x9e\xfa\xc5A\xd2\xc5i5\
\xb5\xfd\x98\x0d6\x08\xe1\x89Y\x82\x9d\xd8\xc0\x89\xe4\x97\
\xb4\x7f\x7f}\xd3\x85V\xb9L\x82\xabD\xd5FL\xf6\
A\xb3\xcf\xc9*%\xbb\x1e\xf4\xd3\xdfx\x81Dg\x88\
j\xb2E\xb8\x13\x9bO\x81\xf6H;\xa1\xc5@\x5c\x81\
V\xea\x92\x22F\xe5\x07\xc5\xbb\x004\xeb\xe4S\x13J\
\xf7\xa4\x84\xec9`0\xe2\xfb\xcb\x88O\xfb^\xc3\xce\
\x07 \x1c\xff\xa6+-:;tSW\xde\x0bV\xeb\
lf\xbf\x9c\xadz[\xa8ZX\xbeJ\x0e\xc5\xb8\xb9\
\x00d\x94\xf1`\x87u\xaa\x04P\x05\x82\xd3B[\xf0\
\x8d\xf2\xde\xb8H3\x07B\xaa\xcb(}O\xbdA\x02\
5\x80\xa8\x1dz!$\x09Ia\xbb.\xd7\xf4uq\
f\xf16\x1b\x9f\x0a\xec\x8f\x026\x07\xd5\xa5o\xaeI\
R\xb60^<?\x95\x8d%<=\xc6\xbd0\xac\x1f\
|#c\xd5U7R\x1a)\xe6\xbd\x13\xcb\x0d\xde>\
X!\x8fL\xa4\x89.bcu\xde\xa7\x10\x0b1\xa3\
\x7f|J\xf8T\x18\x83\xb5\x9c\xe3GHn\xca\xf0+\
\xb5\xe2\xe9\xach\xf2\xfa\x9b\x1e3\x9a\x7ft\xbb\xaak\
\x07\xee\xea\x98DBm\xb1\xb8\xa2]k\xb1<\x12\x5c\
r&>U\xaf\x04n\xb7d&0\xb7\x1eo\x97\x19\
\x14\xc7\x06F\xb6\xa3\xc6\xf5Jv\xeb\x98A\xe45\xf4\
\x84\xee\x07g@H\xe9O\xdcS\x96\xe0\xe8\x1d\xe4?\
w%]WN\xa7>W\xbaO\x19\xb9\x1f\x9d\xa4\xa1\
\xa6\xabQK\x86 \x87(q\xb2T:\xa0SJl\
\xa6i\xc6xf5`\x90\xc7\xect;\xa6T\xa7\xde\
:C\x88\xb3Z8&\xa7Y\xf0\x0a\xaa\xed\xf3\xcem\
\x1c\xb7\xe6_w\x90\xde\x9e\xb9`\xe8\x03s\x19\xc5\xfb\
\x9c\x99y\xaed\xcfS+\x8fP^\x04\xe5\x18\xfca\
\xa6\x0e\x87\xf6W\x5c5\xb7 \xa1Z\xf7#\x08\x19\xc6\
!\x06\xdd\xfc\xf1\x04A\xeb\xbe\x88Ka\xf6\xb0\x0d<\
\x0e\xc3\x01\xa1\x92a\x1f\xbe\x80\xb7\xef\x96\x19\x0c\x81\xf2\
VQ2\xe0\xda\x9d'\xaaM\x9d}\x0f\xc1O\x05\x82\
\x06\xb1BD\xe4 \xd3S\xbc\x1ad\xfe\x18E\xa7p\
\xed\x85~I\x1f\xb9\x19iXt@\xc8\xd8v!\x01\
)\xfb\x98\x94\xd2\xb2\xe8F}1;\xc9\xf0\x87\x10i\
+\
\x00\x00\x07\xf9\
(\
\xb5/\xfd`\xd91}?\x00zV8\x0f(\x00M\
\x8a\x1e\xdb6A\x5c\x0do#\xc0\x19\x9275.\xcc\
\x80\x0el\x82\x01\x80+\x84\xa4\x94\x92\xdf>\x96g\xda\
\xa8\xaa:\xa8f\x05\x00\x01\xdb\x00\xd9\x00\xf2\xf5\x93\x80\
\x0c\xc9ga\x5c\x9d\x15\x83A1\x03\x18Q\xa9\x115\
\x80\xa1\x80\xa0\x94DA\x8eT\xa9\x10\xaaV\xcc\x9b\xd7\
iF2\xd2\x044\xce\xaf\x18S&\x18\xd6\x94P\x8f\
I\x9dZE\x12\xa3\x80(\x89h\xff\xddt\xf9I!\
\xee\xd7\x22\xb8\x19\x85\x8c\xaa\xa3\x11M\xc7{F\xe1\xa8\
2\x9a<\xd5\x84\x22\xa4\x9a\x8f8\xc9*\xd7:\x07\x1e\
\x1cx\xea\x9c\xd6dL\x88F\xa8jA$\x0a\xe2\xd9\
\xddv(\xb1N\x95\xcaq\xba\x9f\xde\x07B\xc8>a\
H\xaaPM\xd5D=\x1e\x144%\x11\x041\x0f/\
~\xaa:\xcd\xc7\x94\xe6\x03I\x89F \x8c\x02\x92\x88\
jZ\x96\xe5\xd0\x90T\x89\xc3\x81\xc1q\x96\x85\xa7A\
\xa9\x15\xad\xc9d\xf2<\x08H\xad\x8e\x00\xcb\x84D\xa8\
\x9a0)X\x1c5\x9a,r\xd68\xa9\x81\xc5q\x00\
$\x0e\x0c\x04\x18jb\x14s\xa2\xa4(\xa7X\xab\x85\
y\x0e\x82\x07\x10\x18Ec\x8a$\x05Msav1\
\xa3\x98\xa8\xa8\xa2S\xb2H\x0f\x0a\x81D\xcf\x1a\xe4^\
\xdb\xbc\xf7\xad\xed.\x0e@\x89h\x8d\x8f~\xe8\xce\x99\
3\xaf\xbf\xf5\x9e}c\xce\x97s\xe8\xdd\xde\xbe\x85\xbb\
Z\xd3 ;\xe4_\xfe\xa0\xebfp5\xe7f\xbc\xd0\
o\xdf-\xd6\xc0\xc7\xfc\xdek\x03\xcc\x1a\xa5\xca(\x1e\
\x94bTS\xa4\x0ff\x05ab\xe0\x80\xce*\xc2(\
\xaa\x1aM\x10\x1a\xdf\xde[\xb0\x97\xbb\xb5\xf6\x05\x1fV\
\xdec\xcd-o\x8c\x82]\x81Q0&u \xaaJ\
\x9cH\x11\x9a\xd2\xb30\xf6\xc5\xd6n\xc3fw\xcc\xbf\
\xdd\xefj\xe7\x8cb\x8a\x1a\x11\xa5\x9c\xf7\x0fw\xfd;\
F\xd1\xb0\xbb\x5ca\xb8\xfcx\xb5f\x0bb\xa1H\x80\
H\xa4W*4!\x10v\xc8#sp\xa1|\xa8E\
\xb7\x90]\x5c8\x94\xcc\xb1{\xb9X@\xc8\xd8\xb5c\
\xed\xde9\xfb?\xb7\xd6\xdb\xf5\xf6\xfaC\x10\xe4\xb6\x8c\
o\xefu\x0bm\xf7\x0c\x91YI\x916&\x94\xa3b\
\x14tV\xa2Di\x84\x02\x898u\x9a\x8f\x08D\xc9\
\xf7g\xef\x8a/;\xf8VS\xa0\x07\x1ddp9E\
5L(\x19\x1d\xd5\x1e\x1a\x9d\x92R\x0bF1\x1b\x11\
\x12\x17\x87\xc9\x8c$\xb2bL\xf9$\x98-7\xcew\
\x1bn\xd8ix\x1b\xf4\xb6\xb6\x1fs\xbdl\x9b/\xc7\
\xcf\xbc\x9d\xb7\xc6\x9egv\x8c\xad\xd7\x18I\xe6\x01\x19\
\x91\x0aL1\xaa\xaaHL0\x19\xfc\xcd\xe9\xacR\xc4\
h\xf8\x10\xees\x0eWc\xd7\xdf\xcc\xf9\xd7\x0b\xde\xdb\
\xeb\xf9r\xc3\xd6!\xb7\xc5\xcd\xf9f\xdf\xe5\xff\xf8u\
{\xecu/\xd6\xcf[{\xf3\xc7\x8d-\xd6\xbc\xdb\xff\
b^\xc7\xd8c\xdf\x7f\x0d\xdf\xf7/\xc7Z\xd3\xb6!\
\xb3[v\x87\xef\x9c\xaf}\xfe\xda1\xe6\xd6\x19\xfbe\
\xad1\xb7\xd6i\x5cc\x8e\xf1\xff{\xcb\x8b\x9d\xe6\xc1\
\x07\x86\x86\xa4z\x12\x07\x86\x06\x7f{\xe6\x8e\xf5\xda\xfd\
\x06\x1b\xd8\xb1\x7f\xf6\x9c\x05:\x0ds\xa6/\xd6\xa0o\
\xe3\xcfm\xbb\xd5\x96m^c\xc6\xdf\xd6\xf2\xc2\x8cw\
\xb17l~\x10.\xd8x\x7fJhJjZh\xee\
\xbby\x01\xa2qA!\x00\x82\xce:'jB\xcc\x09\
\x14\x1d\xe0\x0a\x08\x867\xa7Ph\xc36\xce\xe2\x18{\
\xae\x17\xe3\xc6\xff\xf7\xdfj\xce\xf2\xcc\xcf\x7f\xbdf\x17\
hi\xcd\x1b\xf7jo\xdcs\xc7\xab\xdfY\x9e=\xd8\
|[\xfe\x85\xdb\xdc\xab\xa3F\xc8Bw\xf3\xf5UN\
I= \x11\x8a\xf2BI\xd2\x94D\x0b\x18\x854\x17\
Qj<\x89)\xd5H\x81$E\xd5\xc1\x13= 9\
\xe9\x93\x90\x1e\x14\x01\xb3\x11\x1f\x11C\x8d\x08HF\xa8\
E\x9c@\xa9\x08\x08\x08Bp\xa0\x01\x82!\xa9\x8b5\
\xcaX\xe7\x83gC\xf4\x88(\xf1\xc1\x9e\xdd\xbefg\
\x8a&\x14j\xb1pf\x84\xd6)\xa3\x81\xc1\xa8\x11-\
T\x8a\xd0\xcc\x88H\x92$\x85\xe5\xc1\x8c!\x8e2'\
\x1d\xe7\xc2h8\x83q0\x061\x10F\x08!\x84(\
B\x08\x11\x12E\x08\x11\x08\x91\x11\x12\x12\xaan\xa8\xa3\
\x00\xf9H4\xd0\xe2\x8c]%\x8a\x01\x8e\x08\x82_\xf6\
>\xeb:v!\xd1\xc7\x1e(9\xe1%\xba\xdf\x9eZ\
\x15\xc1\x89\xa3\xb7/ \x92\x95\x0f\x97\xf8\x06^`\xde\
\xc9\xcf\xe0\xafn\xd0\xed\xa1\x9f\xe98\xce+\x19\x8f\xf9\
\x08\xfbn\x88\x98\xbf\xf6\x83\xff0h|@\xea\xd6\xd7\
j]\xe3m\x0d\xc0l\xd9}-M\xc3x\xb1;C\
\xa0\xbd\xce\xe5\x99hU0\xa5\x03,J\xc3}\xa0:\
\xe1\x16\x95\x09\xb9\xed\xc8\xb8)\xd4-}\xa1c03\
\xb4y\xf55Q\x08\x19[s\xa6P \xae\xfb\xf55\
\xc5\xd9\x90\xe2\x8e\x15\x05!l\x88j#\xcf\xcf&\xff\
\x87\x87\x9a\xb1\x16!\x1bp\xc0\xe4\x8co$xk\x89\
\xd7\xa3\xa1A\x16\x86\x09 `-z\x91#p\xae;\
\xee\x88\xf5u4\x95\xba\xccI\xa8\x86\x83\xea=\xad\xa1\
'\x82O\xe1{I\x1b\xe8\xbe\xb60\xaa\x1bB\x94\xe0\
!\x03\x08\x1f\xd2\xcax\xcd/\x07|\x80\x85\xd0\xf8:\
\x82\xe7\x8a\xa7a\x15k+\x80\x1a\x8f?\xe92Uq\
d\xa8^mO\xe2\xccK\xff\x01e\xc0g\x09!\xaa\
J\x1bmK\xe5\x1e\xed\x06H\xe4\xc3\xf2\x0e\xbc\x9f}\
\xcem\xb4/GV\xc3N\x93\x04\x88{S\xfc\xd7\x0c\
+\x02\xcc\x94!\x0f\xf2>\xdc\x14\x22%\xed\x9aM;\
\x08\x90\xdb#\xf8y\x86\xd5*\x93\xad\x97\xf7\x189\x98\
\xdby\x87\xba'\x14\x99\x10\xd83,\xff\x90\x86\x92\xc1\
\x0e\x1aP\xcf\xf7\x03\x0a\xfa\xad\x01\xed\x10q\xcd\xc0\x18\
7\xcbPZn\x22\x8f\xfa\xb9\xe8/\xdb\x0a\xedy\x10\
\xf8(Q\xfa\xdf@\xcf\x1fg'\x09P\x1c^\xa2\xae\
8\xfdm-\x90\x83x\x97\x82\xfc\x03yU\x82c\x1d\
\xd6\xf3\xcf&\x98a\x9f+\x9c\xc5+\x0f\x9c\xa4\xa7\xb7\
:\xa0\x17\xf0AS\xbb\xcb\xf6[\xcd^q\xb7\xba\xe8\
Z\xc8\xe6wf\x80\xa6\xd2&\x05\x0f\xfc\x0a>\x01\xb5\
\x0f\xe1\x8f\xa7b\x00\x09|\xd2\x88\xd7\xb4B\xa4\xcd\xac\
~\x95@\xa1>\x5c\xf0\x04\xe2\xd1\x1e\xeai\x1de3\
gqtUT&\x9a\xc9\xc5qoj{R\x96\xf5\
`\xc6\x9c\x10r\xb0M\x1bL\x06.\xab\xbd\xcc\xa6V\
/\xba\xc4\x8b\x85\x9bX\x94\x88\x88C\xce\x9d\xd9CW\
\x95\xca\xbd\x01\xfd\xa4;\x9e\xd3r\xadQ\x06a\xcc\xed\
\x14\x08)\xad\x05\xa4\x9dn\xa1s\xaf\xa8\xb1\xa5\x9cb\
E%\x04\x8a\xbb}f\xd6\x89\x1a\x13jwH\x09\xe9\
\x08\x80\xe28#\xa4\xa9\x1f\xa3\xbd\xc6P\x07\x80\x09\xec\
\x0d\x90Z4\x0f\xd2M{\xd8\x0b\xfc\xa9\xb3Y\xb0\x9c\
\xf1C[\x90\xaf\xb0\xa8\x8e\xf20\xe0\xcc\xcdM\x89\x90\
\xcc\xd8j\x82\xac\xe3;\xc0\xf7\x86\x93_\xfb\xc9'\xb9\
7\xb9Pnp&\x0a\xe3\xf5R\xfc\x85Q\xec?\xfe\
\xe3\xdc\xc80\x06\xb0J\xc5\xd2t\x99\xfe\xd6\xe5ft\
\xa94\x82\x88O\xaaQ\x04S\xb8\x97\xaa\xf95\xd4\xca\
\x10\xe3\xf7\xfes\xa1!\x0b~v\x06\xb3\x22\xd15*\
6R\x96\x86x\xe3\x95\x91P\xb0\xa7\xc1r\xccc\x0b\
\xf6JH\x88\x9ay\xbd\x18\xf2OwT\xf0`bJ\
q/\x8e/5;\xad\xebr\x7f\xed\x08\xed\xea\x03\xbf\
\x86^\x15%\x11\xc9!x\xe92\xfc@\x16\x82\xff\x91\
8/O\xf8\xd6o!\xd2$\x14\x0b!#\xf1sB\
\xa5^\xaf\xc3\x0c\x0b\x19\x17A\x0eN\xd8\x17\x17\x8e\x0b\
?\x98\xef\x99\x09g\xe2\xaf\x98\xba\x0aB\xf4\xc4\x0eW\
\xc2\xaf\x84:\x85\xc8\x0f\x19\x134%\xef\xf5\xed\xdc/\
\x22\xf7L\xf95\xdex\xcd\xd6\x9f\xf3\xb5\xc7Z\x16,\
_\x81:\x14\xb5\x93\x83\x5c\x8c\xa4\x1fC\x82?\x0f,\
\xc3\xe7\xa2k\xdeJ\x07\x8e\x89\x0d\xf9n\x8c\xb7#\x9e\
x\xd8b\xc9\x14\x8d\xfc(7\xa2\xc2m\xea\xa6\x16\x1d\
\xee%`\xb2\xb6\x87Y\xe0BX\x18\x8b\xe3b\xe70\
\x90-/\x96\xfc\x99\x03\x1d\xab\xe2e\xf0\xda]\x1f\x91\
\xa2*^\xac a\x05H\x02f@\x16ph\xf1\xa9\
b\x13\x01O\xdfHN2\xd6\x97P\x910\x02\x8b\xac\
$V-T\x96\x8eK`a4.\xf7aw\x82j\
u\xbba\xfa!\xfe\xa8\x02\
\x00\x00\x05\x9e\
(\
\xb5/\xfd`\xb4\x15\xa5,\x00\xc6\xbd\xb6$\xe0p\xca\
\x03\x83\xf3\xb6\xc4\xd2\x96\xa7\x112\x82#\xbd\x02\xed(\
\x1d&-8\x9a\xa4\x16\x0e\x98\xd83\x033\xccC\x06\
\x87\xb0\x00\xa8\x00\xaa\x00\x0e\x8c\xec\xc1\xb9?\xa4\xfc\x0f\
;\xd9\xf3\xe88K\x1c\x7f\xe8Z\xfc\xa9[\xe1\x8e\xdb\
[\x16(\x16\x5c\xff\xaa}\xf4\xd0\x86h\xde\xac\xe9r\
\xdc{/.\xd7\xed\xd5\x84/K\x8c.>\xd74\x0d\
\x94\x92\x08o\x01^\xf1JS\x94\x86>\x92!\x889\
\xd8\xa0\xe3\xbdz\xea\xa7w\x10\x9e6\xc4b\x0f\x84\x1d\
^)\x8a\x02 E\xb8\x03\x00\x00aY\x14\x02'm\
\xddr\x93H$\xce9V\xef\x8f\x01\xe5\xad\x0bq\x8d\
\xcaAy\xf4,Q\xf0\xf7\xfb[AY\x96\x00\x07\x00\
B\x02\xd3\x15{\xbe\xd2\xd3\xc5\xd5\xed\x5cava\xa0\
\xa8`\x8fTe\xac\xa1\xea\x15\xf6\x1adO\xa53\xdf\
\x1fQ&\xeaJp\x04\xb6\xb6\xc7\xc8\x19\xeb|-V\
\xc9\x9e*Ky\xeb\xc5\xce\xd9\xbc6ge\xcf\xc6{\
\x0fN`\xf3\xa0\x85\x8dFFq\x94\x0b\xc3\xc2\xf2#\
\xb9Co\xf1\xfdV\x85\xcc\x93/N\xe7`\x22H\x9d\
\xc2\x0e\xa03\xe9Y\x1f@X\xc0\xd9z\xd2\xd0\xf2\xd3\
\xa4\xf3\xfe<\x8a4\x9b\x96\xee<J*3\xbe\xbba\
\xdf\x9f<z\xec@\x98\xbc\x19-|UV\x93|\x8e\
,\xd7\xd2\xaf\xefN\xaa,k\xd2\x9f\xca\x94\xb3\xd35\
XL\xfc\xcd\xd3C\xb8\x0c\x81\xf4\x82\xbb\xbfqu\xdd\
S\xfa\xe1~\xca\xd1\xd2\xb7\xb6\xaeo\x13KCK\xcf\
\xf8\xd9\x03i\xec\xd09c\xdc\xca\xfcm\xd5\xd9^\x14\
\x13'\xac\xcfF\xb8TY\xf2|\xba\xd1\x96$\xfa\xc1\
\xe1O\xee\xb47\xe4\xb2 \x0b~\x11\xb6F\xbe:%\
l\x0c{.\xc86\xb5a\x9aFi\xbd\x11\xd9#\xd1\
\xf8>\xf8\x03\xa0\xfb\xf1\xd6\x19\xd1K\xd7\xba\x19\xd89\
\x9a\xe6\xc9\xd7\x98\x06\x1a4\xb3V\x06\xc2\xd9\xdeR'\
A\xb5\xf1\xbdh@\xa7l(S[\xf3\x0c\xe8c\x9e\
d\x9emo\xe0\xca\xbb_\x8a=\xd4\xd6\x11\xaf\xee\xa6\
\x80\x8c}S\xdah\xe3\xf3\x8a*bb?\x87\xb0\x87\
\xf7\x5cUH\x8d\x94M\xc28e\x84v6&R\x1a\
\x1b3\x1f\x9cXX-m\x106\x02\xec\x89~?\x1c\
>\xb9\x92\xe9\xb2gzP\xd6\x00\x08R\x84;\x07\x00\
\x82\xe4\x1c\x90Q\xa6\xca\xa6\x81\x8dRI\xa7\x8c\xb1\xd2\
\xa6^qb'\x8d\x8dZ*#\xad\x0d\xad\x8di\xe2\
\x94\xafA\x02\x81\x81JW\xcek\xe8m\x99\xf6\x0e&\
\x15p\x22\x18\xa7\xa5\x8f\xa9L\xa3\xb1B8%\xf3`\
\xb4\x91\xda\xc6P\xfb\xea|\xf2b\xb0\xa9sF\xbb\xa1\
'\x88\x91\xca6\xdf\x83\x8b\xc1\x1b\xf8~\xa7\x8e\x1fk\
\xca\x82\xe8-AEO\xd3G\xf2\x03{\xa6\xcf\xb8\x93\
\xe4\x1c?\xf5\xec0M\xb9O\xb8L\xfdv\x8e\x89\xba\
\x0a\xa4\x08w/]*#\xf4\xeb@\x18\xa23\xae\xc6\
\xd6\x17\x0e\x041,H8\x11\xde\xf5\xf6\x8bo\x7f\x0a\
\xfeF\xa6\xf2u\x03\x817\xa8q1SHfH\x92\
\x92$\x19\xe6q\x88!\x12f\x94\xb2y\xa2i\x9c\xe1\
8\x1cD\x868\x82\x0c\x11\x11\x19\x91P,(H\x0a\
\x0a\x8a\xda\xdbT\xb2\x99o\xe8\xbb\x0e\xc5\xf9Ld\xcc\
1Uh@J\x10\xa1&\x18\xde\xa1\xf3\xea\x12\x82n\
\xe1\xe1\xd7n\x0b\x15u\xbe\x1f\x16e\x12\x190|\x84\
\x8e\xb8\xd1\x07\x07p%\xfd\xd8\x12WB\xdf4\x90\x0a\
>\x97\x9a\xe1\x07 \x02\xc7\x06\xf2C@\xe2\xdd\xfe^\
\xfc[+\x5c\xf8]\x09m.\x0f~H\xff\xcd\x07\xd9\
\xcf<\xb3\x11k3\xf1\x0a3)\xe4\xfcP\x16\xe3<\
s\x14\x0ci'dY\x99|\xbf\x0a\x9a6\xeb\x9e\x7f\
s\x1d\xdc\xc8\xa8p/8By\x7fQ\x06\x07\xcd\x5c\
*%)\x9eY\x88\x0fb^\xe3\x9c\xd3P\x018\xd0\
8\x0dE'\xb4\xcc\x8d\x14\x18\x90\xfd\x13\x18\x02;$\
\x98\x0c\x04\xcb\x16{ax\xda\xc8\x82^\xc0\xf1\xb6\xe4\
\xe7\xa2\xc2\x09\x04\x155m*^\x824Hc\xf8#\
k\xbd_\xdf\xf5\xf2f\x22\xa2\x96\x83\x9f0\x8c\xcfl\
\xf8\x87\x82\x9e\xbf\x0dK\xb8Y\x0ab\xbf\x88M\x06\xe8\
\x93\xc7A\x09\xd9k\x0e)\x14L\xf5\x97Q\x8b\xc6g\
^\xd0[$W\x0d\xe7\xef$qQ(\x1b\xeffd\
V\xdd\xa7\x8cIe\xf9C\x0a\x95(\xd4-\x17\xef\x80\
\xc9<?\xbad\xe2p\x9f\x9a\xf4d\xbb\x94{\xc0\x02\
\xe0\xbb\x5cY\xcaH\xaa\x09\x1d\x09\xf4\x15\xc1AM\x9a\
Qi\x94\xaa\x17\xa3\xbe\x0e\xf4~\xa4K'\xa2\xb9\xad\
\x0e\xd6X$\xad\xcaD\x1a\xb2\xa1\x80G\xd5\x8a\x94\x09\
\xc3\x15\xe0\x99\xfb\xb4\xef\xdb6\x1e\xedx\xabU\xf3\x80\
J\x14\xde(\xa39\xfe\x0f>\xa3\xf9\xc1{T\xcfZ\
\xcb\x922\xc2\xe9\x0c\xa7>aG\x88\x99\xca[R$\
\xfdX#\xcb\xb7\xe6S\xa9qX\xd4\x02\xb8A8\xc6\
\xe4\xb9\xf7g\xf1\xc8\x1f\x93\xf4HcN`\xe5\xe0$\
Sm\xce\xc4\x18}\xf7A\xfe\x911\xa3U/\xba\xe8\
f\xbc\xdd=\x94\xbeX\xaf\x96H\x8cS\xf0\xeez\x03\
\x1a$\x22\xd6\xd81\xbf\xfd\x01g\x8c\x88\x03\x86` \
\x86\xfc@\xa4\xc0M_\xd7\xab\x0d\x00N\x0e\xe5.\x86\
/gf\xdbr\x08\xa4h\xfbP\xcbZ\xa8\xe2NR\
\xb5\xa2\x17\xf8A\xae\xe7z\xd1\xa42\x9d\x06\x1d\xef\xf4\
\xed\x9d0!P*\xf6\x05\xdbE?\xfa;`\xc1;\
l\x98\xf5\xae\x98\xbdn\xe0\xff\xe2\xa7\xffn5\xa0\xeb\
\x9b\x10\x82\xd9\x0d\xb5I\xbb\xdf\xb3,S%z\xf0\x02\
\xfa\xf0*\xcb\xa6\x87\xf2Ax\xd8\xc2,\x97e\x81\xda\
\x1a\xe5/\x81\x9fn\x9b$\xa9\xa9!\x04\xf3\x09\x84\x82\
z \x13\x1dhu\x1ai6{\x15\x93N\x92\xe5\xdf\
,\x9eF\xa2\x08$\x91gC\xdft\xd7\x80\x1d\xb7\xae\
\xe4<\x0b;\x1a@\xf6[\xeaC\x81V\x05\
\x00\x00\x09&\
(\
\xb5/\xfd`.:\xe5H\x00Jd0\x11(\x00m\
\xa8\x0e\xc3\x18\x98N-E#\xd2\xfe\xee\xe5\x0es4\
\x01\xb2\xb2\x01\xc6N\xdc-+\x22\x22\xb1\x18H\xee)\
\xff\xff\xd7UA\x04'\x01\xf5\x00\x11\x01\x0cv\x90\xeb\
7\xc4`8\xe7\xfa\xfb\xbe\xcf\xfb\xde\x8c\xf6\xcb\xaf\xbf\
\xa9\xde\x04\xfaY\xb9\xdbc\xb2\xb2\xdb\xa6!\xb5\x1be\
!\xa0\x8a\x88+\xa2\x08d#\x80\xa2\xa2$\xeaa\x9e\
\x14qY\xd7\xb3\x1a\x0djY\x08uY\xe9\x8c#\xc8\
\xa9\x14T\xcek\xab\xf1\xa0\x06\x07\x84\x1cJ\x9a$\x14\
\xc4T\x0f\x92\xa8\xc6\xb2x(H\xc1\xbaw+\xa5_\
\x05\xf9\xc6T\xe8.\x0b(\xba\x1e\x1c\xd1{h\xbd,\
\x1e.(\x924\xd6{\x1c\x88\xf5\x1e\xce\x04]\x10&\
\x83\x00\x02\x82\xe6z\x13\xbe\xc6{\xaa\x08e!D\x9a\
(\x9a\xcc\x5cf\xe2\x5cS\x84\xc50\xbb\xcdf\xe3\x9c\
S\x964\xa0*\x805Y\x13\xf5xP\xcf\x83\x88\x9e\
gi\x14\xb5\xb1\xae\xe9=\x9e\xf4\x9a\x07\x92\xaa\x08d\
Y<\x90\xc2\x9a\x14EYp@X\x0d\x0b\x0b\x0e\x0c\
\xa304\x8e\x8a\xc2\x08%\x12I\xd3( \xd7\xf5 \
@y\x10\xe7\xb1(L\x0b\x94\x87+\x92(\xd0\xbb\x9c\
W\x1dP\x18\x06@\xc3\x82C\x81\x85\x9a\x96\xc5\x9b(\
\xc9\x81&\xe7\xb2\x94\xa51\x09 DX\x16\x8e)\x82\
\xa8gz\xca\x92\xa8\xcbb\xa2\x22\xabz\x10\x8a\xf4\x98\
\x14h\x08N\xdd\xee\x22+;n\x89\xfd\xca\xb8)s\
t\xc6\xcb\xbaQ5\xdf\xbd)g\xb7u\xad\xb7\xf1\x9d\
%X\xaeS\xfdTf\xd7\xff\x8c\xd9\xb8\xed\xbb\x7f\xb2\
{\xa73\xe6\x8f\xc9$\x9e\xf9\xbbv\xb7\x96\x8a\xca$\
\x9akgN\x173\xd1Z3\x96\x89*`\x12U\x97\
\xf3\xd8v\xfc\xec\xac\x9a\xdc\xb0\xb57\xf3g|v\xbc\
\xaceK\x97\xc8\x12\xcc);m\xe4\xe6~\xd7\x1d2\
\xd6ue\xd8\x96\xfd\xe8\x09\xd7T\x9b\x17S\xc0\xbb\x1c\
\xe9Z\x16\x8f\x8ajX\x93SAxV\x84\xa9\xc1\x83\
\xeaY\x91ea]\xd1\x14\xc1\xd1\xac5t\x9b\xba\x8c\
-\xa3k\x17\xd1\x9a\xb3Gf\xcbB9\xc0\xb2h\xbc\
\xeaAaE8\x12\xc9Y\x16R\xa3\xb82:f\xae\
\xdbT~\xe7\xde\xef\xc4}^\x16S\xe4\x88*\x8ai\
\xdd.\xb1\xfb\x97E\x85\xcc\xd4\x08u\xa9M\x91\xad+\
\x0ae2\x01\x02\x01q\xc4\xf5<\x08D\xf9a\xc7\xdf\
\xa5\x83\xfaa\xce\xa7S'\x89\x0bz\x10\xf5\x80D\xa8\
J\x15J\x92\x1eD\xc4`YH\x8f\xe1H\x8e\xc6\xe1\
IW\xb4@\x92\xa2\xebA\x13=\x1e\xe8UM\x83\xf4\
\x98\x0cx\x0e\xe7\x119\x5c\x8e\xe2\x81\x22\x14\xc3\xa1P\
Q\x12\x14\xcf\x93\x00\x81\x03E\x03\xaa\xde\xb9\x1c\xc8\xb9\
\xdeC_\x85\xe8\x11M\x9c\x87\xb7~\xb6Uf\x8a$\
\x13\x8a\xc1`^\xa4\xba\x1e\x14E\x9e%9\x95CB\
=X/\xc2\x91\xaa*2\x81D\x98kz\x8f\xc8C\
A\xab\xc9\xbf\x98\x11\xdf\x9b\xce\xd8\x93\x879w\xea\xf0\
)\xaa\xc2.\x0b\x09\x059\x0fV.\xb0\xeaA\x15\xc5\
h<\x87\x03q\x18\x0b\x92\x17A@V\xe3AM\xc3\
\xba\xf7\xe7o\xae\xcb\xcf\xdf\x98\x7fs\xcc\x911\xe7\x9c\
%fw\xa30\xb4\xf4\xcdE\xb6\xab\xad\x8d\xce\xaf.\
7;]\xdb\xea#''|\xfbYQ\x959\x9fu\
\xbe\xeb\xbag\xceTd\xffu\xfeM\x7f/'\x82x\
\x08\xa0\x88d`r\x22\xcb\x8a8\x0a^\xa3z\x97\x14\
5\xdc6\xc6\xe6\xcb\xf0\xf9\xce\x98\xdfL\xa2\x97\xb1c\
\x8a\x8e\xd1o\xdf\xba\x9d\x13\x03\x0b\x0e\x0e\x08\xabip\
4\x0d\xcc\xdb\xaa\xbam\xbb\xac\xec\xfd\xef\x9a\xe1\xf6\xcd\
>\xb1\xcc9\xb3\xc6\xbf\x8d1\xe7\xed\x04\xe3t\xec\x99\
\xdb\xd6\x8a\xad\xed\xda[bkc`\xee\x9ce\xfb\xc6\
\xd6\x9a&\xd3\xfe\xcb\x0e;\xf1\xce\xd9\x1c\xbb\xf5\xeac\
3J\xbbt\xe8\xb69\xd5\x96\x98\x09\x97\x9b\x9b\x8e\x9d\
a\xabso\xe8\xb6\xfd\xd9\xa5[l\xca\xb0k\x8fl\
\xdd\xba\xb3\xfc\xc7\x9d~r\xe3\xef77\xd6\x98g\x8d\
1m\xd5\xd7F\xc7\xec\x9b\xe3g\xcce-\xc1\xfa\xd7\
\xbb\xb5\xcf\xdem\x99\xc8\xd2\x7f\x9b:*;n{=\
\xafj\x94\x0a\xab\x8c\x22m\xba>L\xe2'\x1c\x99\xf2\
\x8d!c\x14_\x96\xd8\x9aHERX\xdb\xaa\xabb\
&|\x953\xb1\x8c)&\xa3<Jb\xdb*\x04\xde\
DM\x8aG\x81\xaa.\x8b\x00C\x00\x01\x8a\xc6\xf5p\
9\x90\x85A\x95\xads\x8f\x9ap\xce\xa5.2e\xda\
:\x1c\x0c\xbb\x8c\xb13\x95\x09\x82\x14\xa8B\xab\x9cs\
\xc8)\x9b\xd1\x14$i7\xa2\x19\x86\xa2y\x98eb\
i;\x02Y\x9e\xc38\x10\xa3\x10\xa3\x08!\x84\x10D\
\x0c!D@\x0c!DPD\x02\x11\x12!\xeb\x06j\
\x06fu\xbbVJ{z\x9c\x87\x1b\xadA\x82\xcde\
\x0f\xbb\xf3\x00GU\x01\x86\x1b\xdd*KE&a\xa0\
cO\x1b\x00t\x1c\x08&Y\x1ck\xec\xe4\x88\x8ef\
\xacgp\xf3\xe77\xbbF>\xab)\xa6\xff\xb3\xea\xa1\
\xa6Y@\x9e\xe4\xa4\xcb\xd9\xb02o\x8d\x1eh\xecV\
\x8b\x12\xeeQ\xa09\xf1\xe7\x87s\xea\xd1\xed\xba\x86\x88\
d\xddgiw\x08\xd0\x9d\x9dN\xd7\xac+\xdfZ\x17\
\x09!\xe0\x97\x1a\x5cg\x019\xd0\x93o(.\xcfr\
F}\x1ek\xae\xfe\x18\xd6X\x02P\x07]\x14\x84\x09\
N\xc1C\x98;\xab\xb3m\xce\xb7\x93\xa5\x17:[%\
\xbd =37\xbf\x1a\x0bN\x94\x05\x93\x81*\x90\xc2\
\xec\xc5\xc8\xb4\xa2\x16\xc7\x5c\xd4\xc6-\xfe\x94\x12\x99w\
\xd9NX%\x02\x100\xf2-\xc2M\x9a\x02q\xe4x\
[0M\x1a\x00\xe9\x8f\xc1\x06\x1bL>N\xfd\x94\x0c\
\xa5\x94\xf1\x84}\x83\xbc\xb1\x96\xef\xf1 \x83a\x93O\
\x08\x10\x1bt\xa9\xf3\xe3f\xf63\xbeL\x0a\x96Rg\
:}\xad\x98\x0amC\x8cx\x1bI+\xa3j`\x19\
\xe2\xbc\xe1\xe4\x0f\xc7\x15{\x85\xc1$2\xec\xee\xec$\
\x7f\xd5@\xa4}x\xe9\x10\xcbpZe\x034\xf9\x91\
\x16\xd1\xaah\xdfw\x9cc\xa6\x90\x17\x8d\xbdkUs\
/\xab\xb4\x04\x04\x8a\x01\xc3DA\x05\xe7\x033X\x98\
&\xee\xc8TR\xde0\xa9\xd4\xb0{G\x8eu\xd0\x0a\
\x04\x94\x12\xf8\x0e}\xe3)/\xc2c\x1a|2?\xa9\
\xfc\x81\x08\xceks\x15\xd2\xf7\xa0L\x17\xe0\x22\xcf\xad\
\x97\x80\x90\xedx\x13u\x22\xf0\x7f\xc7J\xa1t\x8d0\
O\xc2 nD{\xbb\x0c\x0c\x02\x97\xcbI\x01\xdb#\
\xbcW\xa4\xc0}z\xf7\x05\x010u\x04?m\xb0\x1a\
\xb4\xe9\x01\x91\x0e\x1f~?\xba\x97\xea.\x8fk\xb2\xfc\
\x0b\x19k\xfb\x1e\x1et\x80\x030Y0q(h\xd8\
\x01\x1b\x10\xeeECa\x86\x81\xad#p_\x8bcJ\
\xbdn\xe8\xe1x\x05g#\xe2GN\xeaPz\xb5\x1b\
v\x04\xbc\xe3Lg\x8b\x82\x1e+\x18*\x95R\x8b\x0f\
caC1{\x8b\xb6a[\xa9@\x85\xc2D\xe1\xf6\
\xf9\x06\x1fN\xe7\xbc[\xf3fn{\xfb\xee\x80'\xe7\
\xab\x0c\xf7\x06k8\xc2\xc9\x82J\xcf\xa2d,>\xc5\
=\x01\xf1\xcb\xde\xdeY\xe8 72$\x88\xf1\xac\xb2\
^2\xfa\xd3`\x98\xa3\xa6\x12J\x9aB\xe1I\x98\xe4\
o\x19\x82Z\xc0\xd9\xb1>F\xef\xc7\x0b\xe4\x90\xc9\xd2\
ft\x18%Z\x16\xbc\xd1\x8d!\x09f\xd05\x9b\x03\
\x87R\x0b\xadS\xa7\x994\xb1\xf9j\x8eD\xb0\xbbB\
U:<\x7f\x02<\xe3\x9d\x9e\x84\xb0\x84@\x80\xd2F\
\xa5\x8c[\x11C\xd9,\x93\x0c_6\xa5\xf8\xed\xbf\xc5\
)\xa0\x10\xbbn\xaa\xf5VF\xa82\xc6\x04\xbcO\x14\
9\xc4\xa6\x8c3{kT\xa5v\x0f\x80~\xd2\x8d7\
\x85\xd8(\x0a\x94\xedI\x9d\xdcD\x8a\xb6\x88\xb4\x13-\
q\xce\x15ZR\xf9\x0fbT\xfaXv<\xcfg\x9d\
\xd6\x9eP\xb3GJ(G\x01T\x05[\x88P\xf0\x05\
\xdbkv\x1b\x00X\xdd\x1b<\xb4\xe8\x0f\xe8\xa6\x14\xd9\
\x0b\xcb\xd7\xd9\xd0\x973Gl\x0b\x92pXS\xa3X\
0;\xaf\xeff\xd5\x10\x99~d\xde\xac\x93@\xc1\x1c\
\x0bg\x1c\x1c\xef\x00\xe9\xde\xd0j\x86:\x9ad@\xf2\
a\xea\x0d\xdaC\xee\x16\xd4\x19Hd(\xa0f)3\
\xd1e R\xb7$\xd8\x89\xd9q\x91@|\x14\xcc\xac\
#\x97\xaa\xbdN\xa1\xe0\x96\xd1o~,7\x0c\xe2\xbb\
\x8c\xe8?\xd1\xbd&\xc1\x91\xfe\xd4\x806\x22b2\xbb\
\xd7g\xc1\x86\xb7\x1c\x16\xdc!\x0dh:H\xccX\x1c\
\xf1T]\xf7b\xae\xcc\xc1\xc5W\xc5HQGs\x95\
\xae\x92=P\x11\xc5^\x8fn\xf4\x91\x03%\xdc\x97\xcc\
\xbf\x8c\xfa2\xb1q,B\x05\xe3.EvCP\x8e\
+\xc6\xb9\xff\xad_\xfa\xa1\xa8\xce\xb6e\x98\xd0\x91\xf2\
\xb9\xc0B\xcfT\xb6\xbc\x08\xf6$~\xe2\xbd!6\xfd\
\x9a=\xd8\x07\xf0G61\xe7\x10\x8b3\x96X\xe1#\
;\xb8I\xc9\xf9_'\xbd\x8d23\x0a)\xee\xe9o\
\xcfU\x8b\x8c\xe9\xee\xa6\xd6GY\xbf)\xbf\xa5G\xcc\
\xbc\xb9\x9e\x92\x16\x87az\xc6\x88\x0a\xa5\xf3\xc8\xde\xb9\
\x19\xe8\x1a\xa5\x9d\xca\xf5?&Bo\xe7O.&\x1d\
J\x85\x1ea\xc2Xt&:!\xc7\x14\x14x\x8a\xb4\
\xc3\x9c\x07\x1aJ&\x84<o\x95'\x9d\xec\xc0\x974\
zw\x8f<\xc0\xffa\x85\x10\x07\x8f\xd1\x81\x99\xbf\x14\
,m\x95\x03G\x10e%\x01$\xf5\x1a\xfa\x92&\xeb\
D\x82Q\x08\x04\x83\xfe\x87\x88\xe3\x00\xf2\xc9Ks\xc7\
W.\xd9\xa9\xc5=\xd2/ \xa1\xb6#\xfd\xc6\x07\x86\
\x95\xd8K\x1e\x18\xc63)\xb5\x03\x93\x1d\x8a-\xec/\
\x0f\x1f\xf6<\xad\
\x00\x00\x0dt\
<\
?xml version=\x221.\
0\x22 encoding=\x22UTF\
-8\x22 standalone=\x22\
no\x22?>\x0a<!-- Creat\
ed with Inkscape\
 (http://www.ink\
scape.org/) -->\x0a\
\x0a<svg\x0a   xmlns:d\
c=\x22http://purl.o\
rg/dc/elements/1\
.1/\x22\x0a   xmlns:cc\
=\x22http://creativ\
ecommons.org/ns#\
\x22\x0a   xmlns:rdf=\x22\
http://www.w3.or\
g/1999/02/22-rdf\
-syntax-ns#\x22\x0a   \
xmlns:svg=\x22http:\
//www.w3.org/200\
0/svg\x22\x0a   xmlns=\
\x22http://www.w3.o\
rg/2000/svg\x22\x0a   \
xmlns:xlink=\x22htt\
p://www.w3.org/1\
999/xlink\x22\x0a   xm\
lns:sodipodi=\x22ht\
tp://sodipodi.so\
urceforge.net/DT\
D/sodipodi-0.dtd\
\x22\x0a   xmlns:inksc\
ape=\x22http://www.\
inkscape.org/nam\
espaces/inkscape\
\x22\x0a   width=\x2213\x22\x0a\
   height=\x2213\x22\x0a \
  viewBox=\x220 0 1\
3 13\x22\x0a   id=\x22svg\
4339\x22\x0a   version\
=\x221.1\x22\x0a   inksca\
pe:version=\x220.91\
 r\x22\x0a   sodipodi:\
docname=\x22eta.svg\
\x22>\x0a  <defs\x0a     \
id=\x22defs4341\x22>\x0a \
   <radialGradie\
nt\x0a       inksca\
pe:collect=\x22alwa\
ys\x22\x0a       xlink\
:href=\x22#linearGr\
adient4323\x22\x0a    \
   id=\x22radialGra\
dient4230\x22\x0a     \
  gradientUnits=\
\x22userSpaceOnUse\x22\
\x0a       gradient\
Transform=\x22matri\
x(-0.19711629,1.\
3554801,-1.31558\
37,-0.19131452,-\
152.05269,475.30\
024)\x22\x0a       cx=\
\x224\x22\x0a       cy=\x224\
.0625\x22\x0a       fx\
=\x224\x22\x0a       fy=\x22\
4.0625\x22\x0a       r\
=\x227.5\x22 />\x0a    <l\
inearGradient\x0a  \
     inkscape:co\
llect=\x22always\x22\x0a \
      id=\x22linear\
Gradient4323\x22>\x0a \
     <stop\x0a     \
    style=\x22stop-\
color:#d05555;st\
op-opacity:1\x22\x0a  \
       offset=\x220\
\x22\x0a         id=\x22s\
top4325\x22 />\x0a    \
  <stop\x0a        \
 style=\x22stop-col\
or:#a02c2c;stop-\
opacity:1\x22\x0a     \
    offset=\x221\x22\x0a \
        id=\x22stop\
4327\x22 />\x0a    </l\
inearGradient>\x0a \
 </defs>\x0a  <sodi\
podi:namedview\x0a \
    id=\x22base\x22\x0a  \
   pagecolor=\x22#f\
fffff\x22\x0a     bord\
ercolor=\x22#666666\
\x22\x0a     borderopa\
city=\x221.0\x22\x0a     \
inkscape:pageopa\
city=\x220.0\x22\x0a     \
inkscape:pagesha\
dow=\x222\x22\x0a     ink\
scape:zoom=\x2211.3\
13708\x22\x0a     inks\
cape:cx=\x2228.4061\
67\x22\x0a     inkscap\
e:cy=\x22-3.3423406\
\x22\x0a     inkscape:\
document-units=\x22\
px\x22\x0a     inkscap\
e:current-layer=\
\x22layer1\x22\x0a     sh\
owgrid=\x22false\x22\x0a \
    units=\x22px\x22\x0a \
    fit-margin-t\
op=\x220\x22\x0a     fit-\
margin-left=\x220\x22\x0a\
     fit-margin-\
right=\x220\x22\x0a     f\
it-margin-bottom\
=\x220\x22\x0a     inksca\
pe:window-width=\
\x221680\x22\x0a     inks\
cape:window-heig\
ht=\x22995\x22\x0a     in\
kscape:window-x=\
\x220\x22\x0a     inkscap\
e:window-y=\x220\x22\x0a \
    inkscape:win\
dow-maximized=\x221\
\x22\x0a     inkscape:\
snap-nodes=\x22true\
\x22\x0a     inkscape:\
snap-others=\x22fal\
se\x22\x0a     inkscap\
e:snap-bbox=\x22tru\
e\x22\x0a     inkscape\
:bbox-nodes=\x22tru\
e\x22\x0a     inkscape\
:object-nodes=\x22t\
rue\x22>\x0a    <inksc\
ape:grid\x0a       \
type=\x22xygrid\x22\x0a  \
     id=\x22grid490\
5\x22 />\x0a  </sodipo\
di:namedview>\x0a  \
<metadata\x0a     i\
d=\x22metadata4344\x22\
>\x0a    <rdf:RDF>\x0a\
      <cc:Work\x0a \
        rdf:abou\
t=\x22\x22>\x0a        <d\
c:format>image/s\
vg+xml</dc:forma\
t>\x0a        <dc:t\
ype\x0a           r\
df:resource=\x22htt\
p://purl.org/dc/\
dcmitype/StillIm\
age\x22 />\x0a        \
<dc:title></dc:t\
itle>\x0a      </cc\
:Work>\x0a    </rdf\
:RDF>\x0a  </metada\
ta>\x0a  <g\x0a     in\
kscape:label=\x22Eb\
ene 1\x22\x0a     inks\
cape:groupmode=\x22\
layer\x22\x0a     id=\x22\
layer1\x22\x0a     tra\
nsform=\x22translat\
e(160.78572,-477\
.29077)\x22>\x0a    <r\
ect\x0a       style\
=\x22opacity:1;fill\
:url(#radialGrad\
ient4230);fill-o\
pacity:1;stroke:\
none;stroke-widt\
h:3.54330707;str\
oke-linecap:roun\
d;stroke-linejoi\
n:round;stroke-m\
iterlimit:4;stro\
ke-dasharray:non\
e;stroke-dashoff\
set:0;stroke-opa\
city:1\x22\x0a       i\
d=\x22rect4224\x22\x0a   \
    width=\x2213\x22\x0a \
      height=\x2213\
\x22\x0a       x=\x22-160\
.78572\x22\x0a       y\
=\x22477.29077\x22 />\x0a\
    <path\x0a      \
 style=\x22fill:#ff\
ffff;fill-opacit\
y:1;fill-rule:ev\
enodd;stroke:non\
e;stroke-width:1\
px;stroke-lineca\
p:butt;stroke-li\
nejoin:miter;str\
oke-opacity:1\x22\x0a \
      d=\x22m -156.\
78572,480.29077 \
0,5 1,0 0,-3 1,0\
 0,-1 1,0 1,0 0,\
1 0,6 1,0 0,-7 -\
1,0 0,-1 -1,0 -1\
,0 0,1 -1,0 0,-1\
 z\x22\x0a       id=\x22p\
ath8509\x22\x0a       \
inkscape:connect\
or-curvature=\x220\x22\
\x0a       sodipodi\
:nodetypes=\x22cccc\
cccccccccccccccc\
\x22 />\x0a  </g>\x0a</sv\
g>\x0a\
\x00\x00\x09\x9f\
(\
\xb5/\xfd`\x886\xadL\x00\xfaf\x84\x11(\x00m\
\xa8\x0e@\x1d\x98N-E#\xd2\xfe\xee\xe5\x1es4\
\x01\xb2\xb2\x01\xc6NlY\x11\x11\x11\x89\xf5c\x88\xb0\
\xa5\xff\xaf\xab\x82\x08.\x01\xf8\x00\x1c\x01\xcf:\xdd\x1c\
:\x88\x1fw\x1a:\xe7a\x1d\xd4-\x1bC\x0f\x0f\xce\
u6m\xad\x8d\xdb\xe6\xf27\x86\xabM\xd33\xf1!\
F&nB\xd9WWEvw\xbf\x9e@OL\x5c\
\xcfb0\xa8\x85@*&WD\x11\xc0\x00\x8a\x8a\x92\
\xa8\xa7\x91&\xd7\x83\xba,o\xb7\x11\xe4T\x0a*\xe7\
\xb1\xc5xP\x83\x03\x9b\xde\x83j \xcb\xe2\xa1 \x85\
3\xabV\x0a\xbf\xea\xd1\x98\xa1\x22uY@\xd1\x05\xd1\
\x88\x1e\xc4\xf3\xb2\x80\xb8\xa0(\x92\xb0\xde\xe3<\xac\xe7\
p&\xe8\x82\x186\x08  H\x5cob\x8f\xf1\x9e\
\x0aBY\xec!I\x14\x09D\xd4F\xe2\x5c\xd3\xc4j\
\x1a\xd5\x84b\xc29\x97\x1ba@U\x00k\xb2&\xca\
\xe1\xa0\x9e\x17\x11=\xcf\x92H\x96\x09\xeb\x9a\x9e\xe3I\
/\xf1@R\x05y,\x8b\x07RX\x93\xa2(\x0b\x8d\
\x08\xabaa\xc1\xa1i\x14\x86D\xa3\xa2X\xc4\x22\x91\
H\x22\xa1x\x5c\x17\x84\x00\xe5=\x9c\xc7\xa20-P\
 \xae(\xa2@\xefr^u@i\x1a\x00\x0d\x0b\x0e\
\x05\x16jZ\x16o\xa2$\x07\x9a\x9c\xcbR\x96o\x12\
@\x88\xb0,\x1aS\x04Q\xcf\xf4\x94\x05Y.\x8b\x89\
\x8a\xac\xeaE(\x92CR\xa0!\xcd\xcd\xd92\xffn\
k~C\xc6\xc9\xaa\xea\x9e\xbe\x9f\xde\xac}\xd5\x99Y\
&\xb6n\xd6\xda\x99O\x97\xd9r\xd7\xf1\x22\xbf\xba{\
>kn\x8c\xba\xf6\xe8\xa8\xef\xe9\x94!o\xb7\xd6\x96\
\xe1\xefk\xebn\xb8\xdd\x8c\xed\xde\x8da\xc34\xef\xd6\
\xc9\xfc\x8f\xc9\xb2a\xdeq\xbbKe\xc8\xfc\xb3;\x22\
K\x01\x92\xa8\xba\x1c\x87\xb2\xdb\xb6\xbd\x99\xb8\xcf\x9e\x9b\
\xbd\xdb\xb2\xb6n\xd5\x1f\x1f\x1d2g\xdc\xe5\xbad\xb6\
\xef\x9aj;\xe6\x9b\xda\xc9\xa0\x8f\xdcX3\xee3y\
\x95\xa1\x80w9\xd2\xb5,\x1c\x15\xc5\xb0&\xa7\x82\xf0\
\xac\x08S\x83\x07\xd5\xb3 \xcb\xc2\xba\xa2)B\x83\xfd\
\x9f9\xc5Tw]\xe6\xd8M\xfe\xdb\x1b[_\x16\xb9\
\x01\x96\x05\xe3U\x10\x0ak\xe2D$\xe7yRB\xe9\
\x5c\x86\xcd\x10\xd5in\xebem\x8cL\xdb.\x8b)\
jD\x15\xd5<\xb3C\xc6\xdc\x96E\x05D\xccI:\
\xccO\xe6\xda\x8aB\x91LxD@;\xb9\x9e\xf7x\
\xe4\x06.\x13\x99i*\xaan\x19&&\xa3\xfc\xbf\xef\
\x8c\x95\x89\x9a\x14\x8f\x02U]\x16\x01\x86\x00\x02\x14\x8c\
\x05\x88\xcby0\xa8\xfa2F\xcc\x86\xb9\xa0\x07Q\x8e\
\x07\x84\xaaR\xa1$\xe9ED\x0c\x96\x85\xf4\x1e\x1c\xa9\
\x91hx\xd2\x15-\x90\xa4\xe8z\x90\x88\x1c\xafJ4\
H\x0e\xc9\x80\xd7p\x1c\x91\xc3\xe5(\x1e\x08B=8\
\x14*J\x82\xe2y\x12 p\xa0`@\xd5\xd2\x9c\xcb\
\x81\x9c\xeb9\xa0W!rD\x12\xc7\xd1\xca\xd9\xf05\
\x9b)\x8aH\xa8\x87\x87\xe6A\xaa\xebA\x11\xe4Y\x92\
S5\x22\x14\x84\x95o\xe2HU\x05\x91< \xdb\x8c\
\x93\xd4\xa6\x92\xe7]s\xed\xd8RT\x05]\x16\x11\x0a\
r ,\x5c\xf0\xeaA\x15\xf5\xc0x\x0d\xe7\xe1<,\
D^\x14\x01i{uwK\xab#'+\xbbs\xfc\
\xee\x18\x18\xf9\xd9\xb7k\x18\xddl\xf6\x88\xc9\xdd\x1a\x1d\
:e\xca\xaf\xee\xc8z\xd9\xfe\xba\xbb\xc64[6d\
\xf4v\x83\xb9\x0e\x95?\xdb;Kwe\xcd\xab\xf9\xcc\
:\xdd.\xdbL\x5cN\x14\xf1\x10@\x0c\x91\x0cLN\
dY\x10G\xc1[\xd4\xf5V\xef\x92\x22\x06\xb7\x0b\x0e\
\x8d\x08+\xd1\xb0\xe0\xd0pu\x9a\x8c\xdc4\x0c\x7fk\
\x0d\xd3\xe8\xf0\xb7\x1ds\xab\xde\xf4r\xe3\xe7o\xdcX\
*\xb3\xe8\xab\xc8\xb4\xfd\xa2\xdb\xd6\xba\xae\xaf\xed0\x11\
\x19\xb3\xa2\x9f\x8d\xa9\xfe6;\xe7X\xb2+\xf2+\xf4\
\x22\x9e\xe2I\x90\xea\xf7\x95\xddM\x9c\xaar VD\
R\xf5\xde\xb5\xbb\xad\xd0\x8d=\xae\xc2\xa0Qo\xb6\xd9\
\xce\x14d\xda\xd1\xb1N\xe6L\xb7\xe5e\xeeL\x19\xd6\
v\xdb0\xb9\xa4\xa2C\xb6\xdcx\x7fc\x9d\x98\x9e\x8c\
\x9f\xecW\xf9\xdd#s\xea\x94\xb514\x17\x01\x7f\xef\
\xccT\xd6\xfd\x86(\xa9\x18\x11\xb3z\x1eDM\x8cm\
\xaf\xe7U\x15\xd8\x9bn\xcev\x9bd\x14\xb7\xc9U]\
g\xbfM\xd3\x1e\x1b\x85\x19\xe6e\xb21\x9fu\xd9m\
\xf3\xe6\xed\xc8V\xb9\xf9\x9b\x99\xb5\x9b\xdd\xbbs\xfen\
\xddj\xdbf\xb2\xb9W\x96\x94\xd6\xd6\x0c\x19]\xd7\x9a\
f;UM\x96\x8e\x1b\xd5\x19*\x8f\x82\xcc\x7f\x82I\
\xa8R\x93\x1c\x95\x86\x992iI\x92Lc\x92)\x88\
\xa1\x91\x18\xe6\xb5\xed\x06\x12I\x9e\xe20\x90c\x18\x88\
C\x8c!\x04\x19B\x08!\x84(\x12\x88\xc8H S\
\xa3q\x0eSU\x00\x9d|\x9a\xe5\x928\x995\x5c\xba\
V\xc2\xf1C\xe4_\x18\xb5\xb8/\x18\x1e-*\xd0o\
\xf2E\x0b\x89&!\x18\xe4\xeeKN\x90\x96\xfb\xe0\xb1\
2\xa1\xa5]\xed\x12\xf4\x182*\x8b\xf6\x0a?\xe0\xbd\
C4\xf9\xe4\x22\xa0\xef?\xf1\xf3\xcc\xc7G\xf4\xa3\xdc\
v\x15=\xa6\x96\xd5@\x02\xe5\x95\xa5\xed\xf5\x9e\x09\xe2\
\x83g\xe3B\x180\x87\x1d\xa1\xc4\xd8#\xb6\x02\xd6U\
\x84\xc4\x1a8_M\xb9\xf9\xc6\xd1\xa5GQ\xe5E\x00\
B\x9c\x5c3\xb5\x86,\xcc\x19\xa4LE\xdc\x82CK\
\xd5\xc1F\x03\xa8\x08\x8b\xd1\x03\x8e<\xafk\x16GF\
\x90v\x1a\x83;e?\xfa\xe00\xff\x01QK\x98\x93\
07@\x00\x05\x04\xce\x8ei\x87\xb1\x8a`\xd2\x18\xac\
\xb9\xe9\xf0\xb9\x09cG6^v\x1a\x95>`\xe4\x85\
L\xddd\xc7\x13\xe3\xe6\x93\x92\xbaj\x9d\xfbL\x87%\
\xa1\xc1$\x11;\xb1\xa4e!\xf0J\xd1H\xcbB\xd8\
\xa6E\xef#\x08\xc1\x22&\xc4\xe8\x07\x9c+\x12\xe2\xb7\
\xf17\x8f#\xe7\x07\x89\xc8\x00I\x98\x1a3\x1a\xf0G\
\x9c\xfd\xb6\x84o\x0f\xb3\xab\xcb\xd3\xd98\xf3\xeazl\
\x9f\x9cfw\x17\x81h\x0e4\xa0f\xccEO\xca\xf9\
K\xc2\xd4E\xd1\xef\xc6\x9f\x87\xf32%9\xfb\x0dy\
A\xf3\xb0\xa0C\xf6\xd8\x90>2\x22}A\xc0\xe2\x19\
\xc6\x97\xa3@\x22Y\x14p\xd8\x0b\xa6\xd4g\xef\xab'\
\xdf\xaf\xe5\x18\x15\xa1-yY\x038|\x1a\x14\xce\x04\
\x01\xdb\xcb\xcd\x1b\xc0f_\xaf*\x81\x9e\xe5\x0bl\x04\
\xe9]\x0cS\x93\xf1\xa3\xc4\xeb\x1b`\x8b\x91\xb6\xc2\xb3\
\x1f\x02\xa8\x82\x1d\x08%\xe1\xc1\x92G\x99`Sm\xe2\
\x87\xea\x83\xe1Wgj\xb2\x16\xf9l\xb5L\xeb\xa0\x12\
u\xd8\x0f\xbe$\xc7\x81\x0f\x97\xa6\x06]^\xaaK\xce\
\xdb\x00b3\x18@\x88\xa7\xe8\x9a\xdb\xb9KF\xa21\
\x85\x04'\x04&\xf3G\x182\x0d\xd0\x95\xff\xd3\x10\x8a\
<\x09\xa2\xc5\xa1\x86Nz\x1e(b\x0d\xcd/\xd5\x95\
\xcd&\x15\x9d\xf2\xc6m_H0u\x8c\xcf\x1d9\xf8\
\x01\xad\xda\xc1\x22\x8c\xfa\xfe\xc7\xe8\xe0H\x00z5\x10\
\xcbH0TL\xf2\x83\xc2\xa18\x14e\xc9\xdfRW\
\xa5R\x8c\x1e\xfd\xa4\x80\x88\xfa\x02X\x06Dj\x9ah\
f\xf1^,\x09\xe4\x03\x9f\xce\xb8U\xdf&\x1e<\xfd\
.N\xe2\xdc\xc8\xd2Q\xbb\xaa\x83\x8c\xd2\xc4\x9cz\xb2\
\xf3~4\xf3%WK\x99\x88\xfdWS<ug\x97\
V\xbe\xb8\xdc<\xe8]N\xb24Y\xc0\xb2@\x0e\xde\
\xf4\x8f\xe9\x0d\xd2\x9b\x0c\xcb\x5c\x91y\xccJ\x10\xdc\xa8\
}\xcf)j\xf4>\xaa.9(\xc4\x99\x11\x07\xb1n\
\x8f)\xca\xb1\xd9\x03\xc9{\xfa/8\x1f\xf6\xfb\xde\x05\
('\x8e{G\xf2'\x1e\xd0\xc9\x0c\x1e(\x95\xde\xdf\
-<\xbaD[G\xb0\x03\xbf8c4]\x9b\xa4Y\
X\xedA\xfaD\xdf7@\xfeE~\xec*\xe1\xbc;\
\xf3E\xe0p\x9d\xfd\x1f\xd7g|\xe1r\xff\xfb\x94\xc8\
\x97\xbaJ\x22\xd2\xf3\x18pL\xd1\x12\xa1\xfe\x92\x1c\xd0\
\xbe\x82f\xb4q:n6>\xc0\xa53\xe1\x1bE\xaa\
e\x98\x12\xab\xf6\x05q\xe6j\x8e\x1aQ\xc5b~2\
\x85\xc8\x9eI\x09\xe4\x82\xbc\xa1\xf3\xfaiF\xa3J;\
\xa1\x9eJ\x15l\x84\xf8\xfd\xe8\xa6\x19\xedt6\xa7\xa8\
E\xa4\x9d\xde\xd2\x12\xad\xac\xa5\xd4\xe062*\xa3\xad\
L{$\xcc:Y\xf3\x84R\xda\xa4\x84\xa2\x10\x90N\
x\xc3$9\x9e\xc2\xbd&\xf4\x00\xd0\xa1\xef\x0d\x9cZ\
4\x9et\x13\xb7\xef\x05\x0b\xeblF\x97\xb3\x0b\xbd-\
,G\xb1&EY\xf7w\xbc\xdd\xcdd\xbe\xd7\x82$\
\x15\xd6i#\xa80\xc1\xc1\xbb\xfb\x96\xb1\xba7\x88\x1f\
\xeeP%aY\xf6,}\xa1\x18\x11\x00\x9d\xbaj\xd3\
\xab\x0d\x04\x95\x22\xa7.4\x92\xba\xe6\x95.vG\xa1\
\xf8\x98\x8d\xe2\x9d\x8b\xb04\xbf\xd7\xde\x94V0\x06\xbd\
\x9f\x0fM\x1a\xaf>\xa3\xaf\xa0\xb5c]\x91.\x1a\xb5\
\x8d\xfbkif\x9f\x86%3\x9e\xa4\xb0\xc0\x8a\xd4M\
\xa3\x09\x05#\xde#8U\x8a\x17\xb2w\xce[\xe4G\
\xcf\xde\xac/\x9d\xd3\xf8Hx\xfc\x01\xbf\xcb'\x8b\xe6\
r\x96\x08\x08\xfe\xcb\xf6\xbf\xf0}\xf8\x05\x90z\x9c\xa0\
\x82\xd9\xb0\xb8\xf8\xbc\x9a\x8a\xc5\x1c@\x85\xab\xba\x84x\
\xae\xafz\x90\xf1\xbe2T\x9fn\xd5\xe7:\xf3\xd2\xc6\
\x01qW\xfd\xae\xba\xef]\xca\xb0\x86x\x14= \x06\
\x8ej\xf3 c\xce\xdf\x19\xe2\xce\x89\xe4\xf5\xc7u\xf6\
I\x8c\xc7\xd4]\xf0\x90u\x93])\xb0\xd6\xc7\x81x\
\x10m&D\x17KgZ{Y\xab\x9e<\xfb\x9e\xbd\
\x9d\xfd\xd7\xcdG/\xcc8 \x82\xaf\x00\xcc-\x8a\xf6\
0\xe4x\xaeh/R\xb8\x0b\xe5\x1e\x87\x93\xf7\xc1\x8c\
3\x08\xeam\x86Aa\x95\x09\x1a\xae=\xc2b\xb3\x10\
\xc1\xdfhO:\xae\xb7^\x08\x13\xb1{0\x85\x89\x85\
\xddSvq\xb8\x86lp\x7fd\xc9\xfa\x17\xd8\xf6U\
\x98\x0b4\xec\xc4&B\x1a\xf0\xcf\x05\xf3\x09\x88\x87\xde\
\x80X\xe9\xf0\xfc\xe9\xa4\x05\xd9\xb3\x00x\x92N_\xa9\
\xca)\x94s\xe4\xbe8\x04\xb0\x96\xeeg\x0f4\x1cp\
\x96\x9f3s@\xa1\x98\xbd\x17\xedCO\xa9\x15\
\x00\x00\x06D\
(\
\xb5/\xfd`\xdb\x17\xd51\x00F\xbf\xbb'\xf0l\x86\
\x1e\x83;\xde\xbdz!\xddO\x9a\xe3\x89\x84\xc4\xea\xc8\
\x00w!\x0e\xf6\x8b_\x8c\x92l\x15`D\xf5\x81M\
\xa4\x1a\xc9U\xb1\x00\xad\x00\xaf\x00\xca)\xb7\x9aI\x0f\
p\xfcmt\xc6s\x9f\x91\xbc\xd50\xba\xbd\x0e\x84\x7f\
\xa5\x11\x7f\x88f\xdbms\xac\x80\x83\x02H\xff\xdc\xde\
\xf9\xba%\xcd[\x84'\x06q\xceA6\xd1\x9e\x1f\x9c\
1\x08\x11\xe8\x909\xe7K\x1c\x8e\xdd\x0b<\xf3\xac!\
H\xd7o\xdcZ\x17\xf2\xdaCx\xcf\x0f=~\xa4Z\
\xbc\xa5h5\xd52<+\xa5\x14\x9e\x06\x7fPP\x80\
`L5 \xcf\xd6\xed6\x87\xc3\x81 L\xd4;\x83\
A}D+\x9f\x90\x13(F\xbf\x0ee\xbf\xd3\xdf\x04\
\x14c\x00\x1e\x14 \x04,\x9dW\xf3Ycj3\xed\
\x5c\xad\x85\x1dp\xf0`5O\xbeV\xd7\xfcj\xb9\xf6\
V\x93\xf5\xe5\xfb\x1b\x0aC\x93\x80\x87Q!\x13\x8bB\
.P\xca\xf6Xb\xbe\xe5\xc9\xc5\xb5\x97\x90\x10\xc28\
\x13\xd7\x1c\xc3tw\xa7\xd0j\xa0\xad\x1d\x9e\xe9v\xf0\
\xacf;N\x84\xce\xcd&\x95(aS\x94\xc7V3\
UE\x81qa5\xceo\x06\x83i\x92$\x09\x8cI\
\x8b\xab\xc9\xf7\xb9[\xb3\x08\xe7\xdc{<\xd9\x14\x8a\x89\
\x105\x96M\x1e\xbd~\xc4\xf7G\x88\xf2ju\x1cD\
-\xd9\x9f;\x8e^\x8fy\xf4\xab\x1d\x9c\xa34\xda\x05\
fk\xb6\x9a\xc7\x8f\x1e\xe9\xce\x138#\x7fP\x07\xa6\
\xab\xe9\xf51\xd6\xb5\xe7\xbf\x96n\x04\x9b\xfe\x8bI\xe4\
\xce\xdb\x07\x88\xd6_\xc2j\xaa\xb6\xccVo6\xc7\xbc\
\x99$q5\xf6\xaa\xe4\x05\x8e\xb4\xfb~\x1c\x9a\xc1\xff\
A\xf1\xde\xd2\x14IL\xaa\xda\xc6\x99\xb4\x98\xcc'e\
\x84M.NI^\xd2\x1e\xa4u\x04\x5c\x8dC[\xca\
\xe0N\xb1\xdfn\xbdp\xfe\xa1\x11]\xd8\x87\xe8\xfe~\
!&_-\xa1wi\xc1L\xd1c\xd8\xe7\x9f\xa0w\
\xe7\x0e\xd6\xea\xfc\x8dg\x1eK\xdb\xa1a.0\xe0-\
1\x18_gE0\xa5A\x96P\xb2I\x96pJ6\
\xc5\x12\x13\x0aR\xa2\xdfR\xa7\x8d-U\xb6u\xce\xfc\
\xad\xce\x91t\x0e>F\xa7\x0b\xa2\x8b+\x5c\x22T\x14\
\x17\x97\xf7\x88NN\xa5M\xf9\xe6|\xfe +h\xb0\
\x9fK\xab\xe1\xfd\xe6\x07\x0dP\x99\xf0\xb5'\x15\x099\
\xdd\xb2\xc8D\x5c\xde\x0b\x0a\x10O\x83#\x0f\x0a\x10O\
\xc3j\xd8\x84\x0f\xba7epj#s\xb1\x83l\xee\
\xb9DQ\x14Pa>\xf5 S\xc9\x8c1\x22I\x94\
KD\xa6\x1eTZttA\x81\xafAQ\xdc\x8c,\
\x01\x15\xb9(\xcd)\x1e\xc3w\x8a\xbb\x85\x22I\x7f\xfe\
\x85\x81\xd5\xe0_P\xfc<\xee7\x01\xc6\xb77@.\
T\xedo\xe4\x01CS\x80\x7f(t!:e\xaa\x95\
\xf4\x82N\xd8\x1a\x02S\xeb\x81\x02\x0c\x18\xc7\xee\x18\x93\
H;\xb5\xb4?$\xdd\x8c\x8f\xa9\xd7\x97\xb0\xd0\x93^\
,8\xa6\xce~F\xd7\x9cE4s\xfb\x11\x17\xba\x13\
\x85\x1e\x93\x84\x0eN\x96\xaf\xa3w\xbd`<ww\xe7\
q\xa4;\xcb\xf7\xd9\x14b\xfd\x06\x81|\xa8\xb1)B\
lFF\x92\x82$\xd99q\x081\x12uL\xb3:\
\x02\x81H\x85\xd1$g\x0cQ\x049CdHD$\
\x90P\x82HaA\x0a\x0a\x0fg\xa1B\xe0\x93nN\
9\x11\xba\xb4\x1f\x1eP.\x16\xe3\xd9*\xb0\xfc+2\
\x8c\xed\x92\x972\xf5\xe1C\xe0\xdc\x0ek\x0exxf\
;5\x8dw\xfb\xaa\xf1n\x8f\xc7A;\x9b\xa6!\x10\
\xb4d\x87X%\xbd\xea\xd1\xdc\xbd\xc8\xb6\x9b8\x89e\
)\xd4\x1a\x7fM\x88 \x01\xa1\xf6\xabP\xfc/\xba8\
&\x0b0N\x5c\x0bS\xf1x\x0d\x91\x14\x9bb\xfc\x9f\
0\x87\xc5-Jp\x9d\xc4\xa2\xb3\x81m\xba\xcb\x22\xc3\
\xe62\x93\x80f\xe0\xe6\x22\xec\xc4\xe8Lx5\xd0\x12\
\xad\xaa\xe6\x9f\xff\x9eP#\x0eh&[C@1\x01\
\x02i\xa0\x14\x9f!\x81Z\xa5\x00UY\x80\x0a\x03|\
9\xa5\xf4O\xf9g$\xec\x86\x9dfV\x8cg\x12_\
\xe2M\xb1Y&w/\x06@\xd3\x00\x1ep\x84\x06\xb0\
\x85\x03]\x0f\x86\x1c\xea\xc6\x06\xd8\xdb\xfa\x22\xa0\xb0a\
>\xbf\x9e\xbc\xf2\x99]\xe3\xa6G)\x03\xe8ZLm\
N+8)\xedW\xf2j\x9e\x9d\x92X\x8d>W3\
U\x0f\xfb\xa5U\xa7\xdd\xbew\xafaCZm\x98r\
C\x0d\xa8\x9dW\x17\xab9\xb5P\x8d\xf0\xc9\xa27\xa5\
bdm\xffh\x22\xf1\xc5g2\xe2\x10\xb8Y\xb0p\
yh\x82\xc4'\xf2\xbd#\x8f\x1f\xad\x81\xea\xdfW\xb1\
D3}A\x22y\x98:\x81\xd11\xdd\xf8\xcc\xa5E\
\x04\xc0\xe0M\x88\x17\x1e\xcaL\xb4/!\xb0\x9fd\xe2\
i\xe1M\xb0\x10%$\xf9\x04|\xd2\x1c\xa7\x10\xe2\xe0\
JM\x9d\x82;\xd7\x8c@\xf4G\x86\xf4L\xeaM\x02\
\xa2\x8d\xda' \x81UVZ\xa7\xce\x04\xa1\xf2\xcd9\
*OB\x80X^\xb2\xd9\x9eJ\xf0\x22t\x8a*\xe2\
\x86\x0e\xb1p\xc9\x99>\x83\xffF\x13\x8f\xd2\x80Z-\
\xc2z\x22h\x96@\xd3\x86V\x16\x90\x07\x03L\x0d!\
\x13\xa5\x18\x02z\xfey\x07\xd0\x22;2\x00:\xd1(\
\x18\xcavr\x09\x00\x9e\x0f\xecj4!\xc5>\x1dP\
.\xf8\x84\xb9\x99JP@\x966\xfc\xb9\xc4w\x8eV\
\xc49!\xf0B\x11o\xd4@\x98\xfe\xd3\x0e\xa4\x06j\
\x93\xb60e\x83\xc3\x1d\xb4\xf48\x0c\xca\xc0\xae\x92\x09\
\xd4\x22p\xd2\x0f[\x91rRN\x05\xd8? \xef2\
`^\x862\xb6\x06\xb4\xd4LP\xf42FU\x88\x0a\
\xe0\xba0\xe7\x85g(Z\xf2\x9b\x8dt\xad\x02\x87\xa8\
E\xb0\xa6Hp|\x88\xa8\xee\x82\xce\xaeH\xd8\x01\xcf\
\xc3\x9bLqV\xab\x93\x98w\x88Yq\xf2D\x1fl\
\xe8\xa0Pd\x0d\x1f\x86\xbc\xc0\xdc\xa3\xad\xe7\x0ch\xbb\
\x86b\xceR\x96B\xe2\xddv5\x9c\x1b\xa5\x1c\x11Z\
\xee\x8e\xfdz$\xd3x6\x897\x14\xf7\xdf%@\xbc\
\x0f\x1f\xb9M\xd4\x03\xaf\x97\xb4\xd6.\xdb\xda)\xed\xb4\
\xc1[\x09\x14\x9bK>\x9fI+\x09&\xd0{s.\
\x81/\xe7\xbc\xb8\x9c\xd040x\xb5\xd0\xa6\x16HY\
\x15\xd8#\x11 C\x84\xfc4p\xa3Ue\x03\xfa\xf9\
\x15\x19'k\xfc\x22\xa7\xe5$\xc4\x1e\xd4\xe1;\xafS\
\x96\xbaY\xa0\xe4W\x89A@\x9e\xbe@\xbf\xb4\x0b.\
\x0bZ\x1e8\x0f>\x03\x19\xe6@\xb2\x89\xa2\x86\x8a\xef\
\xa7\xc1\xd3\x8a\xf06*sG>\x911\xa3*\x86K\
\xd3\x1d\x0a\xac\xea\x94\x94#\xd9\xd4C}\xd3\xde\xfb\x7f\
(x\xab\
\x00\x00\x08\x0a\
(\
\xb5/\xfd`\x1d+\x05@\x00JT\xc0\x0e(\x00o\
F\x0f88\xc8\x04\xc8\xa7\xbbi\x04\xdb\xe0ev\xe0\
\x15\x0a\xbe\xaf\xcbn\x92\x91\x9bHJ~\xeb2\x04\x96\
\xaa\xaaJ\x00#\x02\xfb\x00\xf0\x00\xcd\x00\xd3\x91\x8c\xe8\
\x90ST<\x0c\xa3\x92\xb7\xef\x0fb@t.\x11\xbb\
\x1biV\xcd\x04\x07\x8bTG:\x1c>-\xe4\xd3P\
`UGz,\x96\x87\xc6\x08\x08\x92$\x9c\xf94\xca\
[\xad\x82\x98\x07 \x12\xa2\x8a\xe1\xda\x86\xbb\xb1'\x89\
\x07\xaa\x0e\x0cH:x'\x09\x87\xfa0\x93t\xa2c\
\x92\x8d(=\xf5Y\xbb$\x80\x90\x80\xa9RZr!\
\x1d\xfa\x98\xd3rL\x0d\xb3\xbb\xbd@\xc4*E\xa6e\
\xe9fz\x19\x08!3H\x92X<4\xc0$M\xd2\
l4\xa6#\x1f \xc7I\x18^\xccLU\x92\x0d\x19\
I\xc6y\x22\xfap$\x09\xe7i&I)\xb5\xc0x\
\x98\x1a\x16\x16\x0a,\x8bb`\x18t.hA \x10\
\x86i\x1c\xb5:\x08P\xd2\x11\x9d\xa9\x82\xb4@9T\
\x08\xa2\x1eY\xa3\xa4\x08\xd4\xb2\x00hX(` \x99\
R\x92\x90\xd2\x8c\xe2#\xc5:\xa9\xe4-\x0a DH\
\x12\x0c\x09z\xa6#I\x95\xec\xe2$!Mh\xa2\xf2\
AE\x0d\x08\x03\x0d\x01\xab\xda3\x7f\xad0\xb7}_\
LAI\x1f5>,tVGJ\xd2t\x1c\x87\x1a\
\x1d\x097R\x9aR\x13\x89\x94\xc6\xc7\x1b(\xa2\xf2A\
\xb6\xb8!\xb01@#+LZ\xa7(Rw\x19[\
\xd6\xd6.Jsn\xcd\xf1\xea\x7f\x8d\xc1\xf0\x16e\x05\
\xc8\x1a\xa3I\x8a\xb4\xcag6\x1c\x8f\xc9\x8a\x81T\xc4\
\x88!\xa3\x0a-\x88\x22\xa8>`\xa0\x86\xa4\x03$#\
6\xa0\x0256\xe8\x5c4\xce\xf3\x98\x8a\xa8\x16*\xd0\
)\xa1q\x1c\x05\x09\x1c4\x1fk|b\x95\x8d\x8d@\
<2\x02j@\x10\xb1\x11i\xbd\xbc\x0dy\x91 \xc8\
\x14\xc5E\x92\x88\xa2bF\x8c\xc5\x11\xa5i\x92\xcf\x94\
\x96\xeaH\x0a\x8a\x091UHz4\x1e\x10S\xa1X\
\xe4\x83V\xca\x80L\x87IFb\xb4TIR\xfa\x80\
\xee\xd8\xdb[\xfe\xde3|l\xf5\xe2<\xfb\xb7[\xdd\
\x983\x022\x9f\xe80\xedB\xa4B\xd3Q\xf9\xd0\xa9\
X\x04H\x12tF\x01\xed\xfb\xd8\x97c\xee\x85K\xdb\
\xees\xbb\xc7\xee=_\xe8\xcd\xa0\x11\x9aj\x8c\x16;\
\x9f\x08\xc5\xcf\xcb\xdd\xefl\x1f\xf3\xd6\xdb\xac\xa9o\xfd\
\x9a\xe2\xec\xdf[\xc7\x1a\xfb\xb6XA\x87\xcf\xa17\xde\
\xb6\xfd\xca\xfb\xdf\xd7\x0d\xdd\xf1Z\xc5\xba\xc1\xef\xd5\xca\
3\xafb\xae\xfd]{\x06\x19:o\xd0\xf5\xda\x06\xf9\
\x17\xf7\xe3\xee\xe7\xde\xcb1\x87L\x92\xce\xc2\xc0\x8f\xb9\
S\xb8\x1f3\xc5\xf16\xb8\xbe\xff\x0d\xc2\xde\xc5\x02 \
 \xca`\x1a\xda\x02\x97\xb6\xec{\xc7\xcc\xde\x16S\xce\
\xfc[[\xae\xb8e\x0c\x9d[\xa5\x97\x1f\xbe\xb7V9\
\x8a\xb1\xe3\xf6\x0b\xbe\x83o\xd9z\xc6\xd42\xa5\xa9o\
\xed\x9f[\xee\x0a\x81\xdaV\x9cj\xc0obT#A\
\x93\xc2#5R\x82\x22\x02\x8f|\x90\x8d\x8c\x1etY\
(\xbf\xcc\x02\x0b\x05\x18\x0f\x13\xd3\xf0\xdcM\xcd(\xf7\
M\x18\xfa\xf1w?\xe4u\xbd\xec\x1a\xec\xde\xf7\xce\x9b\
[\x02\x9bwC\xb6\xed\xed`[\xce\x1aB\xf6\xdaj\
\xed-\xe6\xbe\xff1\xf4mm\xf1,\x16n\x99\xc1a\
?ck\xb9y\xb5Ea\xd6\xfb\x14v\xd0\xf1\xc3\xfe\
\xc6\xae\xed\xebf\xee\xfd\x83\xce\xd8c\xeb\xd8\xff/d\
\xcb\xde\xc3\xf5o\xf8\xefY\xa4\x98c\xd0\xb1\x05\x15\x7f\
\xfb\xef\xbe^\xb5^\xc6\x16s\xec\xffVS\xce\x8a\xb7\
r\xac4;{\x8f!d\xcd\xc1\xf5Xamw\xbb\
\xd7S\xed\xd6c\x90\xf1j\xeew\xeeWcf\xdf\xda\
\xc1\xf5\xcb\x98\xa1\xbf\x83\xcc\xf0\xd05\x07{9\x85\xd9\
\xfar\xa5=\xc8\x0e}-\x8du\xda\xa6\xcai\xb1\x98\
\xbc\x0f'\x95\x11\xcb{\xde\xd6\xb3s\xdd\x1f\x81\xdb\xa8\
q)C\xca\xd0\xccH\x92\xa4\xb0\xcc\x01a\x0c\x82\x1c\
dL\xc3\xdb\x01R\xb1 D\xb1\x1c\xe3\x10b\x04\xca\
 B\x08a\x22\x09D$\x10\x99`D*\x8d\xa4:\
\x9a\xcb\xb5\xf5\xb0\xfd\xf7\x01X\xd3\x0a\x9d>|\xd5\x81\
1\x0c\xd1\x7f\xe2\xa1\x1d\xe5.\xac\xb3\xc4\xdd\x88\x17x\
/O\xae\x1b\xee\xda\xcb\x1fH\xcaJ\x154\xf0\x22/\
\x80\xa1I\xf3\x85\xd9\xe3\xa8?\xa5\xaf\xfbp\x85\xf7b\
WH\xbb\x11\x9c\xbb\xb6\xa8o\xe9\x7f`R\xabW\x85\
 \xd6%\xae\xc4#\xdaO<\xb1\xbarU\xeaSX\
\xe7 (\x9f\x10I\xb1\x08\xe2*\xa8l\xa4\x0b\xa7\xbc\
\xb7^^U\x1c\x1d\xa1\x8c\x0a\xcc\x024P\x14\xceT\
\xc0\xdc\xfc\xa29^F\x93\x0ajX\xd7\x88\xa7\x15x\
\xa7=7\x8e=*|\xaf\x11\x17+\x1cWLg}\
\xa0\xbaE\x1b\xdessH6\xfe\x85V\x06|d\xc1\
iS\xa2o\xdfn_\x8f\x88\xdc\x22/\x05\x87\x18k\
\xcf\xc7\x93tV\xc5\x5c\x1a\xfc]\x8d\xdd\xe9YH\xaa\
\xe4\x80R\xd4\x97\xcbf\x02\x11\xc1=\x10G\xce\x0d\x1d\
\xb6\xd3\x0d\xcbv\x87\x8e^\xbb\xdb\x85\xecd\xb5(\x9f\
s\x86\x7f;\xff?\xa2\xe0i\xe7\xf0\xd7y?<\x9c\
\xac\x16\x97\xcc&\xe6Yh\x06;\xcb\xc4j:\x1ds\
e\x198\x9aha\xcc\xeamI\xbd\x06\xbc\x16\xc9\xd8\
\xd2\xcd\xefv\x98-D\x87\xcc\x7f~\xbbB1v\xae\
\xe1&\xe4\x80\x11};\x98G\xf2\xbch\xe6\xdf`\xbe\
\xb2\xf7{\xcc=\xd9\xe6\x86$\xde7\x95\x84\x91\x84\xf2\
\x0c!d6\xf5\xed\x19Zt\xe4{\x90\xb0\x0a\xce|\
\x98\xfb\xd9d\xce\x11\x8e\xd5H\xc5:\x0f\xdbv\x04X\
E\xea\xd9\x1cn\x91\xf94\xb0\xef\x7f\xa0\x13\xd3s\x5c\
\x0b`\x8eX6\x94'\x08\xcc\xa2\x0d'C'Q\x00\
\xc6D@\x94\xd2\xbb\xf8\x0a\xdc\x1efa\xb8\x11\xdci\
B4k\x1d\x80\x14(Tz\x0b4!\x1d'c\xb8\
\xa8\x8cy\x97\x85\x89\xc7F\xd6\xe4hu!\xf2\x8f\x9a\
G@\xad\xae3\x1f\xd0h\xbb\x90\x09\xca\x85\xd1\xd1I\
\xf3\xb6\xc3*\x9bmL3s\x85\xde\x94c\xee\xd1%\
A\x84G\xd7\x15J\xcf,pd\xdd\xf3kc\x91H\
\xc5\xfbi\xe4\xe5\xe1\xc2'Y\xef\xf6*\xa9\xcf\xd0\x0d\
w$8q\x1d\x9c\x19\xd9\x7f\xb7\xa2\xc1\xbbiH\x8b\
\x9c\xa5\x9b\x09\x1b\xb3\xe1\x91\xcc\x01M\xbf=\xe0?W\
\xf1{\xa8\xa8\xaa\x8f\x84B8\xca\x11nL\xb3d7\
\x9f\x05\xe8Z#\xb3\xd6\xae\x04\xe2bb\xb4x\xa7\x89\
.\x84\x84yI\x0f/\xfeebQ;E<S\xa4\
F\xc9\x13\xdc@h\xe1\xf0>\x85\xd3\xa5t-/D\
\xc0~\x8a\x0d\x1e\xdd\xe82\x16a\x8b\x86\x13\xddyK\
\xc7\x1e\xb8\xeby\xa2\x08nh\xb3\x1aGA\x16I\xdc\
\x1b\x078\x1a\x88\xbe\x85p\x8b=\xe9\x0d![K\xb1\
\xa4\x9e\x1c\xa6\x9f\x86:D\xd1\x01\xe2\xfb\xcd\xf1\xcd\x86\
O\xce\xcd\xe8qP\x02\xde\xa3\xde\x10&\xc1;x\x80\
\x22\x1a\xcd\xae\x17\xcc\xf5\xca \x12\xd2\x00\xc4P\x03\x06\
!\x0c% (9\x0c#R\x83\x8d\xd5\xdf\x05\x85\x00\
o\xb4\xd7\xab\xaa\xc3\xd2z\xd2|\x09\xb0\xf4\x06X\xc3\
@aa0\xd5)\x97\xed\xb4\xc8n\xd1\x974b\xb0\
\xd1\x94\xe1\x171\xd5\xfc\xeaX@c\xb5\xc2\xd7\x82\xf7\
\xb1\xca8\xb2\x98f&f\xd7\x16\xe0\x1e\x94\x97\xb1\x18\
\xdc\xc8\x82\xc4\x08Lle\xf8\xc2\x1f\x8a\xe7\x9f\xb3\xd0\
R\xd1\xd0\xa8\xd6\xa8?\xcf\xb2\xed\x1a\xc6\xdc\xa9F\x1d\
\xd3P\x94\x0f\x15P\x97pU\xb0\x10!\xbah\xfa\xea\
\x10MZ\x1c\x85\xcc\xb2\xc2:X\xa0a]\xe1j\x11\
U\x12>4\x1dH-\x22aw3\x182\x80!k\
\x98\xff\x01c\x18Y\x80\xac\xab\x87\xc60\x0ft\x9c(\
N\xcb\xd07\xe8\x11\xd9\xf2\x0ae @f\xc5\xc9\xd7\
\x22\xf0\x7f^\xf1\xeap\xcaZ\xe1W\x85\x12\xb4\xbaN\
\x144\xe4\xbd.R\x81a[\xa0$n9\xe6S\x9b\
\xdb\xcd@\x07\xea%\xb6\xc4\xcf\xddt\x804L\xf1 \
\xc7s\x00\xd2\xf8\xeby:\xb1&\x96\x82\x10\x9e\xf9\x07\
)d\x18\xa5\xaf\xd6\xc7C;3\x07\x11\x89,A\xc9\
\xa6\xec\x19`\x0b\xb3D\xfb\x147\x18\xe3\x85\x0b\xcdH\
4\xd5j\x0aQ\x01>\xdfO)Zv\xc9MT%\
\x9dvm\xc5~Ha\x7f\x12\x90\xfd\x8cJW\xa3\xbe\
\x10Q\xccp\xc4\xf4\xa6\x02\xda\xc2\x02)\xa5\x88\xd9;\
z!\xfb\xb0\xff\xc3WQ\x05\
\x00\x00\x10n\
(\
\xb5/\xfd`.\xa6%\x83\x00\xda\xa8P\x1b+\xf0N\
f\xd4\x013\x86{\xdd\xd8\x88\xd0\x7f\x22\xf8f\xdc2\
\x8e\xe8G\xd7*x\x81u\x14\xd9Mv\x93\x1b\xbcS\
\xba\x07\xec\x89l\x1e\x0eS\x15\xed\x01b\x01\xc2\x01M\
\xd3\x0a!\xd2<\xd5F0Veb!r0\xc6\xcd\
|m\xc8\xaa\xdd\xaa\xccMM->{s\xa2\xb1\xda\
\xf9\xaa7\xe4\xd3cUee\x09\xc6N\xf5op{\
\xbcJ\xfd\x16\xa5\xd1\xf9\xd9\x94.\xa68\xb6~\x9f\xba\
\x01 \x9ehb\x1e\x89\x85G\x041$\x08\x13M\xf0\
\xd7\xeb\xa8\x18\xfd\xf83U\x1ej\xe2\xb9\xaaEfT\
\xabv\x11~\xed\xac\xee\x96D\x01\x04\x02\x09\xa2%9\
$\x16\xa4\xe9\x81P\xd0X\xce\x00V\xd4\xb0\x90\x22\x98\
\x07\x87\xc3.\xdb[\xd9\xa6b\xab)\xec|\x1a\x8b\xab\
\xbe)\xd5N,D0\xb3\x8b\xb8\xb7\xf3S\x8c\x9b,\
\x12\x88\x0b\x22NFL\xcd\x8aD\x14\x0a}\x8a$\xb1\
Kb0\xa0D\xc2-\x22\xa6\x07J0F\x00\x8b\x08\
r@\xcd\xe2\x88\x98\x22\xd0$\xa5\xa1>\x0e\x131\x10\
1K%\xc6r\x14\x1cD\x98b\xc4\x81P\xa8h@\
\x22\x0a)\x12a\x14\xae\x0a\x06*\x90`1\x8fc=\
\xa0x\x1c\x1a(\x01\x85b=\xa0\x06\xc5r<\x8ce\
\x8a\xa0\x08\xc4R\x114=\xceZ&\x885-\xd2z\
\x22Hj\x98\xc4B\x039\x0bVE\x8c\x12]Q\xa4\
U\xd9\xe20\xb1\xe0<SC\xe3Y\x0d\xae\x89\x85\x86\
\xc9y\x1e\x14\xd2j\x98\x88\xb4\x1e\x0c\xc4\x99\x1ceK\
\x02\x13$\xa0\x98\x16D-\xc6j\x22\x07HR\x11\x07\
\xc4Baf\xb8@0\x13$BZ\x16D\x05\x9a\xe2\
\xff/\x1f\x18N\x14\x80\x04\x91 \xd0\xe3\x015\x0b\xc2\
\xd34\x09\xc5\xa9SH\x13d=\x96c)\x1a\xc7\x11\
9D\x12\x0b\x8d\xb3\x90 I\x920h@\x90\x14\x18\
0p\xb0,I\x03E#\x82\xd4\xa3\x1e\x1e\x1e\x14\x8a\
Ed\x9a\x1a\x06HV\x84i\xa4\x07\x90\x06\x92\x86\xe9\
yH\x9c51+B Y\x16\x00\x14\x188( \
\x01A\x12\x0b\x0b\x029\x18\x07\xc2LR\x92\xf0e\x81\
\x09(H,4 \x8f\x035\x90\x95$L]b\x01\
\x02=R\xb4 $\x8e\x07D\x01\x0a\x01\xa9\xba\xcf\x9a\
\xaf\xdaTq\xedc\x95\xbf\x9c\xffh\xbf\x99\xfdl\x86\
\xbc\x8f\xfb\xb8\x8f\xfb\xb8\x8f\xfa\xa8\x8f\xaf\xbd\x98z\xfa\
\x99x\x9b\xfd|\xab}\xd8\xcehtq\x15\xa3\xbe\xbb\
~3j';\xa6\xc2\xb3\xb7\xeeW{\xc7\xe6\xc6\xd8\
o\xc9\xadRanKu\xd9\xd7\xca\xdd\xce\xfb\x8ch\
\x87\x9f\xce\x8f\xa7\x8f\x17\xd1\x00y\xad\xd5\xfb\xfe\xad\xd2\
\xdb\xb7\xc4dW~S\xfcO\xfbw\x7fS7[g\
=]\x86\xc1\x80\xed\xca\xc8\xc6\xfc\x89x\x98\x9b\xe8\xbe\
\xca\xac\xad\x95\xcd\xda\x1b\x7f\xfe\xc6aE\xc2\x8fN\xe3\
(z.v\xdcl\xeb\xb8\xae\xeb\xbc\xee\xeb\xc6\x8e\xec\
\xca\xaei\x99\xcan\x95\xa1\xf3\xf6f\xea\xb1\xa2\xa6\xa9\
\xa0\xe7\xaf\xdd\x9ao.\x8d\xc6\xf6\xac\x5c\xf95e\x7f\
O\xe5\x87\xdf\xae\xac\xf0\xd8r\xbd;Q\xbd_\x7f?\
\x0fM=#\xa7R\xb3\xbb\xec\xed\xc7\xd4~T\xa9\xfc\
\xf6\xdb\x0a1\xf9v\x15j\xb6q\xdb\xb7\xa1\x1b\xbb\xe1\
\x9b\xb3\xa3\xbb;b\xbb\xf2\xfbD\xdfW\xd6\x9d\x86\xea\
{\xcc\xfc\xb7\xd6\x9d\xaf\x10Q\xd9nS|\x8051\
\x8e\xe9mM\xa1m\xf6\xa2\xea\xebKn\xb5K\xdb\xfd\
?5\x85{\x8a[^*d_\x94\xc5<\xd3te\
~\x87\xd8h\x99\xf9\x89\xed\xb8\xfd\x9ey\xa9\xf8\xcc\xd0\
X\xfd\xf5\xbf\xabT\xd3\xe7<V\xa6\x9b\xb9\xb7\xbf\xaa\
L\xe9e\xe1\xb2\xe6\xbf\xcaee\xda\xa2\xa9\x0b\x93$\
\xad\xa8\x01E\x91\xe5A\x039\x18\x12\xa2\xc9\xf18N\
\x04=4 \xd2\x12\xadiZ\x8e\x86%!\x82\x9a\xe5\
L\x113I\x0bH\xe3q0\xb6\x1c\xc8\xd3\xd0L+\
\x9a\xa4\x87\x09\xc2<\x11\x03\xc1\x01Y$<\x1c\x1eg\
=\x16+\xc2#-\x13\x04z\xd4\x9c\x9a\x85\xee~\xae\
\x18:~^\x1e\xdb\xdd\xe5\xeb\x9bB\xcbeY\x96E\
9\xc52\xd1=V\xddTmv\xca_\x83\xdc\x01 \
\x10d\xb1\x1e@\x11\xba\xaf\xb5\x83A\xc2o\xbb\xfb\xfd\
\xff\xdd\xffq\xd3\xdd\x1f\xdd=M\xf5\xa2 z~\xba\
Z*\x9d\x9ah\xcd\xf8j\xdd\xf8\x8f\x88\xd6\xabx\xb8\
n\x9dz\x0a\x95v\xfe>}$\x11\x96eY\x96\xc5\
\x944\xe5\xffUYv\xfe'\xd8\xbc\xa6\xb8\xafL\x15\
K\x1c\x89'2\xaf*S\xb7$\xa6\x5c\xaf\xb2%i\
\x12Dv\xc5f\xa7\x9c-^\xae\xf2\x84\xb3ab\x22\
\x8bbSb9\xd0#\xe2\x00E\x8d\x04r8\x16\x84\
\xc7\x81\xc4\x82c10\x8e\x86Ba9\xa6\xa7\x01\x87\
\xe3\x99$P<\x8f\xc6Y\x91B\xc1\xf1\x80 \xe0\xf1\
8\x98\x98E\xe38@\x0c\xcc\x83\x08\xb2`\xd14\x0b\
$\x10\xc1\x82\xe1$\x9a\x99\x18\x87\x99\xd6CaEx\
\x1e\x0f\x04\xf3X\xd4ks\xbc\x05\xf2<,\xc9\xc1D\
\x8d\x07\xa8AZ\x11\x8c#\x8a\x1c \x22\x0e\x8bs\xfd\
\xd7\xa7\x9f\xa6\x86\xaa\xf4\xef\xd3\x1f\x10\x14\xe1\x01r\x98\
\x06\xc9\x18p\xb4\x9c\x08b`\xac\x06\x13a\x18\x18<\
\xac\x07\x82\xa3\xe0\xceVvV\xbd\x89y \xac\x04\x1c\
\x07\xc7\x01\x10\xe6\x91$\x07\x86\x81\xc5\x88\xd6\xe4x\x18\
\xd6g\xca\x9337\xfdQ\xaf\x9b\x15~*~\xcf\x9b\
w\x8e\xd9j{\xeb\xd9\xf7\x97\xaa[\xfb1\xf3\xce\xd4\
\xe2-\xca{\x9ej\xeb\xfc\xfcC\xf5\xebG\xe7M\xb7\
\x0c\x1c4 H\x0a\x85\x86B\xe1/]\x99\xf37\x9b\
\xd5\x14\x11S\xf9\x95;\x8f\xefT\x95\xe1!\xa2\xae\xc2\
^e\xabl.\x8b\xc2\x09\xaa\xa9\xf2~\xa9\xfb\xa7\xcf\
\x9dy\x9d\xfa\xeek\xb7\xad\x965U\x9f\xfa\xf6\xa1\xa5\
\xa9U\xfbce\xd0U\xeeS\x9c\x9b\xa9\xcaQ\x1f\x93\
\x95!\x1f\xb7\x1a\xabCcLo\x18\x8c\xce\xd3\xf3C\
\x05\xed=AE\x1b\xb3q-\xd7\xd0\xeeO\xf9\xfa\x9f\
\xd9Nq|MS\xce\xbf\xe9\xa9\xca\xdb%x\xf7\xcc\
\xc7\xfa\xd8\x9f\xae\xcf\xae\x0a\xf5\xce^%\xa2c\x93X\
\x90\x96\x03A\x22\xa2h\x7f\xef\xd5>3_/D'\
\xba\xa7\xaa\xccM\xbd\xef4;\xf3fQ\xbc\xd9\xae\xad\
\x955\xd8\xe7<\x95\xa8\xfa\xef\x8an\xe6y\xc8\xe7\xb7\
\x89\xa7\x8dF\xe2\xe3\xa2\xffr\xe7\xa6\x92\x9f\xcc\xe7\xce\
\x9f\x96\xe0\xa3\xb77fsK\x82\xac4IL\xba\xfd\
Tb\xeb*T\xda\xef\x97\xd5\xad\x9b2\xa57\x1bu\
\xaf\x0f\xd9\xf0\x95^\xf7\x7f\xaa:m\x90\xc0\xce{\xf8\
\x99\xfe\xbf{y\xd9\x9d\x98\xf8\xbf{w\x97D`S\
\x9d\xe7\xed\x00\xaf\xead\xf1\x5c\xe9%\x0fh\xe7\xa5z\
{\xa3\x0c\xb6\xc8\xa6\xe8y+O\xc5\x92\xbd~\xe5f\
\xa7l+\xbc\xe6a<\xcd\x8a,K\x82\x00\x0d\x03\x92\
iE\xcd\x92 Q\x0a\xa8\x07\x14\x02\xca\x00\x01\x16\x11\
\x8e\xe7\xc10\x1c\x1e\x0eM\xc3,\x1c\xc8\x83\x86aX\
\x18\xc8z\x80\x1c\x8chA\x80\x12 \xcf\x22\x229\x1c\
\x0f\xc3#=\x10\xa2\xf5 b\x1e\x09\x10\x91[8\x86\
\xb8\x9c\x04\x8b\xa0\x86\x06\xb2D\x8e\xc52=\xd1C\x02\
C\x84=\xa8c\xf6\xe2X\x0dJ(\x99\x8c$I\x92\
\xe6\xd3\xf3 $.\x9c\xca\x93Mi=\xbc\x013b\
\xa1@\x1c\x89\xc5A1\x0c\x12\xa18\x06Bh\x84A\
\x10\x84\x00A\x18\x04B\x881\x98\x00\x11B$r\xd2\
c:\x83'\xa2\xcbW6\xdb\xe8\x04O\xe36\xd2\xdc\
I.\x99\xbaa\x97\x8d/\xc6\x88\xf2\x8b\x0ci\xe8\x0b\
\x91\xc2\xff\xa0aU`\x08\xa6\xef\xccb[\x80\xa6-\
\xed2\x15\xf3\xe6\x0b\x17\xa2\x80KR\xdc\xa8\xf8\xf4\x0f\
\xd19.\x06\xf4\x06\x1c\x1a\xe7U\xff\xb4\x9c\x994\x1a\
\xb9\xf6\x0e\x05\x11\x09\x88\xf9\x19\xac\x14\xf7\x92\xe8\xa2}\
\x0e\x0a\x0c\xaa%\x91\xda{s\x93\xe1\xe3DH\xae\xd1\
\x9d\xafk\xbe\x18\xeb\xcf{\xc8Dgr\xbc(\x15\x1b\
\x86-\xc1\xa3bl\xafp\xddA\xb2\x10N\x1bN\xa8\
\xc1b}A\x04=\x00\xfb\xb0=U\xaav\x93\xf4Q\
q\x00\x9d0['\x5c\xf0\x17\x14]\xd5\xe1\x9d\xe5e\
HtY\x0d+\xd6\xc8P\x97\xaeC\x19{\x0a%\x8f\
!R\xb6+\xb5:oJ\x16Z\x0f\xdc\xb7g\x04\x8f\
#:\xa3@\x9d\x9f\x96\xd1\x98\x87\x1c\xc6\xb1\xdb\xea\xa1\
4}\x99ZM\x18\xa4\xdb\xb7\xd1$\x0fX\x1a\x0cG\
\xe8\xd7^\x95\x05N\x8f\xae|\x81\xaff*'\x81\x9d\
%!o\x96O\xf4\xa5\xedR\xbb\xcd\x04{#P\xd6\
\xb3\xff\xc7\xa5\xa3K\x5c>\xccIr\x1a\xa9\x9am\xe3\
\x14\xeb\x96\xd4(\xf7\xf7\xbb\x14\x991v\xf7\xf9P\xd3\
\x805\xa2W\x9f\x1d|\xef\xeef\xf8\x17d\x80\xc7\x9e\
\x0a=1\xe4\x08\x19\x7f\x0a\xe3\x04\xcd\x1dO\xaf\x0e\x95\
s\x02[\x00>\xa7\xcb\x16\x01\x03\x92\xe6\x02\xd0\xb0k\
\xca`\xdaJ\x86&\xd6W)\x82\x1ag\xe4Q\x1e\x88\
\xafC\xf6\xcdT\x956\xa5h\x8f*WL\x82\xf8\xa6\
(\xd7\x0c\xc3\x5ci(D\xd0\x1c\x7f\x82I\x8c\xc7\x80\
:\xad\x15dJL\xc0\xad\xef\xf0v\xeb\xf8?\x86~\
\x02pL\x159\x87\xd1\xc5\xa3\xc9<\x10\xaa\x8b\x13\x94\
\x0c\xc9\x06f\xf0V\xb1\xda\xf4vrET6\x01\x12\
\xa4\xbd~:\xfd\xf8\x03\x9c\xe7\x82:#\xf9\x80r\x02\
\xbf\x0b\xc0_\x84s\xf3\xf3\x22O\xf7[\xe5\x1bMA\
i\xb6}y\x08\x13\x80 \x19\x18\x02v\xc3x\xb6}\
R\xa4\xc9\x01V)\xd5n0\x16\xadp\x92\xe75_\
\xf0\x8de\xa3\x81|`l\xd0\x00G\x18\xf3\xc9\x17\x98\
\x1f\xde\xaeA\xb5\x9e\xb8\x9a(.\x1f\x98\x0d\x8aG\xb4\
\x19\xc8ns\x96\x09\xe5m\xe7\xed\x00\xa6\x9a!\xf5\xe0\
\xfc\x85\x17o)\xfcJj\xe4\x8c\xa3F\xd9\x9e\xef\x02\
\xca\x92\x18w\xeeT\xaa\xb0\xd0\xe2\xad'\x12\xf3\xfa\xa0\
\x8a\x15\xd8\xe8a#Vl\xc7\xf1\xfa\xa2?\xd1Y\x22\
\x9c\x0c\x09i\xf8nF\xa1\x89\xcd\x1b(\x11\x0d\xd6U\
x\x0a2\xe1\xe8\x007H\x130f\xd0\xads\xaa\xf6\
\xf7E\xe1\xef\x11\xb0\x98\xbbP\x00\x04\xc0\xeb\x09+v\
m\xd8+\xe6\xc6T\x90^\xa2\xcd\x22\xa1F0\x0dH\
P\xff&I[\xfa\xc2\xcf6\xb9e\xe9!\xf3\xf2x\
\xcaC7J\x80`\xc7u\xdc\xa4\xea\x04\x9a=\xe7\x02\
\x1a\xfa\x89+-1\x90\xd3p8^\xeb\xec\x8c\xa2\x0a\
>\xcc\xd0e\xae\xf8\xc5\xb4\xc0Ys\xe2,\xbah\xf9\
d\xa5\xe4;\x90\xc0k\xfa\x89\xb40I\x8c\xabW\xf6\
\xe8\xfep\x19h\xfc\xb7\xd6\xe4K\xf7`\x104\xb8\x05\
\xe8\xe72\x8d\xbc\xc1\x80\xf8\xc3\x9f\xec\xe2,\xdd\xd7\x10\
\xc3A\xbc`\x86@\x9cH)h\x1e t\x9f8j\
\xf8\xb30\x00,\x86\xf9\xbdI+#\xfa\x0a\xb5\xf3\x83\
\xac]\xe32\x06\xab\x0b\x91\xbe8r\xd8\xd6\xc3B$\
1\xdb\x9bD\x0d\x9d\xa7\x94\x14A\x83t\xa4\xc7\x16\xa4\
\xaf\x82\x02\xf2\x1a\xec\x82\x91Ia\x174\x126\xb8\xd2\
\xf3j\xa9S\xe5Yd\x91&c\xc7%s\xd1\x03\x84\
V\x7f\xce\x12\x11g\xe7M\xe0\x9e-\xf5E\x96D\x0c\
\xa3\xad\xd8\xdc\xca\x90@\xed\x93\xf5\x92b\xd7\xe3\xc8R\
\xfa\x03\x8f\xc76\xa1_(G\x93\xa5\xc0+%\x06S\
\xa6\xa0\xc0\xd8\x85\x1f4\xde\xab\xe5\x96\xffyD\xd1h\
\xc8\x8b\xbfn\x0fO\xb1\xdb(\xcasB\x8c\xca_Y\
\xe4-\x06be\xe4L\x98Pd\xda\x91\xaf\xf0\xb6\xfb\
\xab\xe2B\x913\x8e\xbb\x99;<H\x03\xddv\xf7\x8e\
\xea\x06\xa7\xae\xdf\xc8\xa8\xc3\xd2\xb2R$C\xc9\x0a>\
\x82\xd5\xc4\xd9\x0e\x9d\x01\x1a?\x8cU6H\xda}\xa8\
\xd8y\xf1\x08\x94D\xf7|\xfb\xaaU[TE\xd6\xad\
X\xb2\x867\xe7@\x90\x0c$\x22\x81}\x7f\x03\xa2\x08\
>\xfaqx\x04?\x1cz\xc4\x96k\xcb\x22JQ\x1c\
\x97/[o\xb2\xd4/\xb4S\xc85\xc6\xd4\x87\xb3&\
\x1ba\xaa\xc3\xec\xf4\xfb\xe6O^\xea7\x8b7!\xd2\
'\x22\xe4;\xa2\xbd\xa6\xee\x90\xaco)\x80\x1da\x01\
\xdeJ`\xf4\xaf\x1c+@@Hy\x1a\x068Rg\
\xfb\xb1\x9c\xa0r\x8e\xf7\xa9_\xf7i\x129%E\x85\
\xd8\xba\x8f^\x22\xe5\x01$\xad\x19\xe2;\xf9\xa0\x0fj\
\xb3\x95\x09\x84\x07,\xca\x85\x9e\xccs\xb7\x00L\x9c[\
;\xb2\x0cx3\xe6\xe7\xb5s\xa45\x82=w\x9em\
\x96\xe5\x12\xd81\x09\xea\xe2`\x1a\x0fb\x13\xdb\x0f\x11\
Q\x7f\xf1\xf2\x1e!\x02\x85\xbb3\xec\xee\xfe\x10X\x8b\
kYgs\xf99<%d\x89\x14\xc6tW\x9c\x1c\
\xa0t2R1\xf7\x15\xa5\xbdA\x13\x9e\xb9(\xf3\xca\
\xa2\xe4\xd4\x5c\xb9l\xbf\x81=\x0b4\x17G\xe8\xdc:\
j\xc0Q\xb28\xa3^\xbd\x8d\x1aA\xc8\x0c\x15\xe4\xf1\
\x13\x97\x89\xd7@,q\x9e\x96 \xa61H\xb1\xf4\x0c\
\xa9\xfci\xcf\x1f\x09\x04d\xb3\x93\xf5\xd8\x13\x95-i\
eA\x8f\x04\x1d$h\xb9\x91~+\xe8W\xe6\xccy\
\x8c\xc3\xaf\xb9\x08\x0e\x8b\x89]E\x87\x88\xa6\xfb(\x13\
U\x82\xab/s\x00S\xe5\xd87\xd9'q\xe9\x1cP\
\x02\x8fH\x93M\x1a\xd3oi9\x7fVc\x048\xa0\
_\xb9V\x0c\x01j\xb1A\xf9\x8b\xf2\xeb\x1a\xc4\xcd\xfc\
\xd5C\x8a\x91\x1eN\xb4\xf0IS\xbc\x89b\xb1t\xf9\
\x17\x88\x99Eq\xe7J\xf0G\xad\xb8%\xef\xbf\xbd~\
\xfe(\x88\x15\x03\x0b\xcb\x1a{\xaa\xea\xd2\x80's\x12\
\x7f\xb6L\x0e\xe1\x89b:\xc5\x92\x0e\x1d\xa8\xa0MU\
L\xc8\xcc\xaeg\x18ek\x16\xc4\x10W\x89\xc9\xcaz\
POW\xc0S\xaf\xe4w\xd8\x09\xdb\xa9\xfb\x06\x1b\x10\
\x22\xe3Y\xc8O+\xaf\xc0\xa0\xac^\xed89M\xc7\
v:\x99\xe4\xf8\x17\xd4\xe3\x1f\xa7t\xad\xcfK\xd2\x94\
\x12\xba\x98k-\x87l7p\xe4LG<\x14\x06b\
a\xc0\xe5\x19\x82 \xbak\xaa\xc5(+-*!/\
\x04\xd5\xf1dwe\x1f?o\xb0\x0e\xcb\x84\x0f%p\
\x0aR\xf2\xb0\x81\xb0\xdc\x92\xd1\xc7\x05\xd7\x13\x083\x8d\
LA\x80\x13\x86?\xb3\xc0\xb2\xc7Ci?.j\xb6\
Lyq\xc9XR\xac\xd3\x19\xe0\xc8\xc9d\x80\xc0+\
\xf9\xe4q\x18g\xd9H\x00\x0a(\x011\x0fkb\x7f\
\x11\x9c\x01Z\x01\xef\x8f\xb2(\x9b\xb3\xbd\xba\xeai\x1f\
\x14\x0a\x09\xde\x96\x81\xce\xde\x0e\xff\x0f\x02=!\x9aV\
\x08\xf4e\xd1\x09\x89VH\xf41\xd1\x99\x89\xd6L\xd1\
\x07\xf3\xea\xceI%\xff-\x1ca\xf0 K\x8a\xa9\xcc\
5\xeb\x99\x14\xb7\xd8&_\xe2OH\xfcJ\xad3\xaa\
J\xf5\x19\x02\xf6\x8eu\x89}O\x1f\xe8\xc2\x11\x82\x84\
-;_\x99\xd1\xfesrw\x7fJ\xb7\xab\x01X\xaa\
\xf9\x0b\xd9\xa5\x9f\xd6T\xf1\x9fC\x08b\xfe\x04\xd7\xb2\
j\xf8\x82-\xe5\x93\xe1\x89VQ-\x1dW\x99\x22L\
\x93p\x7f\xb9\x90u\x12\x01\xf7j\xb5\x94\xd15p\x7f\
\x8eU-\xf2-_\xe12[\xfc7\xa5\x0cO)\xb5\
K\x10H\x85\x14\x83\xcb\xaa\x8f\xd5b\xa6@\x9f\xc9\xae\
\xd6HT^)\xb9o\x100\x85\x11'\xd9\x7f=\xbb\
\xc2\xb6\xc4\x0f\xc9\xf6\x93:\xe1&\xa2\x17\xe6\xe9\x04\x80\
\x16\x982GD%\x0fCf\xd1_\xe1?\xa0\xb8\xfe\
0\x0b\xb7\x05p_\x81|7\xcc3;\xabBn\xd9\
c\x99'\x06\x1c\x00\xfb\x95\x85\x8c\xfbU\xb0Z6H\
lT\x0b\x007\x81\xa6\xadG\xa5M\x83\x08$\x80\xc5\
a\xd9GZ,-\x0a\x91gA5\xa0D\x10H_\
&C\xa2\xbeL!\xaeV~W\xf3g\x19\x06\x1a{\
KXf\x97\x96}p&\x09\xdd\x928\xe8xg\xd3\
M\xe1\x0b\xb6}^\xafm\x00\x81\xd0d\xfei\x98\xe6\
@R\xe9\xf9\xf0dr\x82S\x9c\xbc\xa3\xe8\x83\xfa\x07\
\xefv*v#\xfc\x0fk\xf3L\x92`J?<\x05\
w\xda\x03Qf\x1f\x9f\xa2N\xf59!?(wX\
\x1b\x88ZI\xf4\x96\x11\xb4\x8bjX\xaa\x00\xe62\xd3\
\xbe\x10\xff\x01\x81\x18\x11\xe0\xd4E\xea[\x8f\x5c\xc8\x13\
=\xd8|\x90(\xa73\xf7\xc2\xa0\xbc\xff\x05\x98\xcd\x0d\
\xbc\x9a\x1d\x84<4>\x1c\xf4\xd4\x06s\xe2\xcfAy\
\xd4\xe1\x04\xa3*\x1a}k\xaa7C6\xb80|+\
\xbdI\xc1T\x88*\xeeE\xfe&b\xde\xbdof\xd9\
\xbd~\x112W\x85\xebo\x88K\xf3\x9c\x06\x83\xffQ\
r\x1a+\x9f\x8d,\xdc\xf6\xfc*\x15\xd2n\xfd\xcdQ\
zmd\xde(\xdcH\x90_\x15\x84\xfa1\xc3\x19\x17\
\xfa\x05\xe5\x94%\xef\x0a\xa1\x88\xb8\xf3\xfa\xac|s\x90\
\xc3\xeb\x04~h\xae\x81\xe6\x5c\x8db\x92\xfc\xb0\xf4\xf4\
\x84\x1c\x87~I\xd9\x8e\x97D;\xa8:\xefrD\xad\
\xf9rw\xc5;\xe3\x0b\x8az^>\xc18\x0d\x02\x8e\
\xc5\x95\xd7\xf9\xc0a<\xa8\x93\xdbC\x9d\x82\xaeJ\x11\
\xdez\xba\xcd\x9b\xb0\x0d=!t\x10W\xb8\xdd\x9dR\
\x0a=\xd3\xb2r\x02\xdac2(\xd2\xb0b\x10\x94\x10\
\xbb\x87U\xfc\x06\xb2\x9c\x09\x13(\x07)R\x01\xd4Z\
\x9fD\xde(\xf1\xd9.X\xb1\x03\x82\x822\x85\xf8\xe3\
0\x98\xa9\x83F\xc3/\xe3\xa7\x93|\xf1\x22\xae$\x89\
\x12\x13Q\x18\x1b*$\x0d{\x82\x81\x02B3\x94\x8d\
\xc5\xa8%\xd5\x87\xec\xfe\xd1\x1f\x9a=u\x05\
\x00\x00\x06\xf6\
(\
\xb5/\xfd`n\x1fe7\x00JB@\x0c'\xe0N\
\x88\x1e\x1by\xb4\xc2`\xb9\x10=\xf2\x02\xc0\x91c\x8a\
\xec\x80J\xb3XB\xa8\xa8\xb4|UJ\x03v\x88`\
\x8c1#\xc6\x84\xbb\x00\xb5\x00\xb7\x00\x8f*J\x5c\x8d\
\xbdJy\xca)\xb7\x1a\x88&\xf0\xf8\xeb\xe8\x0d\xe8~\
Cy\xabit{\x1f\x09\x7f\xa7J\xfc\xa3\x9am\xb7\
\xcd1\x03\x0f\x0c$\xfds\xfb\xe7\x9d=i\xde$\x0c\
a\x12\xe7\x1cd\x90\xdas\x843\x06a\x02]B)\
}\xca\xe3\xb1\x9b\x81g\x9eu\x14i\xe7\x1d\xd7qV\
\xf2\xdaKx\xcf\x1f=\xfe\xc4\xb1xO\xd2j\x1c\xcb\
\xf0\xac\x94Z\x80\x1c|\xb1\xb0\xe0\xc0\x98B$\xd0\xd6\
\xed\xb6\xc7\xe3\x91$\x8c\xd4{\xa3A\xbdT\x1dN!\
+P\x8d~\x1f\xca~\xaf\xbf\x0b(\xc6\x00,\x16\x1c\
\x06,\x9dW\xf3Y\xe3js\xed\x5c\xad\x85!x\x00\
a5P\xbeV;\xf9\xd5r\xed\xad&\xeb\xcb\xf7;\
\x14\x8e \x03\x16\x01\xaf=\xa9HH\xea\x96E&\xe2\
\xf2^T\xc8\xc4\xa2\x90\x0b\x94\xb2=\x96\xa0oyr\
q\xed%$\x840R\xc55\xd7\x00\xb9\xbb\xd7h5\
\xd1\xd6\x0f\xcfu?\x80V\xb3\x9f'B\xe7h\x933\
J\xd8\xe6|\xcc\x99\x13F\x86\xd5<\xbf\x1b\x0c\xaeJ\
\x85\xcfT\x14\x05F\xa5\xc5\xd5\xe4\x0b\xdd\xad\xd9\x83s\
\xeeE\x9el\x0a\xc5H\x90\x1c\xcb*\x91\xee\xbc\xc4\xf7\
K\xc9|RR\xfa<\x89Z\xb2?\x7f\x1e\xbd\x1e\x13\
\xe9W\x0bpN\xcah\x19\x98\xad\xd9j\x1eG\xba\xa4\
;W \x8d<R\x1f\xb8:\x8f\xb1vz\xfek\xeb\
N\xb0\xeb\xbf\xa8D\xfe\xbc]8\xb4\x9e'\xed\xec\x7f\
\xe8\xbe\x1aG[f\xabG\x9bc\x025\x8a@$t\
\x90\xb2|\x1f\xbdkF\x03\xba\xbb?\x8f%\xddY\xbe\
\xd0\xae\x11\xeb\xf7\x99v\xdf\xd0C7\xf8G*\xde{\
\x82H\x13\x9b\x1cm\x17\xe5\xb5\xf9\xa6\x848\x8a\x17'\
T4\x18i\xfd\x00W\xf3\xd0\xb66\xb8S\xec\xb7[\
3\x9e\x87\xaaT\x19\xf6\xa3\xba\xbf\xdf\x88\xc9WO\xe8\
}b0\x10\xe91\xec\xf3S\xd0\xdb\xbe\xe3\x99\xc7\xd3\
\x16\x80x\x92\xa1\x01\xef\x89\xc1\xf8>\xeb\x81\xcd\x06Y\
B\xc9&Y\xc2)\xd9\x14KL\xa8\x88J\xbf\xa7^\
\x1d{r\xd8\xd69\xf3\xb7:K3:\xf8\x1a\xbd2\
\x90.v\xe0\x12\xe1\x9c../\x12\x9d\xa4\xb3Q\xf9\
(}\x0e!/p\xb0\x9fO\xab\xe1\xfdf\x08\x088\
)\x0c\x0b\x0e\x90\x83'\x0bJ\xe7\x02\xe3\x02\x110\x01\
%\x0bE>\xc5\x94L\xc1\xd9\x9e\xf2\xbbN\x158B\
\xe1\x16\x98P\x9e\x12\xa7\xa4\x11B\xac\x86Q\x18\xa9{\
\xd7\x06\xaf62\x17\x0b\x90\xcd=\xa7\xcc\xa9\x80\x0b\xf4\
\xa9\x07\x99Rh\x8c\x0f\x8a\xa2\x5c\x222\xf5\xe0l\xd1\
U\x86\x09\x1fbNG#K\xc0)\x97\xd9\x9c\xe25\
|\xaf\xb8\xdbH\x9a\xf4\x86\xd4\xe7g\x1cxF\xc5\xd0\
\xe3~\x15`|\xbb\x83\xe4F\x8e\xfd\x9d,p\x04\x09\
\xf0P\x8d\xaeC\xaf\x8cc'\xcd\xa8\x14\xb6\x8e\xc08\
\x0e\x02\x03\x0d\x98\xc7\xee\x18\x95X{\xb5\xb5\x7f$\x1d\
\x8d\x11\x08\xae\x0c\x8d\xa1\xee\xfc\x04\x86\x86h\x06\x83\xe3\
\xfa\xecot\xcd\x99T3\xff\x87\x1b]H\x81\xba\xa8\
\xb1-B&$#IR(\xec\x1cq\x0c1\x92d\
\x0c\xbb\xf2\x12\x81@\x84\xd1\x1c\xc6\x18\xa2\x08r\x84\x10\
\xa3\x88\x88\x04\x12\x8a\x88H@a\xd2b\x03\x9a\xa96\
\xeaQ\xe0\x9a\xf1]m \xed\x85E\xd8\x16\x89\x82J\
\xf9nXS{\xe0\x12\x03\xc30\xac\x85\x1d\x02T\xb5\
\x98\xe6EV\xab\x82\xf7\xee\x88\xf33\xf9n\x81\xd0\x0a\
(\x80>\xd5@\xda\x0bG\x86\xe4\x1c\x5c\xde6\x92\xb4\
\xa3\xcb\x9e\xd1\x02\xfd\xb6\xa7\xafR6\xe6\xfc\x17\x04\x1c\
\x9d1\xd9H\xab(\xb8|\x1dl:\x08\xa1\x82\xdb\xff\
@\xaak(\x7f\x0bjsG\xec\xf5\x1c\x05z\xd7\xee\
\xdaP@]\xb4\xaf\xfbMl~M\xf0\xce\xd1\xdf\xff\
\xbd9\x09\xa2<\xcd\xbf\xe0\xa0\xce\xad\x9c\xb3\xee`\xe9\
\x17\xa7z\xec\xfaq\x99\xec\x173\x91\x83\xbd\xf2\xc0\xc0\
\xcf$\xa4\x06E\xcb\xa9\xcd\xbc\xc3\xe2mE\x9d\x09n\
\xe2\x0a-\x1d\x1dK\xd5^\x88\x87\xd6J\x04ZE6\
\xe8ec\xd7\x1a\x1c\x867\x88\xceh\x05\xd3\x89=\x96\
\xf7\x95\xd3?\x96\xadE\x18\x15\xb2\xab)\xafmC\xe3\
\xc9\xd98,\xd7*q\xe4$\x1a\xfdM{o\xbdk\
\xfb\xbbnF\x1b\xc5\x801J\xb6#\xf7\x99\xf0\xd4E\
KhU\x16\xfc\x0d\xfc_!\xdd\x02>\xe2\x05\x0c\x94\
\xe0^\x90\x01n\xb5e1H\xc6\x19dR\x0d\x92n\
\x10[N\x9f\xb2[\xd2<\xbf\xda)\xaa\xee\x95\xa2U\
\xdb\x0e\xc4\x80\xf1!\xd3\x8f\x9f\x90\x01\x1c\xa0\x04\x05\xe0\
\xb5M\x14\x15|\x1c^\x86\x1f`\xb2\xba\xa9E\x8f\xc0\
\x1d\xa8>\xb1*j\xc2Z.U\xa5\xa1\xa0\x7fq\x0a\
\x0a\x9br\x86\xd9\xbb\xf8\xb7c\xea>\xc1\xa0M(\x1b\
!;\x1f\x7f\xa6ztc\xefj6`\x06%\xce#\
sKD\xc3\xf3\xc3f\x8e\xe4v\xf6\xf94\x9a\xd0H\
p\xb7\x01\xfaH}\xf74\xc1\xf2\xa2\xeaD\xe4\xd0\xd1\
\x8d\xf0s\x0b\xf0qI\x0d\xe4\xe9@\xc0x\xc2\x9a\xde\
\x02\xa4,\x16v\xdc\xc7\xac\x91\xa2\xd2\x9a\x16\xb6\xee\xfe\
\xca\xccXB\xf6\xc7\xafQa\x1aA:\xe6Gm\x9d\
\xcf\x9fx\x18A\x02S\xb8J%\x83\xfc\x83\x19V\xe6\
\xaa\x042mb\x9b'c\x02;m\xf7\x80#Y\x0e\
\xce,\xb4\xf7M&:\xbaB \xb6\xd7X\x09\xbe\xc1\
\xd9\x06\xe0\xad\x13\xa9\xd4\x9c \xa5\xbc(\x83>\x09\xc1\
\x83\xb4#\xaaX\x0dg\x88\xbe\xac\x9c\x11\x0d\xfc\xdf\x83\
x2\x0di\x5c\x8b\xe8%\x0ej\x09TZu\xcd\xa2\
\xfd\xd1\x00\x05C \x227(\xf0\x1f\xdc&\xc0_-\
\xc8\x01}\x17)\x95\x01\x05\x82\xaf`\x84\xd8y\xa9\x03\
\x80c\xf6-o\xb2\x05ou@\x19\xe1\x13\x09`\xc2\
|\xbfwU\xf0\xbc\x16\xdf\x87\xe1\x8f\xa3\x86\x94,\x80\
y'\x03\x8d\xf0\x9f1P\x0e]\xfb\xdb\xbc5;\xe8\
u,\xab\xefl\xde6\x0f\xdc\xfb\x90V\xa0\xb1\xcfl\
\xf1{W\xe4\x138\xbd8\xef4\xc0\xbc\xe2%n\x03\
S\x19\xa5\x10Ae \xab`&\xf0\x81a\xa9G6\
L\xa9\xf3\x89\x0d\x94*\x97\xa3\x12<(\x11\x5c4{\
\xc0\xbd\x83\xa2d2\x04c\x8a\xf4\x8a\x8ab\xa8\xb8\xa8\
\x84\x80cz'\x99\xf1p.\xc4\xc8\x04\x18<\xf3\x03\
*\xce\x1a:\xec\xb1T,(\xa9\x0f\x8fjiV7\
\x9cu\xb6\xb2\xc2\xbf\xed|:8f\xb9\x08\xd5\xdd-\
k\xd6P\xc6f\xd6\x16\x1f\x06\xdf\xc5\x8bS@\x16&\
v\x0f\xb4Sxb\xa2\xc9c\x8c5\x11\xd5'\xd6\xa2\
\xe2\x1d?\xb3h>4\xad@\xec8\xdf\xc9IB\xaa\
Y\xc6GW\xb7\xab$\xf5\x82\xe1O\x8b\x84\xe2\x14d\
S\xd3Z\x9ej\x9ea ]\x09\xf4\xd1\xcf\xa5p\xaa\
\xf4\x8a\xefFm\xfc@\xa7\xe5$\xec\x1e\xac\x81\xe7\xf6\
\x07\xcb\xdf(P\x05S\xaev\xd0\xca^\xa4\xe0\xb4\xbb\
\xa3\x05\xdb\x110\x08b\x08A\xcc\xc17&X\x0dA\
\xbe\xd3fO+\xc2\x83g\x81\x11\xc2\x8aX\x19\xd5`\
(5]\xd2\x008 .\xe5G\xec\xd3\xa1Od\xa7\
\xfe\x1fr\xdf*\
\x00\x00\x0b\xd7\
(\
\xb5/\xfd`\xf7jm^\x00\x1a\x81\x04\x15*\xf0L\
f\xd5\x01\x13\xa73\xb3\xb6\xc6\x03Nb\xeb\xe6\xe3\xd7\
\xe1\xaf\x9a\x82\x9f\x05\xa99#\xd9Mv\x93\xca\x127\
\x16Q\xc3\xb0\xb8\xc4\xf3x{\x01/\x01(\x01\xc7\x99\
\xa8\xb6z\xe8\xa6\xcb\xaa\x8c\x9a\xcc\xea\xf8\x9a\xebb7\
&s\xaf\xe1>C\x97\xeeh\x8c\xd7\xc7\xfc{go\
\xd6\x96P\x0f\x8d\xc3\xa2q\xa0\xc5w\xff\xef\xb2\xfe&\
\x9e\x99m\xe7+\x9d\x99Q\xf8Sv\x87m\xdd\xef;\
\xf1dv\xee^\xcb IBT\x22!%\x03\x1c\xe2\
\xa1\x8a\xa4\x012\x00\xc4$-$gY<T\x0e\xa9\
\xa2\xce;\xa3\xa7\x99\x0e\x98\x1aH\xa9\x04\xf4(,x\
0E\xc7\xf3X\x050\x8a\x86\x83\xa1*\xa7a\x5c\x99\
\x03 h\x00j\xa2\x05\xa4\x00\x1358\x12\x03\xe6i\
4\x0c\xc4\x90\x18\x18h1I\x8e\x07\xb4\x9eF\x94X\
\xaa\xe8\x81\x92\x05Gz\x10\xac\x8a8!\x0aM\x8e\xd6\
e\x88\xc3d\xe1\x89*\x06E\x041\xb8&\x0b\x0c\xd5\
\x1390\x14\xe44\x0e\x0ab4\x8d\xa7z\x96-\x0c\
\x1c`\xc0TPcA\x09\xc8\x99\x1a$j9\x16\x0f\
\x04cf\xb8<\x9a\xaa\xf1@-\x0b\x22\x83\xc6\xfc\xff\
\xa5C\xe2\x99\x02\xa0\x1aTCb0$\x07r\x109\
N\xc2\xdc:\x86\xaa\x1a\x10\x03Z@\x8c\xf3,\xa6\x06\
G\xb2\xe0<\x08\xaa\x81 \x08\x82\xc2\x01\xa5\x80\x80\xb0\
`Y\x90\x04F1I+Z\x0e\x0e\x0e\x0c\x83pT\
\x15\x83\x02\x04r4\x0e5A\x03\x01\x84\xa1\x8a\x1c\x90\
\x07\xaa\x1ah*\x00Y\x16\x00\x14\x10\x16\x10\x90H\x8d\
d\x01jH\x8b\xe6i4\x15\x85$\xbe\x18\xe0\xc0\x03\
\xc9\x82\xa2\x11=\x92\xd3\x80\x90\xc4\xd6%\x0b\x0d)\xa2\
&\xc8\x01\xb2`<\x08P\x08\xb7\xf8\x8c\x99\x9f\xf0w\
\x7f\xa6+\x17\x05\xd3\x8doQ\x00U\xcd\xa2\xb2\xefu\
\xc7<w\xfcv\xecv\xdc\xcd\xed\xdb~\xed\xd6^\xed\
\x84Tc[\xfc\xaf\xe0o^.\xbcEI\xfbK\xed\
\x5c\xa6p?6\x9a/\xdblN\xcde\xa8\x9e\xb7\x92\
\xf3\xba\xad\x9f5w\xd9\xde\xf2o\x82)\xd9\xf9\xc7\xac\
\xca\xf9\xd9\xd2\xb5\xf6]\x8e\xe9k\xd3\xae\xff\xf4y\xa1\
j\xb31\xfaj\xcc\xddk|^\xb6\xa4\x9by\xaeE\
OL\xbd\xcf\xe6]\xde\xae\xf8\xb9\x1e\xb5\xef\xce\x97\xe3\
\x839.\xaf\xbbG\x1fB\xd4\x03\x8d\x05\x1a\x98 \xaa\
!Y\xa0\xaa\xa8\xf1@\x82w\x1e\xfe\x99\x1e\xa2\xfb\xff\
2\xe5\x14<\xa2\xa9j\x18\xc9\x02c\x92\x12T\xa3\x99\
\x1cP,\xe3\xca)\x91\xb8\x5c|\xc8\xa6\xbc\x16\x9d=\
\xce\x00\x92\x85\x0441 \x16\xcd^.\xdbe\x8a\x8e\
v\xd9\xde\xcb6\x15[mag\xb2\xd0\x88\x14\xd1$\
-\xae\xfa\xb6T;Yx`f\xf7po\xe7\xb7\x18\
\x17A \x0f\x09\x1c\x0e\x9et<T\x0e\xe4\xa0&\xc8\
\x91\xc7\xd9\xb7\xdey\xbc\x86\x88\xde\xfew\xf7\xb6\xe7\x8e\
\xf3$bn\xa2\xfb.KX\xc2\x9dC\xceD:O\
\xe7g?\xb3Y\x83\xce\x19\x13LR\x04\x08\xc71\x80\
\x01\x03\x88\xc4\x93tS5OSA\x8c\x83\x1eD\x8c\
\xe8\xd10\xf4\xda\x1coiD\x0e\x10\xb5h\x12\x93\xc2\
Ab\xa0\x0ezh\x16\xd3\xd4\xf0p4,O\xe3\xa7\
\xd9\xc3\x9a\x22\xf3\xfa\xe3\xb5\x92\xf4\xc0Az\x1a\x06\xca\
x\x82\x9eIj\x90\x80\x14\x8d\xa3i\x80\xe0\x00E\x0e\
\x1eF\xe1\xdb\xba\xcd\xcd\xd3\xfc\xcc\xfb\xbf\xb3\xff\xf3\xf1\
\xf4\xfb\xdf\x97\xa9\xa5\xdb-\xd4\xc5\xb6vf~F\xdb\
_Um\xf4\xe3k\xbdN\xd8v\x5c{v\x0a\xe7r\
n\x1f\xdf\xdbvj\xdbwb;kr\xaf;\xbb\xa5\
\xf7|\x8a\x8b\x17\xd7][~\x0b\xda\x1a\x1a\xa2\xaf_\
u\xd6^\x88\xcb\x9d'\xae\xbc\xbcE\xfd]\x9a\xe8T\
\xef[\xbe\xcf\xd9\xd8\xf5\x0d\xb5u\x99\x13\xfd\x0d\xd7#\
\xfa\xe6\xb5\xef\xe7\xb7\xb53\x9b\x1bsr\x1f.\xfbW\
\xf62\xf3w=\xbb\xde\xaa\xe5\xabk\xb33&\xe7/\
\xa3\xee\xe7:VP\xff\xb7\xd5\x96-z\xf9\xdci\xcb\
\xb9\xf8\x89\x7f\xf8\x7f\x87}{k\xff\xdc\x88w\x0b\xd3\
\x1eU\x1b[\x7fyw\xd7\xfa\xdd\xfd\xb6\xe2\xde2\xfb\
\xe6\xce[\xed\xaf\xa4\xafn\xf2r\xe5\xfc\xbc\xd4f\xc6\
\x08\x0b\x14\x0e(FA\x91\xac\xf5\x03]\xe4N\xd9\xf6\
{\xb1 \xce\xcf\x0b\x17\xe4\x11}\xe1\xf3\x99\x82\xeb\xc9\
\xabK3o\xf3z\x19\xef*\xdb\x88\xb4\x82\x8a\xbc\xe2\
\x8a\xa4^\xeb\xdf\x1ag\xb2\xe9\xafG\x96\xcd\x9a\xdd\xcc\
\x17\xb6\xe7m/\x88\xa3\xde\xca\xb6\xc3[\xa7\xb7\x8b\xbd\
\xbe\xef}\x1d2:\xfb\xd2\xfcw(\xc7i8S\x93\
\xe6\xffxL\x8a\xbc\xbbbJ\x1a\xa3\xad=\xe5\xbb\xb3\
\xb1\x95\xfd\xd1A\x92\x95-\x17\xdf\xdd\x7f.\x5c\x12^\
sM\xef~ub\xeb\xb1\xff\x03D\xb1\x05\xcf\xd2\x17\
\x8f\xb1s\xad\x82}\xda\xc8\x0e2\x90\x07\x0b\xa2\xd8\x82\
\x9c\xd9\xb5#\xa8\x18\xf2\xf7\xbaX\xd9\xa5\xb7 \xa6<\
\x9e\x9b-_\x10\x07\xd1\xbe\x5chv\xca\xa7\xee\xffJ\
D\x969\x19\xaa\xc6\xa1\xd0\x90\x1a\x08h\x02i\xaa\xa8\
\x01\x12\xfe\x15 \x12\xca\xe9{\x8c\xbc\xf6Ou\xado\
\xa2\xdf#I\xe6_\x8f\xc6g\x8c\xcb/\x95\xbcW[\
\x86\xbd,\x8a7\xdb\xb5U\xdf\xa9P$ r.5\
\xbbE\xb1*\x81\x1e\x89\xe1h\x90&\xc5!\xd2b\x01\
9\x88\x12H\x16\x16P\x83f\xa1`\x18Fa\x01\xb4\
\xa8\x22\x04\x16\x8b\xa8j\x80\x89\x18\xce\x03M\x8c\xc2\x82\
\xf1\x10\x80\x11-\xa8\x1a\x84\xf34H\x0d\x1a\x84\x82\xd4\
\xa8\x02\xab\x1cv\x061W\x92\x14$\xc94\x06\xb2A\
\x86B\x89\x94$R\x09\xa7\x03\xd2h0\x82Q(\x04\
2\x0c\x85\x18B\x08\x81\x84\x10\x22$\x04\x09\x08!D\
\x09d\x84\x82\x99\xb3\x03b\x86\x12\xdc\xcd\xd8n\xf1n\
|B)\x17\xec\x8e\xf9\x01I\x0e\xfbI\xda\xbbL\x83\
\x1c\x09\x00R\xf6\xcc\x8d\x15\xb8l.\x8e<$\xbe\xc1\
W8\x0c]\x19\xadX%\xc0\x97{,\xb0\xaaA=\
\xd8v\x95\x8dm\x040\x9b\x88\xa0\x0aq\xdaU-\xf2\
\xb0\x9c\x89\x0e\x96\xd0\x83O\x19\xf51|%\xf7Ch\
\xc10\xc0\xb0'\x10O\xa6\xc2\xb0\xa0 H\xaa\xab\x98\
\x0bc\x7fv\x9f\x8a\x7f\x8b\xe8!Rj\xf1\xec\xb2\x06\
\x9a&D\xd4m\xf1\xe27FBL\xa8_\xf3 \x8c\
\x0b\x05p\xa9\xcc,\xc2Y\x09\x8d\xa2\xfal\xe7\xea\x9b\
\x94\xcb\xba\xde\x7f\x15\x01\xbcT5\xf4\x1c\xe2BY<\
\x12pc\x80/{\x93R\xfd\x1aC\xb9\xa11\x8e\x16\
d\xfb\xe0\xe6\x17\xa2\x94\xd3\x18\xe3\xa5\x87\xcc\x03\xfcO\
{\x07f\x9c\x06\x10\xfca\xb4\xbfq\xbdS\xda\x84\x9c\
\xdb\xb7\xa7\x0d\xd4>\x88\x11#H\x11\x16\xa6\xf7Y\xc4\
'\xc6\xa3\x17\xf5\x22B\xe4\xd2A\x12m\xe5\x06sr\
\xa4\xb10\x07\xb3R\x8d}\x01\x90d4\x7f\x0d\xd9\x86\
\x9e\x17\x5c\xb25\x04.\xf8\xead`D\xd2$\xed\xe2\
I\xe2H:\xcd\x03m\xe0\x84\xee\x8fMk\xedn\x18\
\xd2\x03lK\x07\xa7\x0c\x97\x1cRu\xb6\x99+\x1b7\
\xb09I\xd2I\xe0\x01\xa1\xbb\x80\x81'\xf6Z\xe4\x1d\
\xaf\x8f\xce\xd2\x97\xd1}A\xc8\xca\x0d\xe6\x94\xa1\xec]\
\x80#\xc1\xde\xba\x12\x22\x07\x89e\xe9U\xf1\xfe~\x22\
t\x96J\x05>k\x1c\xb2*\x00S\x15RE\xd3Y\
x\x1ep$U3 |\xd5\xb9\x11\xf9\x93\xe2\xec7\
\xeax\x80>P\x0fj\xa5\xcf\x8a\xf6\xa2\xd2\xeb\xa4\x87\
\xc9\xefc\xd8\xb4\x80AQ\x1e\xf3\xac\x18R\x1e\xae\xc0\
N4n\xc2\x9b\xb6Q\x0d\xf9\x09&~\x07\xb2$f\
\xff \x94\xbd@.x\xde\x08H\x18\x89\xc9 \xd7\x8f\
\xbe\xc3\xc1\xc8\xa5\x05\xf3E\xa0\x81\x19K\xc1\xfc\xa9\x88\
\xc3\x00\x90HV\x1f95\xb5'b)\xbc\x06\xecQ\
\x9d\xa9\xe9\xf1v\x83g)t\x8a\xf2\x8c\x0e\x10!\xab\
\x05D\xb5N3`;b\x1f\x8c(sw\xc0q\xc8\
S\x809\x93q\x05\x98\x97\xae\x1fF\x1a[\x19\xb8\x5c\
\x92L \xf0G\x17\xec\xa6\xdfX\xfa~\xbe\x0e\xf7/\
<JA\xa6\xb6\xb9Qp\xafS\xd8\xfc\xcb\x9d#\xb3\
\x9c+C\xc9\xe0\xda\xa9\x0a\x04\x0ew\x8aS+\xa6e\
\xd0f9\x5c#\xd0\xe3a\xebfN\xb7_0vy\
@)\x05\xec\xd8\xe5n\xdc\xa1\xe8\xf3\xdc\xa2\x9a\xbcq\
\xde\xd3\x03\x10+\xdd!\xd0|LP\xd67fK\xa6\
\xde\xcf\xd24P\xd7<!\x09|\x94\x04-\xf9C\xc3\
\x95:\x9c\x0f\xf0\x0a\xb5\xa76\xb0\x15\xc8\xd9ic\xa9\
\x10\xf4\x0a<\xac-\x03\x83l\xea\xcd\xb9\x80\x17mF\
:AR\xbfoTTn\xba\x0dA\x91\xf7\x09\xab5\
\xa7\xe1`\x86\xcf3J\x03\xe5\xd5\x7f\x06y\xccn\x97\
T\xa8\xfd;g1A+#\xbb~\x0aV?\x81\x19\
L\xb1\x83\x96Mp8:\x7f)\xe33\x0a\x11\xe7\x0a\
\xc0\x02\xfd\xab\x84h\xb0\xc6\x16\xda\x83\x1e\x07\xe2\x10J\
q\x8e\xcc\xc5\xab\x8d3pr\x1c-\xbc\xfc\xe2{:\
\x01\xf4!\xbe\xb8\x9d\xe8,H\x91\xb0\xe5\x12\xd5\xd0\xd4\
\xe2\xf7J\x8b?\xe6\xbe\xe0\xf9\x00D\x05\xa7\xa1qw\
Kk\x0b\x87\x876eN.x\xc691\xb1K\xf7\
\x99nm\x00\x0f[\xa2\xadF\xbb\xcd\xd5\x95\x5c\xfc\xe6\
\xd8\x8a\xc2\xa2\xde\xe3\xdc\x0e\x0f\xcd\xe9\xa6\xcb\xf9#!\
\xb6D\x98$\x0d4OK\xb8H\x84?&\xb69<\
\x0d\x1e*\xe1\xb8\xf8\x18\xf1\x09\x191h\x0d\xa2\x81\x12\
\x03\x03.T\x0c\x8c\xbcg\xf0\x5c\x19\xf7\xff\x9c\xc8\xb1\
\xa0t)X\xc3\xf0\xb4\xa5\xd9vj\x9bEG\x00\xdb\
9\x88{\x8f\xbdw0K9\xcc\xca\xae\x1b\x5cH1\
\xc6NT#y\xa0\xc6\x1a\x8c\xae\xbeJ \x03\xf0\xab\
\x01[\xc5\xa1\xd0\x9b\xfd\xcbK`\xbb\x93j\xe0@\x89\
*\x058\x91ER%\xe5\xb0\xa5\xc4\x97GR\xb6Q\
\x8c\xf0\xc0q\xea\xf6#\xfay$\xc5\x9d\x81f\x9e\x18\
\xa1\xef!s\x22V\xd0\xe1_\xe8\x9e\xff\x8a\x17!>\
J\x7f\xfd\xe0\x00\x13\xd1S\x02\x80\xb4_]=\x84\xaf\
\xd3\xf7<\xfa\xaa\xfbzy\x03\x08\x86A0\x00\x9d\xd5\
=\xe8\xec\x8f'\xc7\xcfigZ\xf3d\xd84\xf8\xf9\
\xb8Z\xa3\x8e\x7f\x8aNNcux\xa0\x0e.j\x82\
\x02\xd2b35\xfb\xa2\x07\x00\x22 l\x09\xact\xad\
\xef\x95t\x13jMb1'\x0a#\xd7\x1c\xd7\x1c\xc2\
IR\x81\xe6\x98cX%,8,\xe4l\x1e\x03b\
!\xe6\xb3Ut\x97\xad\x1f\xb8\xcd\xfc\x98J\xda\x0b\xf3\
(*a\xa6pT\x13\xa6E|\x22\xc6g\x17\x9d\xec\
\xa8\x98\x12@\xfd\x1a\xacb\x85q\x9d\xffpm\x15\xf0\
\x90d\xf8\xf2\x0c%\xac=\xf29\x9ae#\xc3\x18y\
\xf7w,y\xe7\x0b\x15\xd9\x95\xe6\xe8\x0d\x86\xebp\xb6\
\xc2\xf72&\x80{\xbeD\x8ec\xff\xd6\x85\x9dt7\
mZ\xbf\xac\xee\xb1`\x86o\xae\x18G\xb5\xe7\x8c\xf3\
4\x8f\xbaH\x9cN\xc4\xc3hz\xd8Y\xc5\xdbA%\
\x0a\xe9r\xbb\xbfX(\xcbT~\xc7\x86\xc2;\xd7\x95\
\xe7\x91\xda\xf1\xd9\xbf\xfdE\xb0Q\x8e\xb8p\x91\x0fK\
\x1c\x07a\xdc\x12\xaf\xf2\xc5\x9c[\x91\xe9\x80\xe8\xcf\xaa\
\x04t\x12\x16\xf0\xa6&\xff+<Tl\x1e\xdc;\xca\
\xa8\x13-@\xe4\xf5}h\x82\xd4\xf9[\xf3y\xfaI\
y#2\x9e\xd4S\xb6\xc7\xc2\x99\x01\x93\x92\xaa\x17\xaa\
\xf4\xbarcs\x8e\xda$Q\x0f\xb2XK\xa8\x07\xd8\
\xfdc\xac\x07\xd3]\xe0\x18\x84\xf8\xacO(\xf9\xac+\
X\xe0\xecq;\xe8\xc5!a\x0f?\xa1\xf5\xfa\x09\x82\
|X\xb3+\xb2\x90\x85\xf9\x9dG\xd8E\x88\xe5\xe5\xd6\
1hXo\xe5\x8d\x95\xf3o\xe0\xd0'cP\xa2\xd8\
)j)t\x88\xad_\xc8\xf5R.\xdeP\xbdN\xe7\
\xcd}I\xcb\xb1\x95hqc\x1c\xd2\x16 \xfa\xf1\xcd\
\xf2\xa0\xdf\xdd[\xa5z\xbcE]\xc277x\x9b\x5c\
7,z\xb0\xc5\xc6\xb1 |R\xb0Kn\x0a(i\
)\xfc>NF\xa0\x1d\xbe\x18O\x03\xfb\xd8cv\x80\
\x94\x0d\xd6\xf0\xa5\x0b\xa1\xbd[\xb6\x91\xaakR\x17\x89\
Q\xcd\x1e\xd2\x85\xdb\x87\x89)\xf1\xe787t[7\
\xaee:`\xe0c\xadX3X\xb8\x8f\x87F\xa9s\
\xbc-\xe8X\x81M@\xa4\x90m\x1c\x1e\x9f\x22\xb7\xc0\
\xf3\xae/}\x0a \xbeU\x95Z\xa8\xee\x08\xeaH\x9e\
\x90ru\x82\x07,\xbajRJ\xce\xa4\x0f\xd5.\xec\
\x9d\xb4\x0fY\xf1V\
\x00\x00 \x07\
(\
\xb5/\xfd\xa0\xa5\x04\x01\x00\xf4\x8a\x00Z\xc1\x5c\x1d*\
\xe0N\x88\x92\x07\x9b\xd3\x87Q@\xff\x83\xe3\x9b\xa1\x02\
\xe1\xc0\xa0\xc8l\xac\xa3\xb0\xb64\x11R\x840R\xcb\
P`\x8d(\x83\x19\x06\x85\xf1BN\x02\x99\x01\x90\x01\
\x90\x06\xc2\xf5\xef\xdb\xd7\xb2z\xe6Yb\xe0nuv\
\x9fb\xb4\xfd6/\xf1\x98T\x16\x87v8l\x92\xcb\
\xdf\x9fj\x89\x06d\xb9k\xff\xaa\x87\xef\x8c\xc5ev\
\xca\x18\xd9N\xf6\xf6vw\x1f\xdf\xb1\xfe)JP8\
\x9aI\x83\x02\xf3\xaf\xf9\x9c\xe9\xe17\xef\xe8mey\
X\xd0 \xc0\xe8\xfe&\x10\x10\x03\x22\xcb\x83B\x81X\
\x14h\x1c\x06(\xf0\x00U\x16\x88\xe4!\xf2\xa0\xfdM\
\x9a\x0a\xe4\xe1\xa8c\xdf\x9e]\x9e1\xe7)\xcb\xaaD\
h=v\x9fbX*g\xd5\xb9\x00\x0d\x84\x12AC\
\x91 \xd2\x00\x04\x93\x86\x02QyD$`\x80 \x02\
a\x80\xf6\xa5\xbe\xce\x9aDg_\x1e\xeb\x89\xb5]\xc4\
\x93\xb8pp\x89\x84\x06_`\x1a\x8d7.AQi\
(\x0e\x87D\x81\x80;\x98fi\x02P\xa0\x062Q\
\xa1,n{\x0f\x92J\x7f\xef\xc1,\x13\x05&KS\
G\xa38\x1a&!A\xb1\xd0\xdb\x9b\x90\x98\xa84x\
@\x81,\x8e\x86\x91Dh\xd2L,\x10\xaaD\x9a\xc9\
\x04\xe2\xcd\x05\x0f\x87\x87\xc4\xe20\xc1\xa6\xbf\xb3\xaaw\
\x14\xdfX}\xdb\xd69H$\x17HH\x16\x16\xe8a\
\x89P\x1a\x88I\x84\xa4\x81R\xcf\xb2\xa6\xc8#\xc2\x16\
\x0e\x22$\xcc\xd2@i\x98\x07\x04\xf3\x9804\x8d\xc8\
2i \x92J\xa5\xd1P\xb0 \x99\xa8<$:i\
\x98\x89da\xe1\x08`\xe1`\x22\x810,\x0f\x0aE\
D\xf3\xb0\x80i\xf0\xe0L$\x95\x07\xd3\x90Ce\xe1\
\xa0!a\x14&\x8a\xf7)\x05.\xb4\x85\x03\xe6Qi\
`x4\x0dh\xd5Pa\x1e\x11\x09\x94\xa6\xb1<P\
\x1a\x87%\xc2T\x98S\x84@\x04\x08$T\x9a\xc8i\
\x1cMc\x02!\xa1\x9c\x07\x88\x84BBU\x19I,\
\x95\xc8\x04\x85\xc8,\xc1*\xa1\xbb\x7f\x11\x0ef\x12\x00\
%B\x89H\x1c\x1c$\x8d\xc6\x82G\xa3\xb1H\xf8y\
\x02\xa5\x12i\x1c\x1aH\x93\xd0` \x13\x88\x87\x85\x83\
\x06\xa3@\x89(\x14\x0a\x06\x0c\x16P\x1a0`\xf0\x80\
H\x81\x90\xc00\x91\x9c\xc7\x89\x88\x88HHPx\xa8\
T\x1a\x04P4\x0fK\x83RAd\x01EC\xe5\x11\
\xa1`\x9a\xca\xd2L\x0eP\x10\x01\xd0\x80\xc1\x83\x02\x16\
\x92\xc8\xc2A\x13\x91@\x16&\xb2T(\x8a\x05S\x02\
\x11H\xb0p\xc0\x10y0\x92F\xa4Q,\xea|\xe1\
 \x22yP&\x8d\x05\x0a\x88\x83D\x01\x0d\x02\xcd\xaa\
\xcb\xc9E\x99X\x22 K\xa3\x81@$fx\xb7\xc3\
\xc6\xe0\xfe\x1e#\xb3\xdbXS\xd9t\x0d\x0f\xfb\xe7d\
L\xd5\xba\xbe\x7f;\xfa==\xeb\xb3\x8bG;\xd6\xd1\
\xd4\xdex\xf4\xd2~\xd4\xa3#q\x8d\x7f\xf8X{\x8e\
\x98O>]}\xcc\xca\xca\xb6\xc8\xba\xeb>\x9b_\xae\
\xc4\xb3\xc8\xca\xfb\xd4\xc3\xa9M#/\xf5m\xfacX\
\x1b\xbb\x97v\xbeS\xd5\xb5;U\xb6v\xf8\x18f\x86\
\xfbN\xd33e\xa8\xe9\x8d\xf3\xdc\xdf\xea<\xf5K=\
>\xe3\xea\xd9E\xcd\xc2s\xd7\xb2\xca\xb3\xbb\xb7\x8c\xd6\
\xc7\x8d\xaa\xdb0~\xde9\xc5\xc2Z\xae\x89\x97x\xf2\
\x0c\xdd\xca\xe6\xa3\x7f\xde\x19\x1e\xfb\xaa\xca\x10/O\x9f\
\x99\x1d\xd6\xe4,=y\xb7\xea\xe6S\x9alg\xe0\xea\
\xf1\x8e\x1aCw\x0f\xdf\x9b[\x87M\x8cT.\xc6\xed\
\x1a\x222&\x9e\xcb\x8e\xf6\x96\xdd\x9eeF\xbd\xc5c\
\xfc~\xd5\x9e\xb3\xe7\xeby\xae\xfci*j\xdd\x19?\
m~\x9e\xb1Zeg\x1e\xc4\xca>=\xc8i\xc7\xc2\
]>w\xab\x93H\xc9\xf6mf\xad\xc3ixew\
\xfb)Jnn>h\xb6\xc9\xc9\xc9\xc7%\x15\xcfV\
w\x81\xd1\x05\xecZ]V\xddBC+<x\xc6\xaf\
\xfbC6\x5c\xd3\xddc\x9f\xca\xd2\xae;\x1c\xcdV\xbf\
;g\xdfnL<\xa9V\xfb4\xdb\xde:\xdc\xc4\xf8\
&\x1b\xfe\x9c\x18\x8c\xd5\x7fv\xf1Y\xf1\x96\xf2\xd9\xa9\
>\xd7\xfe~\xf0\xeai\xc7\x92\x98\xea\x8c\xd6c\x916\
1J\x80\xa6\xc2\xaa\xbb\xb6\xdf\xe5>Y\xddT \x99\
\x5c\x10\x91D\x14\x1a\x08\xc4\xe4\x90\xbc\xde\x84N\xb8\xd1\
L\x1a*\x8b\x03\x0f\x8f\xcc\xdd\xef\xec\xdb1l\xec\xec\
\xedR\xe4K]|\xdf\x1a\xdf\xcdp\xcd2\xcdN\xb5\
\xfe\xbd\xeb\xda\xf5W\xe7\xb2\xd3\xb2\xe3\xe4\xd3Z\x9a\x98\
\x98\x98\xb7G\xbd\x83I\x0c\xb4\xbcT;\xb7\xc4D\xd5\
\xdc\xea\x17\xf6\xe1_;\xebG\xb7\xe1`\x16\xc7\xaf/\
ya\xea\x5c\x5cv\xcf\xee\xc3\xa8y\x87u\xf6X\xcc\
}\xf4~\xccZa___\x9d\xa5\x9d\x0f\xe2\xf7\xcb\
\xb7\xb6\xaa\xb4\xf3\xe5\xec;\xee\xb2*N^\xbb\xd4{\
\x7fy)/\xdc\x91\xcc\x82\x8b\xc8\x9cZ\xaa\xa6\x89\x89\
\xc9\x96\xfb:e\xd4\xe0\xb1\xc3f\x1a\xdbc\xda\xaa\x1a\
\xcb\xf1\xeb\xf0\xcb\x82\xc3\xa1\x9cv\x96j\xd8\x9aj[\
\x12\xbb\xd8x\xedn\xcf\xd9\x9aVe\xe9\xfd\xda\xac\xaf\
\xb8\xf1\xe0\x1d\xaf\x18\x87\x9dk\xe7N\x8c\xf35\xf7\x1d\
\xa6\xfd\xf2p.+\x1eM\xd3\xc2\xb3\xcf\xb4N\xed\xca\
\xbe\x5c\xbe\xc3c\xd5m<\xc4\xe3o\xa3\xad\xa1ef\
#\xdb\xea\xd9\xf0\xc6\xca\xe5h\xc6\x85,\xd5f\x19\x93\
1\x19\xcd\xb4-O\xa3\xf55\x9e\xbc\xe6\x1d\x8f\xde\xaf\
\xef\xfc\xe63\x7f\xf94T\xc5n\xd3\x83\x95\xda\x8b_\
\xb3\xf4}\xea\xb43\xfb\xb2\x9f}\x9dWg\xe5\xc3\xd6\
\xa5w\xf6\xb7;\xb7\xe7-\xb6\x9d/\x10\xf2.\x93\xd1\
\xa8\x99M\xdb\xdf[ t\xe7\xd9\x9d3\x86\xf13\xed\
\xa0\x92}\x81\xc0\xd7\xdb\xba\xb3\x0c\xad=\xe3\xc9\xa5\xe6\
\xca+6\xf2\x1e\x9e4\x86\xde3\xcf)Y\xfd\x97\xba\
@X\xd3\xd3<u\x06\xd6\xb1\xf5A\xa6U\xb4\xf3)\
f\x9c]{\xcf&1\x98\xef\xbe\x88\xb9e\xd5u\xa5\
z\xdb\xabo\xed\xde\x03\x8c\xfa2J\x01Q\xe8\xcb\xf2\
 \xa3N\x8ab\x5cu\xfdy\x92\x14\x0dE61\xec\
\x0a\x84\x13\xa3\xa2\xbc\xc7\xbdE@\xe4\xf1p\xaf\xddo\
\x9fc\x18\xee\xcd\xf0\xb4Y\xe2\xa9\xbeD\x06\x06\x04\x02\
\x10\x04P\xe8\xc4\xbddF`kF\xe5\x81\xf2`\x18\
\x12\x1e4\x90\xcac\x01\x08\xe4Q\x81 \xe1\xe1\xd0L\
\x12\x1a@\x1c$\x06h\x18\x16\x87\xc7\x83\xca\xa2\xd0`\
 $\x0bK\x05\x13\xc9\x04\x0a\x8dF\x02\x08<\xa0\xe0\
`&\x8b;\x1a\x83\xa5\xb20K\xa5q`*j2\
\xa2\xe3R\x1fS\xf6\xd2\xb5\xd1{\x89\xd9\x90t)\xf9\
x\xe9F\xa8\xbb'\xdb\xd3\x91\xe5i\x95)\xb5\xe8\xb4\
\xa8\xb4\x91*\x956M\xc9\xd2\x96\x90\xb8i\xd1(Q\
\xe9\xf0t<\xa6\xa3\xa2\x93\x91Q\x13R\xd2Q\xd3\xd2\
I\x97\xe8tjB\xbaBJbZjZJZ\xe2\
\xb2\xd3ii\xe9t2\xaa_\x12\xd7)1\x19\x11-\
\x9dNJMKK\x9aG\x98IJE\xa7&22\
BBB*bb:BJRR:\x9d\x9a\x9aN\
t\xfd\xa9\xf3F\x9b7\xca\xfc\xd2\xe5\x8f\x8e\x8a\x96\xe8\
\xe8\x88zu\xb7\xd8\x96\xbb0\x95\x8fYc\xed\x1e\xdb\
\xf5\xe5\xed\xb9\xb1\x9f\xab\x8b\xdf[\xb7\xd6\xb9\xe3\xdb\xbc\
,m\xbc:Gd\x0e\xb1\x0f\x97\xe6\xa1\x8f3\xedW\
\xa7o/\xfb\xfa\xcdl\x9a||\xee\x1fuw\xb7n\
\xa9\xaa\xa5]\xb9i\x98fY\x89\xbc\x98xx<\xbd\
^\xe7m^\xe6Y&\x9e\xfd\xda\xd6$\x0d\x95\x86\x01\
fi&\x0f\x14\x84\xe6\xc3\xc6<gt>\xcd\xb0\x8e\
\xb1i\x16w\xeef\x1fk\x14\xf7\x9bj\x98\x88\xaaZ\
\xd8`\xb2\xd0\xd1\xd4\x8b\x17\x0b\xaf^/<\xaek\xdd\
Z+\xed\xbc\xd5\x01\x84$\xa8\xf3T\x9aU\x92\xa2T\
J\x91$I\xd2f\xf3\xa40\x14 \x10F\xa3b=\
\xcb\x92|C!\x111\x14\x0c\x8b\x02a\x90\x80\x0c\x0a\
\x82\x81\x80`\x10\x08\x04\x02A\x00\xc1\xa0A\x0c\xc5\x81\
(\x84 \x14\x83\xa00\xf0\x1b\x7f\xbb^\x9c\xe4\xe9\xac\
\x10\x0e\xcd(F\xf3\xbf\x9c\x0e\xaa\x92\xdc&\xf7\xb6\xb3\
D\xc1\x9cD&\xdb8\xf3\x12\xf0\x97\xda\xa49?\xd6\
a\x00\x1aC\xfa\xb9V[XCq{Q\xb7\xb2?\
c?\x0c\xcah\xd4\xfa\xb4P\xc8\x9b\xf1\xb8\x95\xa2\xa9\
\xc3\x1bt&\xc5\xc2\x89\xdf:\x83\xb2Y\x9f\x95B?\
Cp\xd0\xed\x16\xfd\x09Y\xea\xdb\xeb\x19\xd0\xb6\xce\x1a\
r\xd4\xf1$:7\x8f\xe2\xe1\x05\x10\x95??s\xab\
;\xce\xad\xc6\x98\xbd9'\x5cz\x98\xce|\xec\xc2\x1a\
/\xdd\xd9\xdd[\xec\xcdR\xd8\xa5c973\x22\x8d\
\xe7v\x05\x22\xd8b\x15\x14\xa4\x81*\xd3M#\x91\xe3\
\x94\xb4&\x03\xc3\x94\xf0=\x14\xf6@\x9dF\xd0\xa7p\
aZz(\xec\xba\xc2\xeb\x5c\x0b\xb5ZP\xf2Vl\
7\xc1\x84\xc58\x8a\xfb\xdc\xd9\xfa\x1a\xb7\x85\xcb5\x15\
\x12\xca\xe4\xa9\x13XeX\xcc\xdc\x1f\xcbez&L\
\xec]\x16\xd5.\xebw?\x0b\xbdF\xf4\x02\xd9\x97\xec\
\x02\xc5?\xe4\x02h\xff\xde\x02S\xb3j\x01s\xc4I\
w\xb6\xb1\x00\xa7j\xbf4im\x05|j-\x88\x1f\
Q\xf7\xe0\xf3{\xee\xf3UF\xad\xc0\xa2\x1as&\x90\
\x1b\xe4K{{\x154*\xb5\xe4F\x80\x14\xc8\xca\xfc\
\xad\xf5#\xfdK@\x07^/\xe6?\xbb\xaa\xc1\x999\
t\xd5\xbb\x5c\x07H\x01\x0b\xcf\xca:\x12\x9a4p,\
\xe4\x97\xd3xt\x190%\x1f\x03\xcc\xa80@@\xf9\
\x05\xd4+\xeb\x02\xd0\xfdK\x0f\xc6\xe8T\xfd>\xbf\x02\
\xd8\xab*\xe0\xfb9\x05\xcc\xcfQ\x80\xd1\xc0k]\x89\
n\x02\xb8\xa0%`\x92\x8a\x01a3\xcc[\x83\xbb\x22\
\xc08\xe8\x10 \x82\x19\x04Te?\x00\xfa\xa9\x1e\xe0\
s\xc7!\xae\xbac\x15\xcc7\x00\xca\x04j\x80yD\
\xcc\x00V,b\x00A@\xbc\x00\x95\x84[\x00t\xaa\
V\x80\xf1\xc9\xa4\xbe\x7f\x02\x94Z'B\x17\x1e\x01\xe6\
\xadB\x00\xab\xff\x00\x84\x1d\xea\x00\x8aC\xed>\xd9p\
\x06\x80\xfe\xd5\x05p\x95\xbb\x89 \x9f\xd9\x15\x1b3\xfa\
\x01@\x9f5\x00\xd3T\x0b\x80yJ\x00\x84\x9aq\x00\
\x94\xb5\x05\x00\x1a\xd0\x03\xc0<f\x00`F\xfe\xff2\
\xad\xff\x973\xf7\x7fYT\xfe\xef\xf3\xd4\x84\xe5\xdb\xf8\
\x0bH\x1e\x1c\xff\xeb\xb6\xf7_\xc5l\xffU\xe7\xfa\xaf\
\xde\xd2\x7f\x15\xeb\xfcW\xe5\xf2_\xe6b\xfc\x17\xc7\xf0\
_9\xce\xef_\x97w\xff\xeaj\xfbW\xc5\xec_f\
\xe6\xfa\x17\xf7\xe4\xe3\xf9\xcc\xf4\xc7\xbb\x10\xfd\xa3\x10y\
\xfe@\x22\x9a?\xe4\xe1\xe5\x0f\x87J\xfe\xe0\xfb\xf8\xc3\
?\x8b?\x1c>\xfc\xc1F\x13\xfcYPP\xaa\xf3\x9c\
\xa0=T\xc0\xb3\xb40\xb3\xdf\x0aD\xec\x07\x22\xe0\xf5\
\x7f\xb8Z?:_\xfd\xf1g\xea\x87\xc3H\xe7\xc0\x11\
J?\xd1\xf5\x02F\x1c\xb0y\x0c\x9dH!\xb3\xc5s\
\x9e:\xc1^\xeaO\xd1\xeb\xf9g\x95\xd3k\xa2#O\
\x17\x91\xa0^\x87\xf57\x9d\x9a\xb2^\x07x\x1c1\xcf\
\xa03n-i\x94\x118b4\xbc\xe1'c\x11\xfd\
WQ\xf4\x05\x8d\x89\xc6\xd1\xb8\xfa>\xe4\xcc\xd7\xa5#\
\xd7\x19-&\xf3\xdb\xb3\xc4\xbe&\xb7\xc9\x88J\xb8\x8d\
x\x87\xf3{\xef\xa7\xfc\xd2\xd1\xcd\xf5o~\xcb\xae\x1c\
V\x86\x0eJ\xe5\xdbs\x84~!\x9b\x00q!>\x9b\
\x88p\xf4\x11D\x12j\x11\xf8\x88\xd0\xeax\xce!\xa5\
<\xf8o\xdb\x0c\xefs\xbf\xea\x86\xe0H\xbd\xd7\x8cR\
\xc0I7\x82Ll\x0aJ\xfe\x0d\x03\xf6\xf6O\xc8\x95\
y\x00\xe7vJ\x9e\xf0\xa7\xbf\xa2'\xe8\x13\xcfm\xcf\
\xdd\xa9\xf1~\xf0\x85\x1e\xf6>\xd0P\x02\x8b!\x07\xe3\
\x07\x96\x93e\xfd\xa3\x13R\x96i\xef\x9d\x0d\xe0>\xaa\
]\x81\xf7*\xba\x9b\xd2\xf6\x97'6F\xe6\xe3\x06\xbd\
\x067.\xc7\x95p\xb0CrX\xea\xa2\xf41\xd4\xb3\
\xb4\xfc2\x8e\xaf\xda\xd1F\x7f\xe2?\x1c,c\xe8\xb8\
\xc0\xc6\x83\xf8(\xb8\x9a\x0cp\xff\xad\xe2\xc2a\x01\x9a\
\xbfD\xcbH\xa7y\xc4&\x82\x85k\x07+f\xba\xa4\
A\xca\xe0b1(\xd4\x10\x05j>\xb25x\xc2\xcb\
\x90>P\x9fh\xe2\x1cR\x19\xfb\xd6\xccW\x82\xed\x1b\
8dW\xa2\x7f\x06\xc1\xa5WCI\xbe$\x5c\x04|\
\x06\xb0\xf6V=,\xd6\x9f4L;\xa5\x7f\xc5\xb6=\
\xe7\x0e\xe9\xcf;\x07\xdc\x81U\xcd\x82s\xcd\xe8\x05\xcc\
\xe46\xb8q\xf5\x814\x08\xc4\x04\x8b\xd7?\x7f\xf6\x93\
f\x93\xd1\xb3\xb4]\xea\x22\x15\xee\xfc\x97\xb6\xf0\xc5\xbf\
@\xdb7\xfb\xb4y;x\x17D\x03j<y\x0a\xc2\
\xce\xb77\xc4\xb9\xcb\x0f6\xcd\x962\xf7\xa0\xb9>\xd5\
T\xf1\xfa\xa8tP\x01\xd5Z\xff~\xe8Z\x88\xe3\x8b\
\x98\xbf74\x10\xc0\xe7\xb8\xdf\xf6\xf2t\x89g\xc7\xe7\
]\xf5G\xfa\x9f@\xc0\xfc\xa0\xa2ET\xd9\xd6N\x02\
P\xaa\xafN\xa1\xee\xf9\xee9\xfd`a?R\xfd!\
Ub/\xefE\x14e^\xdb\x1cD\x81\x91\xba\xe8r\
\xce\xfc\x916\xafb\xed\x17\x13e\xc8\x80\xb5D\x0e\x1c\
TgA\x92;Lm\xfd\xdc\x08b\x051\xbf\xf3:\
t\x1b\x07Oa\x15xm\xc6\xd9\xe9\xc4\xc3~~q\
\xa1\xdew\x9c\xa0\x8a{\x87\x1f\xcc\xf7f\x10W\x1at\
\xc2\x22\x19\x1b\x02]\xb9\x1e\xfe\x1f\x0b\x19\xf2\xd1C[\
\xb9\xea\xe0\x02\x1f\x1deU<\x0a\xfaO\x12j\x01D\
;\x10\xe1@\x19_f5q\xee\xf7\x19\xc4\x0d\xbfu\
\xf1\xc9=\xca\xc3\xb8R\xe0\x0c\xfb\x94\xc4\xa5V\xe2\xc8\
\x1c\x9er\x1c\xa0.\x1e.g\x96o\x97\xfd\xe10h\
w\xf1\xec1Q\xa0\xd1\xa7t|d\x8a\xff\xd5\xd2\x98\
\xeb/kC\xbd\xfc<S\xc3 1I\xddq$\xc5\
I\x9d*\xe90\x92#\x1e\xe4\xe9C\x8a\x9cn\x0dK\
LD\x9a\x07\xc85\xf9\xc6y?\xcd\xfd\xb7\xaek'\
\x1c\x94\xb4x&\x95\xbc\x0c\xb9\xaa@\xa8L\xb7\x95e\
\xd8\x09\xaa\x81/\x10\x5c\x88I|\x1e\xacP|I\xe2\
\xa6\xd8`\xa5\xa4\x9b\xdb:` \xa0\xa60\xa0\xad0\
\xa8%\x02\xe3\xc3\x06\xe6\x8a\x94\x80Y\xc4h\x0b?\xf2\
\xe5q[\x88\x17\x9d\xec+\x9fc\x5c\x0f\x18!\xb9\xc4\
\xb3\x0c\xb42\x9b`\xbfq\xea\x09\x8c\xb4W,H\xca\
\xef\xb7\xbf\xbc|\xbf\xfa\xfc^D\xf2\xb1\x9d \x90j\
f\x89\xc4\x92Odk\x14)V\xe0\xebFbc\xaf\
y\xebE\x89K\x8e\xfa\xb4\xc1m\xc2\xff\x00\xbe\xa6M\
\x94\xbd\xba\xcd18\x19/\x11\x02\xcc\xed%\x06\xf94\
\xfc\xd2\xbdArr\x8c\x8fm!%G\xf1p\xfdQ\
s9L\xf7T\x94\xd3d#A\xadJB\x97S\xda\
\xce\x83/)\xf8\x13\xecU\xd9\x18\x1d\xcf\x9a\x12\x87\xa5\
\xe61f\xad$;\xd8\x81\xd75e\xe3O\x9cXa\
\x84Li\xe6>\xec\xa0\xec\xad\x84\x0dV\x83\xca N\
`\x972S\x93\x04\x90CC\x10\xf7?\xb4\x04+\xf1\
\xb8\xf9Hr\xd9\xa1\x1a\x22\xff(\xf1\xc2\x0b\xb0~\xbf\
\xaa\x14(\x15\x18\xb4\xe4\xc8\xc3_\xf9O\xe8,\xd4\xf3\
)\xba\xfd\xb1:u@N\x0bb6\x94=c\xabx\
n\xc2\x0b5\x03\x9c\x88\x02\xa9\x82\xf9\xee\x8f\xef\xe7g\
\xf4\xdf=CK\xba\x8cfe\xdc\xa2\x02*v\x9b,\
\x8a\x04(\xd6\xae\xff\x01\xc7\xce1Hrx\x8b\xcd\xb0\
\xdc\xe4I\xa8:R\x9d`\xc9\x0e\x9cH\xea\x86j\x0b\
\x1a\x03\xa5d e\xf4\xda\xd5k&\x15\x89O\x83\x08\
\xd2\xa0\x88x\x87\xc3\xfe\xd7\xef\xa8 \x06\xd5\xa1\xc5\x80\
\xb8\xd5%\x96+\xc1\xb7\xa3V\xc97@%$;\x8b\
/\x8e\xf5t\x1e\x18f'\x0e\xf0ns7\x00UI\
]\x92\xa0p\x96\xdb/b\xd9\xcc\x0d4\x80u\x16\x82\
\xc3\xe8\xd4~\xf3\x9d\xbe\x0c\x9f;\xc9B\x8a~H\xdf\
5\x1f+\xd6d;\xd5\x0c\x1d`\xa6\x064\x97h\x08\
\xd1{gH%\x03^\xb5\xe1\x81&j\x9d\x85T\xa7\
1;@\xf8T\x0fC1\x9c#\x1a\x06\xf8\xa2''\
\xbd\xbf\xd8F\xe4:S\xf0;j\xe5\x8c\xb5\x8d\x5c\xeb\
\x9a\x9f-\x09\xcc\x9cX|\x5c?\xf3\xbc$\x87P\x18\
\xe2\x22\xbby\xaa\x18\xe8Q\x93\x18!H\x05\x95\x97z\
=\x1d\xbe\xc6|[H\x15\xda\xd2\xdcT\xb34\xdd$\
c\xeek\xae\xdfA\xdb\xd6\x82\x16\xfeP\x16\x88\x0a\x90\
\xb3\x069\x9a:\xb9\xae\x84{I\x86g%t\xee\x82\
/{\x0b\x8b\x1d\xf8\xcf\xef\xee\x94\xb0\x0f\xd2\xf1\xab\x0b\
\xcb\x8c\x05,\x9d\x82:\x97\x1f\x90L\x1f\xf8X\xc1\xc2\
\xd3\xec \x03\xc1\x0c\xa5Hj0\x82\xcd\x5c\x1f\xc3\xa9\
\xe8\xb2\x87\xe5\xf1\xba\x0b\xe2\x1d\xf1\x88\x81WG\xc8\x95\
\xees\x7f\x7f\x07y\x0f\x1e\xe1\x8e\x0f\x1f\x16\x1d\x15t\
\xed$\x16\xfb\xc1&tZtH\xab\x17\xcf\x0f\xe7/\
r\xd4\xb0h\xb2\xa4J\xbe\x91(&\xe0\xe3\x81uc\
\x80\xe1\x8a\xc4\x9f\x8cp}\x89\xda\x14\xcb\xe2\xb4>\x82\
\xee\x19I\xb8\xd1'\xb7=\x96B\xf7 /\x09M\xb2\
>\xe8\xcb\xf70\x8d~O\xcb\xc1k\xb9v\xa7\x92a\
\x0d\x98\x9d4\x8f\x0f\x02f\xd1\xca\x11,\x9a\xa28&\
;\x1e\xb3]j\xac\xe8\xf9\x8aj,\x8e\xe2)\xa4b\
\xb4\xf3N\x86^2\x17V\x9b'#s\xfe\x0e\x18B\
\x07~\x0f\x8c\x94\xbc\xfc\xd4\x0a>\xd8(\xc35\x1c\x94\
\xb4\xf2\x87\x8c\x94g'\xda\x98\xb1\x9a\x8dfA\xd7[\
\x90}h\x9ex\x93Q\x02\xfe?s\xc4\xefh\xffK\
\x12HZ\x89N*W\xe3\xd8<\x923c\xcd\x04\x87\
gT\x96\xd4s\xe0\x04\xdeH\x80d\x1b\x808^\xbe\
k\xebL\x80\x0eR\x892\xbd\xf3l\x87\xf2\x8cX\xee\
\x0d\x8a\xfdS\x81o\xe3E\x1do\xaf\xc0\x12\xde`\x95\
A\x1c\xf6\xb1\x22R\xe7\x11,.\x81\xcb\xb4\x1e\xde+\
]~\xc5`.\x1f\xda\xc3\x09w\x08v\x06\xc6\x83$\
\x85\xe6\xbe\xa0yH\xcb\x92\xc8\xa0p\x84\x9d\x0f1L\
\xb6v0\xc1\xacs\xd2^\xe2\xbeyf\xdfS\xf7-\
\x07\x06$0\x85\x9a@\xc5A\xfb\x81\xc5\xb8%k\x10\
\x03\x098J\xb5\x02\xf6O\x97F\x8a!\x85\xec1\x04\
%\x83\x00%\x01\xacAn\xec\xc0\xa9\xc9\x94\xcd\xb5\xfd\
^S\x9e\xdc\x9e\xa7\xceR\x16\x8ed\x8a\xc4'6\x8f\
aYU\x9f\xc3\x00\xd9\xe3P(\xe5\x9c\x01!\xf4S\
\xbf\x9d\x01\xba\x0fi\x14\xba\x02\xd5t\x00z\xad0\x16\
$0mK\xd2\x06\x88\xc8\xb01LU\x83\xdf\xa1\xb3\
\x19rQ\xe3r\xe3\xca\xee\x9dRF\x0e\x22\xbc\xe0\xdf\
0\xd0`\x09\x01O\x01F\x01s\x016\xcf\xe5\xe2\xab\
t$\xb7{\xac\xd4\x8d\x0d\xd5\x99\xcd\x8c\x84\xbfP\x84\
\x0c\x22f\x98\x0es\xabQ)\x9c\xd0\xa1\x984\x02\x84\
\xb9\x9e\x5c\x82\xd9Ik\x0c\xcb\x8e\x08\x1d\x8b$d{\
\xcdF\x1dT\xbc\x19\xcbx\xfc\xd1g\xfe\xf1i\xee\xfd\
\xbd\xb5\x22\xcf\xac?:\xfa\x5cLw\xb2\xa1Sb\xe6\
_\xee\xe4\xabW\x82]\x9cW8\xc4z\xa6\xecD\xf3\
\x1c]<R\xd6\x17\x19\xcb\x8cmi\xac|\xa3\x84y\
kD\xa64,\xd9\xe5\xcb\x95\x89\x8b\xae\x99a6P\
j\xab\x97%yb5M\xccZ$\xb9\xcd1Q+\
t\x8b\xea,%\xa7\xbf\x96|\xb4o\x06\x22s\xff\x81\
/\x91)cU\xc9=a\x91\xbd\xad\x08\x07\xa3\x94F\
\xdc\xf5#\x9at\xe6\xc7\xaa\xa4@\x9d\xd3x\xfd\xd1\x88\
\xb5~\xe7\xd7\x87\xaa\x5cc\x9a\x9f\xcd\xb7\x1a\xd2\x98D\
\x1a\xdae\xbc\xf9Kw^\x1f1\xbb\xcb\xaa\xb2\x92@\
\xa6\x9eI\xcdb1;1\xf2.E7s-\x9b2\
\xba\xf2\x95\x0c\x8dy\x19\x22\xb0u{\x88Q\xcb\x81\xa8\
h\x98p\x00\x81\x12\xc0\xe3{\x82\xfe\x9f\x88H\xe4<\
\x82r\xa7\x16&\x06+\x12\xac\xc8\xe4fx0\xf3\xe4\
\x96V\x85pG\xe1zE\xba\x913\xb1n\xfcVb\
\xc5\x06\x0e\x1e\x98\xc0\x02\x08\x1c<\xb0@\x03\x0d<\x10\
\x82\x04QB\x06\x19Zv#4\x1frJH\xf5\x96\
\xcd\xe7\xc8Xa\x19{;O\x89\xacJH\xc6\xc4e\
f\xf5\x1bfg#\xc4T \xa5\xc6T\x0a\xcbg\xb1\
\xda8#\xd15\xae4\x8e6\xe2\x19Ws\xc6\x92X\
<\x8es,\x19Gs26\x8aj\x9fQ+\xfaG\
\xe9\xe2a\xd6tXU\xc9\x98\xeaoTi\xa3\xccD\
\xa5Q6\xea?J,P\x11\x1b\x9e\xe7\x88Z\xe7\xda\
E\xe4\xc6\xdd\x83(xF~\xba\xf513\xab\xcf\xd5\
\xcd\x9c\xf0\x16\xd1\x0d\x1a\x88o\xfd\xe8q\x1dY\x9d\xbb\
Q\xc3P\x954\xa4\xdb\xb3\x19\x8b>\xc6|\x16\x89\xb4\
\xf8Nu\xc6\x93\xda\xca\xc8.\xc3\xa9\x98\xebs\xadW\
\x8d\x1b\x86L\xbe4\xd4\x93\x9e\x15\x97q0y\x1d$\
\x84\x10\xe2\xec\x07\x923\xbb\x15\x00\x09\x14\x80\x80\xe1\xf5\
(\x933\xaa\xdcm\x18\xb2\xb9qe\xbc\xfc\xcalb\
t\x11\x83\xcdJ\x89\x85\x17\xca\xb5\xde1\xa9j\x97\xa1\
R\xeeW\xc9\x98|\xe6F1d\xfc\x89|\xf2\xca\xe9\
\xba\xe3\xd1\x10yD\x84\xb7W5s\x93\x8c\xae:\xb4\
\xaa\x7f\xda\x1a\xceR\xf7\xe6\x1a{\xb2\x87F\xd3%5\
\x15\xfa\xe4\xdf'c43%\x0dY\xbb\xabP\x8a$\
\xdd\xee\xe8>-?\xfd\xdfM\xb1w)\x9d\x9c\xe4\xcf\
j\xb3\x22\xb6\xee\xf3\xb9#\xb9\xb2\x9a\xd8\x90\x9e\xfb+\
3n\xf0ql\x987\xe2d\x184\x80\xa0\x81=\x90\
\xe1\xc6\xc7\xa9\x17]\xd1\xe7\xcc8\x8c\x1cl\xfe\x0e\xbe\
\xfc\xf9\xaf\xe6\x0c\xd7g\xf9Nb\xee\x22\xa6\x94\x02\x17\
I\xe4(#\xf0\x0dr\x89\xed\x0b8\x96W\x1e\xf4\x9c\
\x01\x0c\x14P\xb4S\x9e\xaa\xd3\x83\xe6\xc0\x93\x1b\xe6>\
\xfd\x9c\xf0\xc9\x0c0@^]\x5c6\xc8\xb5\xbb\xc93\
\xf2*\x95e1\xf3\xc0\xa5\x9f\x95\x14U\xabW'\x19\
\x9e\x11<R\xcd\xab\xea\xbd*\xc9A\x1a.II\x5c\
\xd5\xb0\xb0\xd8A2@\xa7'\xa5\x81,\x88\xc3\x8c\xf3\
m\x88\x10a8\x0e\xef\x0b\x04\x8fN\xd9x\x9d\xf1>\
c\xc6\xa2\xf3I\xca\x0a\x7f52\xceH\xec\xce\x10\xd2\
XC1\x18\x8d\x8a\x81\xc6<\xb5)\x9eu6\x01\x10\
a:\xe1\x9b\x12\x09n,e\x19\x1d\x8aF|\x10!\
\x049\x09\x22\x14\x866\xc8T\x82\x05\x1a0p\x80#\
\xe2V\x04\x11 \x83\x06\x0a\x1e\xcc\x08-\x08e\xe80\
\xf5\x9c\x88\xa8\x8c`\x98\x80\x00\x82\xc5+Q\xc0\x81\x83\
\x05\x0d\x90\xc0\x02\x06W\xc0\x01\x10p\xd0@\x81\x06\x1c\
\xe0\xc0\x03\x184\xf0\x80\x03\x0e\x14\x18aR\x82\xe9\x90\
D\x85\xafJ\xfa\xeeA\x0a!\xc4pC\xe6\xad\xea\xa3\
\x94OvE\x16\x1b$7\x88F\x97\x1b\xb2\x91\x1f\xcd\
\xf0\xe4\x91\xd6\xbc\xbab3\xd9\x95\x19\xfa\x09\xc9G\xcc\
D5\x225\xca\xae\xe6\xdc(;KR\x1a\x0e\x91\xa6\
:\xe2U\xe5\xc3\xb3\xd2m`\x9d\xb9\x88\xaaS\xc3.\
f\x1e/\x00(\x00\x03\x10H@\x00\x03\xb8\x93\xf9\xec\
c\xc3\xbc\xbe\x8f\xcf\xbeG\xcd\x98\xa8\x074\x95\x8e\xba\
\x86\x0dV\x0a\xe9J\x06\x09\x87!2\x94yj\x8c\xed\
\xe6\x99\xdeOpDD\xe8\x17\x7f\x84\x99uA\xc2\xa9\
\xf8\x99E\xc7d\x5c\x17\xd6#\x13trN\x9cJ\xa4\
\xec\x12\xfd}3\xe8l\x11\xf2\x11f)=(\x8dh\
\x0bdy6\x92\xf1\x00x|2\xd4z1\xcc}\x7f\
K39s\xa0\x083\xe5!\x86{\xf9\xe8,\x13#\
\x8e\x193tX\xe0\x9d\x8a\xc8>8w/\x99\x5c\xc9\
0\x99\x08\x95\xc1\x15\xb0\x9d\xa3\x18\xde\x9f\xd1\xd9\xcc\xca\
\x93\x9d\x8d\xe2P\xd7*\xbb\xb2\xab\x1b3\xfcR\xc3\x5c\
\xa2f\xd2_`\x81\x82\xd7;\x88b\xfa\xb5\xd8Q4\
v\xf1\xa0\x1b:-\x8f\xf6\x22\x88\x00\x11\xc5=g\xb9\
\xce\xa47\xceB@\x0c<\xd9/\xb3\xba\x8f\x1dS\x05\
\xd2\xddot\xa0\xf3\x14\xd5)u!i\xb3\xf3\x5c\xf9\
\xc3\xc3\xd9\xd4\x8c\x11N\xcc\x9c\xf1\xe1\x1ev\x90b\xa8\
\xd1V\x92\xcc\xe6\x06\x05k_\x1ek\x93\xa3\xa1{h\
p\xb8\xaa\xd3\x0d\x17\x87rf]\x09\xf8E}5\xaf\
\xca\xb5\x19\xd2\xa1\x9e\xc3\xc2u\x88d\x1f\x8db\xab%\
\xc4\xa6\x10\x8a5\x08\xdd\xf0 \xa1\x22\x223\xde\xa1\x86\
\xa8F)\xf6\xda\x05\xd1G>3\xf2\xc3\xe9\xbcS\x1e\
-mp\x86\xddT2.\x0cj\x91\x04\x84%\xa83\
\x85\x0aU\xd6D\xa9\x1a\x05I\x9a\xe6\x93S\x11$6\
\x18\x06#=\x14w\xcd\x01\xb3\x91\xe2\x9a<\x94\x069\
\x8aA!\x0aR\x06)B\x081\xc6\x10DDDH\
D\xc6Ti\x0c:\xe0\xe1\xfa\xd7 2\x8b\xc9\x1f\xe0\
S<C\xafow\xdd\x84.@\xe6e#\x0e\xe1\xda\
2X\xd2oL\xeb\xcd\xc6\xc6w\x0b\xc9k\x8a\xaf\xd6\
|${\x8e\x0b\x11\xa6DR$8%nO\xcaw\
\xa6\xaf#KB\x87y\xaauaO\x96\x0d\x8a\xaa\x0b\
\x86{\xb5\xa8\x04:Y\xf3Y4\x92t\xf6\xbb\xe4R\
D}}-s\x1dI\xd7\x9fK\xb8*YN\x07&\
U.\xf5\xbb\xf6J0\xb5\x05\x02\x8e3r\xab\xc44\
G\x9d\xcd\xd5L\x14\xa1\x9b\x88q\xb8\x1cT \x0eT\
^\x19\xa2\x8e\x106G\xc1\x82\x8bL\x14\xe1\xf6-\xee\
\xa6\xf0\x22\xef\xdc\xda\xb4\xe9\xea`D\xb5\x92\xb9nI\
;\xccA\xc3\x0d\xa6\xc4v\xa1P$\xc6iV\xaa\x94\
\x13J\xbb2\x09^m\xee;\xdb\x023(_\x93w\
\x99\x04g\x9c\x9c\xa7I\xae(o4\xe8-!F\x8e\
j\x00\x01\x5c\x0a\xb9\xb5J\xa8\x8d5\x8e\xce\x04\xb0\xd8\
\x80\xc5S\xa5t\x83\x02\x87P\x9a\xdcD\x9aO\xc3\xda\
\x05\xa8>G\x9a3>\x00\x15\xbb(\xc0\xbf2\x90\x09\
\xbd\xe3\x8c\xdd\x9d\xaa\xf2\xc8\xdcG]\xd0taf\xcd\
\xe5\x1c]\xf2\xb8\x10\x94\xf5\xc4\x1b\xfa\x01\xa8\x10\xd9\x22\
\xc9B\x85\x88>R\xc7~\x91[\xcd\xbbo\xea\x1c\xa3\
H\xccZ\x0c4\xd9l9Mas\x01\xe3\xaeG\x88\
\x1f[b\x18\xca\x17\x85\xc4\x91\x8a\xefc\xb0r\xa5\xa1\
9\xd4\xd2u0\xadL\x09\xaa\x17\x9b:eR%p\
\x05+>\x1d\x1667\xf1\xa7\x11\x0b\xaf\xf2Z\xec\xb5\
\x02k\x17\x13\x0dO\x03#\xaf\x83\xff\xbbD\xa0\xd1E\
T\x06\x08\xf4\xa1\xc8\x8a\x1a\x0bL\xd3\x92\x17:\x06\xb1\
-+\x94\xa0:0qS\xf3\x94\xa0\xc5\x06\xc6\xb1\xc2\
\xcau\xb1\xbb\xc3}\xf3\xcdcGzy\xf2\x0a\xa5\xd7\
\xa6\x86\xe2S\xa7=_\xbe\xc3=9\xedl\xcd;\x90\
*\x868\xb4L\xfeV\x88\x22\xcf\xe6Z6\xa7\x81V\
-\xc5\x90`?\x99`#\xeb\x81\x11[Z\x86@\x81\
\xd0\xbbe\x12EJ\x0b\xe1r\xb4\x18#\x132l\x05\
W~\xdd\xc0\xc3\xb7\x07\xa0'\x0e\x1e%\x13z\xa9\xf9\
\xfaQ\x880\x83\xcf\xa6\x85\xdc\x0aVM9?\xbc\x00\
mEl\xe7\x04\xc9\xf9\xe0\x1b\xb2Fr\xbc[\x81\xa8\
\xc2k!\xb1H\x1b\x88\x0e\xf4\x86ye\xb5y\xfc\xc4\
`\x92\xfc\xca\xc5\x18V\x93\x12v\xcd\x11\x97mFr\
M\x12ad\xcb\xf2<\x9b\x1f\xefNLJ\x1d!\xba\
\x95\x90:}\xce\x88\xf9u\x94\x84\xc3\xf2\xbf;\xf4\xd5\
\x16\x0e)k\xa0\xef\x88p\xe9\x98\x8chG|>\xc2\
\xe1FTt\x90IkU|r\x844\xfd4\x8e\xe1\
= W\xfd\x83\x08\x07\xb2\x9e\x0a\xf0\x03\xb5\xf8\xc4\xc7\
+\x95\xc8\xb5\xa9\x19\xf4Ta\xbd\xbd\x0b\xc3Y\xc2\xff\
\xd5\xb0@5\xce\xb1x\xce\x1a\xd0\x10E@\x84\x87\xd0\
\xd5&T\x1b\x98\xf6\xc4\x15\xcd\xea\xd7\x90\x91\xe9o\xcd\
'-\xe7\xc5\x16\x806?S\xd7\x02L\x08\x98-\x93\
\x994\xb5\xa5\x82\xe6K2\xdb\xf5\x9e\xdc\xb8\x10\xc8\xe3\
\xe8o\xf0\x04\x85\xf9\x0bOq\x89\xc2xD8\xcc\xa7\
\xd5\x87Ui^\x12\x84|\xe5{_\xea\x91_\xcd\xfc\
4\xf5n?\x88\xe1Y\x97;\xbf*\xda\xfa\x98\x14.\
\xa2Y\x8f\x0e9\xae\x1d\xdf`\x83\xc5\xb4%G\x1e\x95\
\xcb#\x9af\xb4\xa6\xe5K\x8bV\x7f@\x8eo\xc8:\
\xa0<y\x22(\xbd\xb4\x95\x06.\xfd\xfb /\x83G\
\xfe?\x96l7\x08\xe1\xb9\xa0\xdf\xa7\xa6\xeb-(\xd8\
\x1b\xbdy\xe3\x96\xf4\x14\x06\xa3g\xdd\x22\xdc\xb8\x82\x9e\
\xd1\x15\xa4\x00\xc3\x8c\x86'Ed0\xb8L\x81\x01\x1d\
t\xaa\xb5\xa4\xc6\x1fU\xb3\xa9\xd0\x0a\xffU\xac\x9bI\
\xaeBgb\x14\xf6\xc4\xfb\xaa\x7f88q\xd3F\xb9\
:\x1dlA\x94\x00\xe4S\x14\x92\xed\x19\xb7\x17\x08\xb4\
~\x05\xab\x9b\xf4\x9dS.\xfas\x16\x1d\x0b,\x88\x82\
U\x07]a%D\xa8\x84M\xffz\x92\xa7\xc5,n\
\x0eT\xc1\xf9\x86\xa5\xd7\xd9\xae'\xa13+\xf9\xea\xb4\
M\x82E\x034}7\xdbXY\xfb7\xdb\x8em\xff\
\xb1\xbe\xa6\x0e\x80\xed\xd0\xbd\x03d\xe6'CD\x9b\x22\
}\xe6\xf9O\xbd\x168a\x93\x8c\x89\xe7\x9a\x8c\xfa\x0f\
\xbd\xb0\xca\x03\x07K\xae\xcb>\x18\x80\xcfK?\xbf\xe8\
\x90fQ\x0c\xbb\xda\xcap\x99\xc5\xe0\x9b\x15\xbb\xd6C\
`\xc7\xcc\xfc\xcd\xf0J,\xa6\xc3\xca\x8b!\xab\x08\xfc\
\xe6_|`\xeel\xf0!K\x1c\xf3T [Y\xbb\
T\xc79\xc8\xab\xb820j:%\xbbtH]\xe9\
6\x88@\xf9\xd0o\xe3\x7f\x0etZ\xace\x8f\x8d=\
\xferP\xa7`h\xef\x12\xd41\x04\x0dY\xdc4\xfa\
\x1e\xa8\x99\xadD\xa4uf\xae~\x8b\xa8\x7f&k\xa5\
O\xd4\x8aj\x84\x5c\x8ab\xf1\xa4\x8d|_\xaa\xb4\x93\
\xb3\xdd\x9cE\xd3\x1a|\xa5\xd2\xc9f\xeb#\x98lV\
\xc6\xc9\x9e%n\xd1\x12x\xaf\x95Q )\x94\x83d\
\x19\x18\xbe\xb2\xc7|\xce\x22\x9a\xc6\x09\x11:c7\xe1\
\x16\xc0\xaa\x9c\xda5w\xf5\xed\xf4\x9c\x9e\xb0\x0c\xc6\x9b\
<T\x175K\x87*\xedu94\xebp\xd4jI\
B\xe5'\x08\x02\xd5\xd9\xa7\x85\xe4'\x89sP\xa9\x9f\
-\x9e3\x9e\xa2A\xe8v\xd9\x09*\xd6\x90\xd6\x1f\xc4\
R\x1e\xdc\xc7\xf0?E$\x804\xad\x00\xc1L@H\
:\xa4\x18\xd0FvB\x1c\x81&\xf2\x01\x05\x8ae\xa0\
\xa7\x8c\xe0\xc0\x07Z\x06\x11\x04H\x09\xfay\x86\x02T\
\xd0\x1e\xbc X2\xe8\x91v\xbf\x1at\xff\x0e2\xa2\
\x07i\x22\xdc\xaa\x10\x1aAF\x08\x22I\x08s:\xa1\
Q\x8bB\xa3\xd4\x18q'\x93\x9a1\x923\xb9\xc6\xce\
\x9eacA&\xceCa\xd7\x00!\x22\x85\xc5\xb8b\
\x00<\x9am\xa18ef\xbe\x17\x7f\x13R\x02\x97\x22\
\xa92w\xa2t\x9f\xdegH\x0fj\xe6%@t3\
U\x8c%\xf6+\xf9\x82g\xda\x98\x13\xf5\x81\xb8\xab)\
\x9f\x06\xee\x11mJT\xb4P4\x13\xc3'\xab\xbb\x88\
\x9an_\x83\xaa\xdc&4%%4\xac\x11\xc28\x08\
=\xa0\x07q\xddi-\xd18\xa5\x0eD\x0br^\xd5\
\xa5\xb5\xe1\x0a\xca\xbaL\x10.\x94$\xbf\x9d\xe2\xcb\xa6\
\xaa\xf7&bE\xc1\x00%O\x95<\xd2\xffF\xcc\xdc\
\x02\xe7\x9bMAD\x1b\x02v\xb3\xdb\x17\x99r\xbc\x00\
\xb4\x144er\xdd)\x80\xc0\x17\x19\xa0i\x01`\xf2\
\xa2\x04;\xb8\xb6\xa9\xa5\x873\xf9V\x8d\xabB\xfbV\
\xfdF\xcd/\x0fG\xe4\xfd5m\x1b`\xb6H\xea\xea\
\xc2\xb8\x95_\xa7\xb6\x8a\xa5I\x90\x0eW\xe3\x85\x9f\x15\
-\x0b\xea81M@\xd2\x0ek\xff\xe5}*}\x14\
\xffH\xa497\xa1\x08^\xdb\x10\xd1\xe6\xa0`\x9dT\
\xea\xc14\xb6\x87\x92\xd1B%/\x15\xb7\xa1;R\xb4\
\x06\xe9\xb8\xdc/\x14$\xe1r\x1c1\xf9q\x9c\xbd\x1c\
j\xb58\xc7}\x12\x93(\x9f\xf7iF\x04lo\x0e\
\xb5\x9a\x8e\x8e\xee\xb4B\xf9\x88\x99\x22.\x0e,\x9f\x85\
~\xc4\xd8<]\xf6%\xa9\xc4T\xb7f\xcf\xc7\xe6\xe3\
\x19\x82\xadn5\xad\x14\x85\x22\xe3\xbb\x0b\xcaP<?\
\x94W\x04\x0fg\xeaX\x8e\xa0\xbd\xa8p\x1eW\x0b\xa7\
\x1cp\xf8;\x96\x0fZ\xe2\xbf\xcd[\xc3\xe2[\x85\x9a\
@\xe4\xc9\x8b\x9bC7\x1dZ$\xe8\x188\xcep\xd0\
\xe2\xd0\xf7\xec\xa4J\x82%a\xaf\xf5\x9c\xdc(\xb7i\
\x06\x81\xdb\xe3d\xbc\x8e\x0cN\xd1\xc5\x0aU\xc72\x8a\
\x99z\xec\x15l-8\x1e\xa4\x80Q\xfc\xb39\xf5\x14\
#\xd3\xef\x92\x0a\xf7\xd3\x00\xec\x90\x04\x99\xc9\xcf\xe9O\
gUu\xdd\xe7\x0c\xea~\xb3\x01\x8b\xabG\x9ey\x0a\
h\xc1\xe6\x94Q\xa4\xf5Pz\x81\x8dcL\xd3\x94O\
\xd0-\xb9\x9d\x16Z\xef\xc5-\xffQ\xdb*\xb3r\xbd\
,?\x7f\x8f3\xa1,\x92\xd0\xf5\x8c@\xf7\x92\x80H\
\x18\xee\x95\xe3\xa4\xc8\x9c\xbf\xac\xdd\xc0\x93\xa4\xb3\x92\xfd\
\xbe\xc3h\xfcD\x8a;\xc5\xa9\xd8wk\x1e\x0b\xc6\x16\
\xf3=\xdcA'\x9fw]\xfa\x86\xb3\x81\xe1\x85'@\
6\xb9OI\x5cH\x96X\x99\x22\xaa\x97~iT\x06\
\xb2\xc9\xcfr\x91\xc3\x82$\xd0:\xdayU\x08\xaa\xd0\
\x9bV\xa7\xf4p\xaf\x16\x8a\xcb\xcd\xe2%\xda3\xd5\xc9\
\xe1\x88\x1e|\xd8\xde@a\x1f\xb6\xdc\xc7\xe8\xaa=\xb7\
8\xb9L\xc8<\x87\x8d\xfb\x18\xab=\x0f\xaf\xfaE\xdb\
a\x94@\xe9\xd0yC\x10\x85\x94B\x8d\x86\x15\xf0;\
&\x8e:\xb3\xddY\x92+\x85\x93\x13\xee2\xb0f\x99\
ZC\x02\x89\xb2\xce\x01]`\xc5\xfbWiQ\xfd\xf3\
\x98~\x17\xa2\x993%OZ\xf7\xf4W$\xc7\x8c\xc0\
O\x14J\x5c1\xc1\x85\xda\xca\xa77h\xffib\x0f\
\xcd8gF{\x0b\xceX\x16T\x8e\x12\x98\xa6\xc2\xc2\
R\x14)y\xa9\x19\xb9NFM\xc8\xfe\x94\x98S\xa3\
|\xc0\xcd-\xba\xa8nk\xebw\x17]\xa6\x17\xbd\xd5\
\x0b\x0fv\x83\xd5\xedt\xaa\x1c\x1f\xf9..\x9d\xa0z\
*r%?\x09y\x9e)\x95\x9fO\x0d\xbd\x95\x92\xb3\
8\xc2.R\xff\xb8\xf0\xe3<\xecNG-\xa7;x\
e\xd0\xb5\x86\x1d\xeb\xfc\xfc'\xba\xa4j/\xaf\xd5/\
\x0e\x19\xdf\xfb_',:\x8b\x9e\xdb\x03\x5c\xd3m\xee\
\x92{\x8a\x5c2\x04\
\x00\x00\x06I\
(\
\xb5/\xfd`\xe4\x17\xfd1\x00\x86\xbe\xb9'\xf0l\x86\
\x1e\x83;\xde\xbdz!\xddO\x9a\xe3\x89\x84\xc4\xea\xc8\
\x00w!\x0e\xd6\x03y\xdc\x92l\x15`D\xf5\x81M\
\xa4\x1a\xc9U\xb0\x00\xa9\x00\xae\x00n5\x93\x1e\xe0\xf8\
\xdb\xe8\x8c\xe7>#\xbe\xd50\xba\xbd\x0e\x84\x7f\xa5\x11\
\x7f\x88f\xdbms\xac\x80\x83\x02H\xff\xdc\xde\xf9\xba\
%\xcd[\x84'\x06q\xceA6\xd1\x9e\x1f\x9c1\x08\
\x11\xe8\x90eY^t8v/\xf0\xcc\xb3\x86 ]\
\xbfqk]\xc8k\x0f\xe1=?\xf4\xf8\x91j\xf1\x96\
\xa2\xd5T\xcb\xf0\xac\x94Rx\x1a\xfcAA\x01\x821\
\xd5\x80<[\xb7\xdb\x1c\x0e\x07\x820Q\xef\x0c\x06\xf5\
\x11\xad|BN\xa0\x18\xfd:\x94\xfdN\x7f\x13P\x8c\
\x01xP\x80\x10\xb0t^\xcdg\x8d\xa9\xcd\xb4s\xb5\
\x14v\xc0\xc1\x83\xd5<\xf9Z]\xf3\xab\xe5\xda[M\
\xd6\x97\xefo(\x0cM\x02\x1e\x02\x8a\xe6Xb\xceE\
I\x14\xd7^B\xc1^F\xa8,\xc9k\x91a\xba\xbb\
Sh5\xd0\xd6\x0e\xcft;xV\xb3\x1dGB\xe7\
\x96\x96L\x99\xc06\xe7c\xab\x99\xea\x9cP.\xac\xc6\
\xf9\xcd`0\x8d1F(c\x93\xab\xc9\xf7\xb9[\xb3\
\x08\xe7\xdc{\xbc\xa4)\x14\x13!j,\x1b\x1f\xbd~\
\xc4\xf7G\xc8|J\x9d\xf1MD\xad\xa4?w\x1c\xbd\
\x1e\xf3\xe8W;8Z!M\x16\x98\xad\xd9j\x1e?\
z\xa4;\x8fp\x91\xfcA\x1d\x98\xae\xa6\xd7\xc7X\xd7\
\x9e\xffZ\xba\x11l\xfaOF\xc9\x9d\xb7\x0f\x10M\xa2\
}5U[f\xab\xb74\xc7\xbc%F\xb9\x1a{U\
|\xca\xa9\x9bB\xac_G\xda}?\x0e\xcd\xe0\xff\xa0\
xoi\x8a$&Umg\x92\xc0\xa9\xc8\xb8<H\
\xeb\x08\xb8\x1a\x87\xb6\x94\xc1\x9db\xbf\xddz\xe1\xfcC\
#\xba\xb0\x0f\xd1\xfd\xfdBL\xbeZB\xef\xd2\x82\x99\
\xa2\xc7\xb0\xcf?A\xef\xce\x1d\xec7\x9ey,m\x87\
\x86\xb9\xc0\x80\xb7\xc4`|\x9d\x15\xc1f\x83,\xa1\x92\
\x96\xb0\x84SIS(2\xa1\xa0$\xfa-u\xda\xd8\
Re[\xe7\xcc\xdf\xea\x1cE\x07\x1f\xa3\xd3\x05\xd1\xc5\
\x15*\x12\xce\xe9\xa4\xf2\x1e\xd2%\xcblK\xf2\x96\xe5\
\xf9\x83\xac\xa0\xc1~.\xad\x86\xf7\x9b\x1f4$\x0f\xba\
\xd7\x94\xa9H\xc8\xd8f\x94O\x918e\xc6\xf8\x12\x07\
\x03\x0a\x10O\x83#\x0f\x0a\x10O\xc3j\xd8\x02\x1ft\
o\xca\xe0\xd4J\xe6b\x87\xa4\xb9\xe7\xe2\x9c\x0a\xa8\xb0\
<\xf5 Sq\x912\x22F\xe5\x12\x92\xa9\x07g\x93\
\x8e.L\xf8\x1a\xe6t\x8bd\x098\x13e6\xa7x\
\x0c\xdf)\xee\x16\x8a$\xfd\xf9\x17\x06V\x83\x7fA\xf1\
\xf3\xb8\xdf\x04\x18\xdf\xde\x00\xb9P\xb5\xbf\x91\x07\x0cM\
\x01\xfe\xa1\xd0\x85\xe8\x94\xa9V\xd2\x0b:ak\x08L\
\xad\x07\x0a0`\x1c\xbb\xa5\x8c\x92vji\x7f(q\
\x8b|L\xbd\xbe\x84\x85\x9e\xf4b\xc11u\xf63\xba\
\xe6,\xa2\x99\xdb\x8f\xb8\xd0\x9d(\xf4\x98\x12\xe8\xe0\xc2\
\xf2u\xf4\xae\x17\x8c\xe7\xee\xee<v\xab\x89tg\xf9\
>\x01\x81\x84\xa8\xd1)B6##II\x0a;\x07\
q\x081\x12u\x8a\xb3:\x02\x89H\x85\xc1$\x86\x0c\
Q\xc48C\x84HD$\x90P\x82HaA\x0a\x8b\
\x0dg\xa1\x02\xe2\x93rN\x11Qu\xbd\x1f\x1f\xd4+\
;\xc3Y%\x18\xfd:9\xcd]P]&<{\x08\
\xf4\xdbi\xad\x80\xdeg\xdcY\xa3\xc1nY%\xef\xf2\
\xf18\x97\xcev\x1b\x9a\x97\x96t\xc0Z\xc2\xeb,\x9b\
?'\x92\x96\x8a\xf5\xb3\xac\x85[\xb3\xf7\x0c\x0d*X\
\xd5\xdf\xd3\xf2\xc0\xf2\x04\xb9,\xc1\xd8s\xa3\xa5\xd2\xf5\
\x1a\x11a\x9bc<9a\x0eK[Jp7\x89D\
_#\xdbTwE\x9a=e\x06\xdd\xc1\x80\x18O\xda\
\xb5\xf1L&k\xe8JE\x95\xb6>\x00R]\xddK\
\xa0\x99n\x0dB\xca6\x0a<\x18S|\xca\x02U\x18\
\x03T\xa1\x01*\x0e`\xe3t\x81:\xe5\xcb(\xf5\x1b\
\x92\x98Y1~&\x1e\xe0\xddu\xf3)\x98\xef_\x83\
>\x22\x1c \x80E`\x8e\x0bN\x18D\x1d\xb8\xe3N\
XU\xddT\xa0\x0ac#q\xaf\xcb\x15\xba\xa9\xd1\xd1\
\xab4\x22\xa4{\xd6\xc5R\x13\x04\x15hVu\xc1\xce\
\x0e\x11\x1e\x01?\x04\xbe\xd5v\xfe\x05\xab\xea\xda\xfew\
\xd5`\x83'm\x9e\xb2\xcb\x0dh\x9e\x9f \xab!\xb5\
\xac\xae \xccJ\xf5\xe5\xe2\xe4\xadU3Q\xf2\xe2h\
\x02\x7f\xa8\xbd\x11U\xba\xfal\x82\xc2'r\xbd#\x8e\
\x1f\x05\x03e\xc0\xaf\xaeD_~A8\x8aY\x22w\
1\xf1\xc6\xa5\xfc\xa5\xbc\xfekr\x9dX\xe8J\xd3\x1e\
\x85\x1d=[\x88\x91\x0b\x9f\x85\x86H3IR\xbf\xd4\
Bv\xce2`8\x91{\xe9KU\xb4\xe0\xd7\x04\x1a\
\xf5\xce\x81\x9cv\x0c\xc1\xccn|\x08\xfe\x1d5'P\
\xf5\xaa+\xad3`\xc2SD\xd7\xb0\x97#I(\x7f\
0%\xbb\x0f\xbd\xf5\x22w\xee\x15\xe9b\xd1He\x85\
M\x1f\x11\x02\xfc \x1e\xa5a{U\x09\x7f\xe2\x1f\xa1\
\x98m\xc9#\xef\xa03\x07h\x85 \x96@1A:\
z\xd8\x00p\x92\xeeL~\x8c\xa0b\x11G`O\x00\
j\x85\x0a\xa8v`+\xde\x04\x14\x03u\x08\xbc\x91\x13\
m0\x91w\x81\x96\xa3\xf8\xa3\xe1\xf0\xdc\xaf\x8ck@\
\xe0MS\xde!B\xb8%\xa8!$\xa7t\xd3[\x98\
\xb2\xc6\xcf\x19B\xf4h\x05\x8cr\x90\xf7\x22=T_\
\xe0\xeb_\xac|\xd1\x95_\x02 \x1fL\xbe\xa3\x14\xcc\
\x04\xd9\xd6\xdcW\x85\xb9\x19h\x86\x88\xf2Q\x85`\x00\
\xd4Is\xd7,A\x85\x92\xaf\xd8\xc8k*8\xa0#\
B6u\xc3\xfd\xd8Q*\x05\xb9\x91\x22}G\x83\x99\
\xb7\xf8\xb7%\xb2L\xbc\xcd\x8d\xb0\x99\x9d\xc4\xc4ae\
\xc5\xd9\x09Q\x1c;\xa0vd\x0d;\x10]\x00\xedQ\
\xe0s\x164j'\x99\x03\x95\x15H\xdc\xd8n\x9a\x8b\
\x9d\x14\xbbC\xc7\x0d#\xbe\xaa\xc8LN\x10\xe1\x0d\xc6\
\xfcw\x09\x01\x9c\x85_n\x81Z\x8c\xd7EN\xd6\xc3\
h\xbd(\x89\xc5\x86\xab\x8a\x85\xbf\xa5\x08\x1f]+\x1e\
\xa6\xde\xdb\x9do\xe3\xf8\x1c\xc2\xd7\x0a\xc9\x03\xcb\xaf\x0e\
\x85j\xbd\x95\x05A\x17\xd2 2\xf1\x91\xd1\x05\xbc\xb4\
\xb8\xacCO\xb8\x22g\xb2\x8ag\x94\xb4L\x85\x88\x82\
j\xf8\x0e\xabn\x89\xd8\x08\xc4\xf4\x0a'\x02N\xef\xa0\
T\xa6\xb3v]\xb0\x0b\x81\xd1`3\x90A\x0e#\x9f\
(6P~M[\x9d(\x8bwR\xd9\x069\x1ca\
\x22:\x07\x5c\x9c\xee@\x80\x07W_9\x89\xcd\x1fj\
\xf2\xf6\xae\xff\xc3\xd7[\x05\
\x00\x00\x07\xd3\
(\
\xb5/\xfd`\x891M>\x00\x0aT\xd8\x0e(\xf0l\
\x8a\x1e\x1c\x06\x99\x99YkN\x04i\xe1\x13\x96\xf0\xdb\
\xdb\x80\x96\x0d\x05\x00W\x08I)%\xbf*\xc0\x88\xed\
\x1f\x16\x87\x17\x91\x97\xf9\x00\xd6\x00\xd3\x00\x8ft\x16\xc6\
\xd5Y9\x1c\x14#\x80\x15\x0e\x15\xa2\x048\x12\x14\x94\
\x8a\xa8\xa7\x89\x1cj\x84\xaa\x15\xf3\xe6u\x9a\x90\x8c\xf4\
\x00\x8d\xf3+\xc7\x94\x0b\x86%elj\x05E\x0c\xe3\
\xa1\xa4\xa2\xfdw\xd3\xe5'\x8d\xb8_\xab\xe0f\x18\x12\
\xaa\x90\x074!\xef\x19\x06\xa4J\x88\xe2T\xf3\x89\x91\
jJq\x92U\xaem\x1a\x1a48uNk:\xe6\
C%T\xb5\x22QE\xe1\xecn7\x95X'\x87\xaa\
i\xba\x9d^\x07B\xc8NqH\x9aPM\xd5DI\
\x12\xf5\xcc\x09\xf4<\x8c\xc3\x8b\x9d\xaaNS\x9a\xd1t\
\x1e\x19QI\x84a<RQM\xcb\xb2 \x1e\x93j\
\x81@04\xcd\xb2\xe0<(\xb5\xa0E\xa1P\x1cG\
\x11\xa9\x15\xa2\xb0\xccH|\xaa\x08\x13\x82\x05R!\xca\
\x22g\x8d\x93\x16X\x9a\x06\xc0\x02\xc10\x80\xa1&\x86\
1'*\x8ar\x8a\xb5Z\x98\xd7\x18h\xe0\x80a<\
&HR\xcf4\x17f\x173\x8c\x89\x82*:'K\
$U\x06,\x02\xbbX\xa1\x02\xd1\x1a\xa5~\xe8\xce\x99\
3\xaf\xbf\xf5\x9e}c\xce\x97s\xe8\xdd\xde\xbe\x85\xbb\
Z\xa2Av\xc8\xbf\xfcA\xd7\xcd\xe0j\xce\xcdx\xa1\
\xdf\xbe[,\x01\x1f\xf3{\xafU\x985F\x95aH\
\x94rTS\xa4\x0df\xe5`R\xc0\x80\xceJ\xc20\
\xaa\x0aM\x0e\x1e\xdf\xde[\xb0\x97\xbb\xb5\xf6\x05\x1f:\
\xbc\xc7\x9a[\xde\x18\x06{\x02\xc3pL\x0aQT\x0e\
\x91\x12E\x86\x119\x0bc_l\xed6lv\xc7\xfc\
\xdb\xfd\xaev\xce0&\xe8\x01Q\xaay\xffp\xd7\xbf\
c\x18\x0f\xbb\xcb\x0e\x0c\x97\x1f\xaf\xd6lQ,\x15\x08\
\x91\x89t\x87\xfa\xccH\x84\xfd\xf1\xc8\x1c\x5c(\xffi\
\xd1-d\x17\x1b\x0e%s\xec^6\x1a\x102v\xed\
X\xbbw\xce\xfe\xcf\xad\xf5v\xbd\xcdm\x1d\xdf\xdeo\
\x19\xe4\xb6\xeb\xff<\xf0\xb5\xb3\x80\x1cSB\x92YE\
\x91>(\x14\xa4\x9a\x0e1\xa2TR\x89H\x9a:M\
I\xf2P\xf2\xfd\xd9\xfa/n\xde{\xceWW\x1e\x06\
\x1f\xc2\x07%\x8az\xa0P2B\xaaE4:%\xa5\
\x1a\x8e\xf9\x88\x91\xd8@P&4\x91\x95cJg\xd1\
\xed\xdej\xde\xeek{\x7f\xd7\xf33o\xe7\xad1\x87\
\xd9\xb1\x1a\xa1\xc9l\x90\x92\x88\xc0\x14\xa1\xaa\x92\xc4\x03\
\xd3\xc1\xdf\x9c\xce\x1aA\x8e\x86\x0f\xe1>\xe7p5v\
\xfd\xcd\x9a\x7f\xbd\xe0\xbd\xbd\x9e/'\xd8:\xe4\xb6\xb8\
5\xdf\xec\xbb\xfc\x1f\xbfn\x8f\xbd\xee\xc5\xfa\xb57\x7f\
\xdc\xd8b\xcd\xbb\xfd/\xe6u\x8c=\xf6\xfd\xd7\xf0}\
\xffr\xac%\xda6dv\xcb\xee\xf0\xdd>\x7f\xed\x18\
s\xeb\x8c\xfd\xb2\xd6\x98[\xdb$\x5cc\x8e\xf1\xff{\
\xcb\x8b\x9b\xc4\x83\xcf\x1a\xe4^\x9bx\xef[\xdb\x08\x86\
\xc7\xa4r\x16\x08\x86\x07?t\xd7\xcf\x18cl\xf5.\
d\xac\xdd?4\xff\xee\x96_\xde\xb6[m\x13\xec\xcf\
\x9b\x85\xf1/\x0f>\xb8\x9c]c\xd0\xdb\xda\xfeg)\
\xe1Bs\xec\xbd\xbe\x9b\x17\x1e\x1a\x17\x12\x14\x14t\xd6\
9Q\x93bF\xa0\xa8\x00OP8\xbcy\xa5B\x1f\
6\xd1,\x8e\xb1\xe7z1N\xf8\xff\xfe[\xadY\x9e\
\xf9\xf9\xaf\x97\xd8\xe5YZ\xf3\xc6\xbd\xda\x13\xee\xb9\xe3\
\xd5\xdf,\xcf\x1eL|[\xfe\x85\xdb\xdc+\xa4\xc6\xc8\
Bw\xf3\xf5\xbb\xdc$\xaa\x9c\x92\x92\x22\x12\x8a\xf2B\
E\xd1\x9c@\x09\x18F4\x1b1z8\xce\x82aF\
\x15B\x10EPe\xe0@\xd2#'u\x16\x91T\x09\
0\x1fQ\x82\x18jT<RB5b\x04J=P\
<\x8f\x81\x86\x05\x0a\x87\xa4.\xd6(c\x9d\x12\xcf\x07\
H\x82*Qb\xfd\xec\xf657\x13D\xa9P\x8dF\
3%U\x81\xc0\xa8Q-DJhF$)H\x92\
\x8d\x03\xc1\x0c!\x8e:'\x1d\xe7\xd2h4Da4\
\x061\x0cD\x08!\x860B\x08\x11$\x22 \x021\
Dh\x84d\x8a\x1e\x9a\xe3\xc25\xbf\xf3\xfaC)\xd0\
s\xf6\xbc\xe9\x92o\x99\x8bS\x03F^\xfb;\xc8\x1f\
a\xe2 e\xd4\x0b\x22\xf6\x0d\xf0kr\xc8\xc4\xdf\xc6\
 \x16\xce\xc4T/c\xef\x16\x1fJ\xc8HI\xb4\xa2\
9\xa0\xb0f}!\xe20\x16y\x88\x90\xfe\x83\xf7\xf2\
\x01u\xafc\xd1\x0a\xef7\x00\x83\x81w\x7f\xe9M}\
\xbe\x86\xdf\x03\xd2\xae\x0az\xe6\xae\xe2Sz\xf2Q\x82\
\x95\x04\xea\x09\xaa(\x96Hv\x8e\x1cgB\xc14\x16\
j\xa1\xf8\xe7\xfdb\xd1\xaa\x12\x8d\xc1\x88\xce\x7f\x05\xce\
0\xd9\xb9\x81\xd9\xc6q x\x14T\x8c\x93o,\xfb\
\xcf\xbf\xfe-B\xbdlx\xca&\xce\x98\xce\xf8v\xc2\
\x0b.N\xa9\xfe\x11\xa7\x07\x8f\x22\xffm\xfa\x91\xa3u\
\xd6e'1\x9cL'\xf5\x0d\xc9) 8\x90%\x9e\
\xc9\xb3'c\xa1\xde\xcbp\x8f\xb0\x1a[G\xa7%x\
\x13\x03\x0e\x1d\xb55\x8c\x1e\xb8\x03Y\x1a\x87\xb2\xde\xb5\
\xf2<\xd9\xb8f\xf5\x98a\xdaJ\xa09\xe0^\xbfJ\
\xb5\x92\x04\xf5k\x15&\xa3\xca\xf3;\x14_6\xd1D\
\xa8\xb6\x11\x05\xd5\x05s\x8fw\x13&\x0dI\xad^P\
\xe0\xe9\xf0i\xda\x17\x5c\xbb!\xea%L\x89[@\x9e\
\x84\x06E\x00:e\x98\x9aL\x0f5\xedaAt\x8d\
\xa6\x9b\x0a\x00\x88\x03\xe19kea\xa1{)%$\
^l\xba7\xf4\xa4\xb8=0\x88\xc0:l`\x8e\xce\
:\xc3\xe1\x19\x9f\x02j\xd8.\x02q\xd8\x9cT\xe0\x90\
\x03~\xc48\x8c\x99\xc9\xcc4\xe1\xe9\xa8?6\x1f\xdf\
\xca<\xd2Gr\xbc\xe1\xdd\x9d\xf1\xd4\xf2\xd3\x8c\x1b\x0e\
\xb6\xa7G**\xa3?X5xB\xe3\x83\xf5ck\
+o\x19\xa4<\xed\x81/v\xe6V\x87z\x01S\x9a\
\xda\x03\xb4_\xef\xd5\xca\xe2Vcc\xb9_~\xda\x81\
\xab\xe5\xee\xf3LN\x1aX\x0b\x88L@\xf5C\xf8\xce\
\xa8\x99 \x85\x82\x8d\xf8\x16+LZR\xe8\xb7\x04\xea\
U\xc3\x05\x12\x19\x8fv(1\xd0\xd1\xc4\xe7lIW\
\xb8\x16FF\xb98\x0eEm\xcf\xcc\x80\x0da\xe8D\
\x04\xc0\xb6\xc3`_\xed\x82\xdaWq4 \xa1\xb72\
\xa1\xb1\xcdr\x18\xe5.\xe2\x12\xb73{\x9c\xadR\xb9\
q\xd0O\xd2\xc6\xb3\x12w\x8b2O\xaf KR'\
\x83\x92\x12\xad \xed\x84V4r\xe5\xcd\x96\x82\x00\x17\
\x95~Wt\xdc\x8d\xb3N9\x9fP\xd8\x96\x12b\xed\
\x80\xa3\xb1E\xd3\xf3\xb9l\xf7\x1a\xe3\x18\x00V\xb57\
\xa8\xb5h\xbe\xa7\x9b&\xbc\x178\x8a\xcefN9\xe3\
\xca\xb6 \xaba\x91\x8aRpq\x16\xe7\xa64\x1a\xd1\
2\xcb\x84\xac#\xea\x81/\x87\x93\xdf\x95\xe5\xa6\xdc\x9b\
\x1c\x7fK\xd4\xa74$\xf58\xfa\xd6\xde\xce o\xe4\
\x0c\xc9\x80\x03\xd8&%\x1cu\x19\xd8\xear\x0a\xba\xf4\
2\x0a\x11x\x1du4\x8b\xbc\xb43\xaf\xf7)C\x18\
\x9f\xec\x9f\xc3\xed-^v\x06\x13\xc3\xef\xae9\x90\xc8\
\x18\xba\xb5\x0d2\x8e\xb4\xf4\xfe\x96E\x98\x97\x0dV\xa5\
\x90\xf24u\x1aX\xb2\xa7\x13\x97\xc4\xf9es\x91K\
\x9a\x8f\x8f\xed\xa9!\xb9>j\x84\x92\xf5\xc0\xbfa\xed\
D\xf9\x85D\x08B\xbb\xfc\x1fH\xe5\xaa\xdf.\xee\xaa\
'I\xd7o\xc7\xa2I\x17\x0b\xa1\xe2U\xcf\xc9jP\
\x87_\xd2M\xc6\xd8!\xedN$\x8c+\xc7\x80KG\
\xef\x9c\xf9\x17\xe0]\x81\x22AO\xbcsq\xfa\xa1\xf5\
E\xefxN`\x0a\x14\xf4\x0fO\xec \xae\xd6?;\
\xd6\xbcq\xb5\xfc\xdc\xee\xd9k\x95\xd1\xb7\x9a\x06\xb1\xad\
0\xc2\x0fl\xe9\x0e\xdf@\x86\xef\x9e\xe9tO:\x9a\
\xba\xae\x8b\x9d\xd1\xe1\xcex!bXO\xacwDt\
\xc2c\x16\xc4\xa4o<\x91\x1e\xeb\xc9\xc5\xb4dJ\x0f\
\xcbP\xff\xb0`H\xfd\x89\x99\xc1\xa6\xb6>-\x15\xa4\
\x033\x16e+\xc1\xe6\x9d\xa4$\xa5\xb4\xf8\x8d`N\
\x03\xfd\xc3\x1b \xd2\xe6\xd0\xcf\xa9\x85\x96\xbb\x9e\x00\xf0\
'9\xf3E\xb3$B\x0f\x22\x12\xc5B\x01cM?\
\x1f\xd0+0\x97\x03g7\x99\xc6\xbb=\x18\xf5\xe1\xb2\
\xa8\x02\
\x00\x00\x12\xe3\
(\
\xb5/\xfd`\xa9x\xcd\x96\x00\x9a\xd9\x04!)\xf0n\
\x88\x8a\x03@\x1d\xec\xe6\xad<\xdf\xd0\x8d\xb49\x9e\xae\
}\xe7\x9b^\xe1\xc4\x99L\x92\xddd7\xd8s\xbd\x1e\
_Md\x93a\xf2\xa9W\x02\xe0\x01\x0e\x02}\x84\xb9\
\x9c\xf7\xd7\x9c1\x933\x5cc\x9d\xe6I[\xd5}\xd9\
\x8ay\x93tQ\xc9\xb7\xcf\xca\x90\x1e-L}\xe7Y\
\xc2N\x87\x09\x1f\xcd\x18M\x1a\xf9Y\xea5\x0c\x0d\xf6\
\xc5j\xecq|\x9e\xec\xb1Y}s\xcc\xecJ\xa4\x06\
O\x05\xc9\x1b\x95\xd8\xd8\xd68\x9f\x0b\xf1\xd3\xfc\xb5\x94\
Z\xd3\xe84\x13\x8cI\xfdm\xac<b\xce\x98=\xcf\
w\xabk \xe1\x98T\x9a\x07\xc5\xc2\x03\x05\xd2L \
p\xfa\xcc$]\xbc\xdc\xf2mg-^d\xd3j\xa5\
\xbb]\xfc\xe5\xa5\xb7\xfd\xdc\xf6L\xe6~M\xd5\xf4c\
\xeaWlT\xdce\xda\xd7\xacs\xack\xbe\xd4\xebu\
\xd42Bg\xb7\xc6\xbb2\xac1?G\xed\xfa\xb4\xae\
G\x88\xce\x8f[\xaf\xf8\xf9Z{\xbcyZ\x9c\xa7\xbf\
\xabI\x8b\xca\xac\xfa\x8f\x5cjI\xab\xb8\xe35\xae4\
\x0e\x08\xcf\x01\xce\x04\xe2Q\x00\xa4qP(\x10M\x02\
O\xc3(\xf9\xb3\x80\x04\x1c\xa0J\xf3\x88H \x0eZ\
0y*\x0fGC\xe1\xaci+\x0f\xa5\xd1\x88\xdcb\
\xa2\xe2\x88\x08`\x0c\x16\x93\xc8#\xc2\xa0\xe71Q\xa1\
\xa4$R\xa1<\x94\x08 \x0d<0y(\x10\x15\x07\
$\x82\x86\xa4\xdbg\xf0L\x1c\x16\x94\xbf\x99v\xce^\
\x8eo\x9c\xd5\x87\x0a6\xc7\xac\xbb\x89\xcd\xd6\xc7:V\
,\x9c\x84\xc3i&\x09L\x9aGaQ\xb8\xb5\xba\xa3\
\xc11\x89P\x043\x9b\xc0[\x16\x13Hr\xa2\x22\x91\
\xe8\x9eR\x1a\x8f\xe3\xe0AU\x18\x0f\x05\x0c\x11\xaa8\
\x9c\x87\x11q\x16\x8b\xe2b\x8bD\xa4\x80\x88\xc71Y\
\xee\xcb\x16\x87{\xaaXp\x1c\x15\x87\x06\xc7\xe3\xa0\xa8\
Xp\xa88\x0a\x94\x87\xd1H(\xcfC\x03q*N\
\x19\x1d\x00\xc1\x01\x0a\x95\x07RO\xe3aL \x22\x94\
\x92<$\x16\x0af\x86$\xd1T \x13\x14\x22D\x05\
4\x85\xff\xbf\x8ch8\x13\x06\x14\x08\x05\x12yx\x88\
0\x1e\x08\x0e\x06C\xa1pu\x0a\x94\x0a\xe4yx\x1e\
\x8f\x02\xc3yL $\x8a\x05\x86\xb3\xa0@\x96eY\
\xd0\x00\x81\xe2`\xc1\x82\x07DK\x82B\xc3$R\x8e\
\x8a\x88\x88PPXH*\x15\x87\x06\xcb#i\x18\x94\
\x0a \x0a,\x0e\x15G\xc4\xe2<\x95\xe6\x99\x18\xb0\x10\
\x01\xe0`\xc1\x83\x01\x14\x11\x88b\xe1\x81D\x1e\x8d\x03\
i*\x94E\xe1\x84\x00\x04\x11(\x16\x1a \x0e'\xc2\
\x80<\x8b\xc2\xea\x14\x0b\x90\x88\x832y ,\x8f\x07\
\x89\x01\x1c\x04\x8c\x88\x03!\x11a`\xa0\x87\xf2h&\
\x0d\x11\x11\x07\xca3\xd1<h2\x81\xc8\xc3\xe4,g\
vW\xf4H$\x02*\x16\x22\x22N\xe3@\xb1\x05<\
y\x9cI\x84\xe1ih$\x0d\x83\xb3\x87v\xe5\xcd\x8c\
fu\xea\xf1\x9aw\xe6\xad!\x97\x11\xd3\xfd\xbenL\
\x8f\xff^\xe5\x83\x0fv\x93\xceH\xf0w\xfb\xabV\xe6\
\xb2\xfd4\xeb\x9a\xef\x15\xaf\x1f+\x1b{\xbd\x8b\xb9\x1f\
\x97\x1a\xd3\x8c\xc1h4\x92\x16\xd3\xaci\xd4I\xd0|\
\xdc2C\x06\xb3\xbf\x10\x9dq\xbc\xf5c+c\xde}\
\xd1\xba\x8e\x98\xfb\xf3\xf7\xabc^\x131\xd5\xca\x14\x0b\
\x93FC\xd1\xeck[\x19\x98\x8b\xd5\xcd\xe8F]J\
\xccG\xd3\xa7N\xf7\xe7\xeb1r?\xd1\xf5\xa8\xdb\xd4\
\xea\x5c\xf7\xbb~\x8f>\xf1\x952\xd1D<\x9a\x04\xdc\
m%\xc6\xd5\x95K\xf9r\xd3\xdc\x9e\xbe\xb9\xdb\x1c\x9d\
\xda\xdft\xd9\x0b\xf1\xd5\xba\xd31\xdf(7\xfb\xfc\xf5\
\x9fn\x9b[\xaf\x0f\xff\xd9*\xd3\xb37\xd7\xf85\xad\
\x0e)U\x9d<\xd5\xe6\x91|.\xf9.^Z}v\
\xa2\x12\xdf!\xa9]\x12\xbe\xad*y:q\xd2\xb1\xd1\
o/\x22\xed>i\x85\xf1<\x22\x0e\x95\x87\x01\xa7y\
&\x12J\xc2{\xea\xeb\xd61\xbf\xb7\x88jeM\xa8\
\x88\xbc\xe6\xdf\xbd_\xa8\x0fk_3\xea\xaar\xd3\xb1\
\x91)\xc3Y\xd3\xc6sdg\xfe\xd4j\xaa\x94\xa6t\
\xa6\xb9\xe4f{N\xf8l\x8b\xe7m\xef\xfe\x7f\xbf\x7f\
X\xa8\xaf\xbf\xdfo\xfc\xa4\x9e\xcb\xad\xf7\xd9M\xe8y\
\x88\xda\x88\xbb\x88\xc9lw\x9d\xc7\x8d\xc7\x97\xbe^\xcf\
\xc6\xab\xab\xd9\xa7\x9c\xa5K\x8c\xe2\xe62V\x13\xae\xee\
\x912o\xdb\x9f\xe9\x97\xdf\xf1\xaf]q3\x1aN\x83\
\x97\x9f\xeb\x8dc\xb7\xe4\xa6\x84\x99\xb7\xff\xbc\x99j\xd5\
j\xee_\x9cL\xfe\xe9\xb4\x13\x9a\x22\xf1\xa7\x92~6\
Y\xe2\xe2yi_\xfb\xe1\x97\xa2\xd9b]\xfb\xe6g\
\xfa\x1b\xfazY\x97\xc7\xdc\xdb3\xfb\xba\xa8\xfb\xd4\x90\
\xb4\x8b\xd7w\xeey\xf5\xad\x96\xed\xc5\x89\xfe\x9a\x9c\xbb\
\xa6\x8d\x9c\x02\xbco&\xf4j\xad\xb3>/\x17\x12\xc3\
\xeb\xe9\xdb\xa7\xd7\x89\xac\xefm\xcd\x8d\x8d\xdf\xca\x86\x97\
\xb5{\xb4<\xdb\x9f\x96\xf6jw+~\xe3\xdd\xd5q\
%!\xdb\x97\x91\xd1wW\x9a\x97\xf7a\x1d\x13p\xb8\
\xcb\x02oY\xc8\x0c'-\xcc\xd6\xe3\xe5\x96\xb9-\xcc\
\xdf\xde\xab\xd5-\xcd\x92\xf6X\xb6\xbdT\xfb\xfd^w\
\xdd\xaf\xf99\x95\x0do\x91\x17\xed\xf4{\xad\x8e\x96}\
g+#\x863q\xcbha,\x8b\x97\xdbY~\x09\
\x9e\xf9\xca\xcc\xce]\xba~\x7flX\xa6\x808\x16\x12\
\x8a\xc3iJ\xb6\xdc\xbf\xda[^5\xfb\x8b\x0f\xdd\xf1\
_\xf5/\x17\x06\x16^|\xb7\xe2\xb5F\xb6Jdt\
\x91\xf3\xee\x1e\xff9\xb3\x90\x16WlD\xef\xd2k{\
n\xd7\xb5\xad\x5c\x5cQ\xbd2\xfd\xb3\xb9\x94\x16~u\
\xbeZT\xf7\xd2c\x14\xbf?\xbf<\xe9\x9b\x18\xee7\
l\xcf?Uo\xb7\xf5\xdaJ&Z\x92o\xcf*\x19\
~LK+^\x16Y\xf1\xf4\xd9\xea\xa9A\xb7\xb8\xd9\
r\xa2\x99L\x1aG\x17\x8e\x87\xf7^2~\x99\x00\xbb\
l\xedc\x02\x83\x06\xb4\xbd\xb5ju\xdf\x98t\xcb!\
-\xf9\xca\xf4\x99\x8b1J\xcb\xa1+\xa3{\x94\xd4\xf6\
\x8a\xbd\x09\xce\xbbWkz\x99\x5c\xdb\xa7\xab\xfb\xdd0\
y\x16\x10G\x84\x82J\x05\x82a!!\xb9\xc5\x03y\
*\x88L\x1e\x08\xcf\xe2y@L\x04\xb0\x86\x22\x021\
\xc6\xb0\xd9\xbe\xb6\xf3\x17\x12\xe3\xfe\xbal\xe7\xd7.\xae\
\xb8gu\xc8\xb0\x9e.\xfb\xa9\x13\x88J\x03\x81&\x11\
\x08\x84\xe1Pi$\x09NL\xe5A\x02\x11\xb9e\x81\
\x87\xa1y4(<x\x1e\x15\x87\x02\x8f\x87\xa3\xf2\x80\
\x82\xe3\xe1\x99(8x<H\x04\xf0\xe0xPi\x16\
\x0c\x07\x22\xc2\xd0T0\x89H\xb0`0\x108\xc0\x81\
E\xc3\x99\xf4\x9e6\x95\xc6i*\xcf\x83Y\xeb\x84\x84\
\xf3Dp<8$\x9a\x87\x89E3|\x828\x22\x1e\
\x0dC\xe4\xd1@\x92\x06B\xa1<N\x04B\x12\x12\x88\
\x07\x88\x0b\x1e4@\xa0(8p\xea\xdd\x08\xaf\xec\xf9\
\xae\xdbn\xe5\xcc*\xe6\xeb\xe6gjV?\xdd\xf2\xab\
1\xdd\xb5\xe9\xea\xb9\x8b\xbchX\x98]\xce8\x9e\x1d\
\x7f[\xb1\x1dS\xb6\xe4\xd9\xa9j\xaa\xc4}H\xbav\
I\xb8\xfe\xb6\xae\xe4\x9dN\xfc\x8cO\xca\xb7\xd7\x84m\
md\xba\xe4\xc5\xbf\x9f\x86M\xf6\xe9\x09\xb9\xf9\xc6\xa0\
+1\xab\xf9\xaa\x88\xb7\xed\xe7|\x99\xcb\x1d\x9e\xd1\xf2\
\xe9\xcc\xa9\x9a1:\xca\xe0\xd8\x8f9[vY\xaf\xdd\
\x9c\xaf\xb6\x96\xc1\x85Y\xac\x5c\xee\x95\xdb\xb5n\xff\x15\
\xd9\xed\xdb*\x9b\xd0\xf3.\x95\xd10P\xecD\xdc\xf7\
\xb5\xea#FQ\xbd\x0b\x97w\xfe\xf4\xec[\xf0\x94\xfd\
\xbd\xfa\x98~\xec\xf6\xef\xafeT\xad\xcb\xd9\xb2\x15\x8b\
\x99\x8f4_\x1f\xfb\xb0\x9a\xd7\xd5\xb2\xf8\x19\x5c\xec,\
D%\xd4\x08z\x9d\xfdn\xf8\xa5\x87VJ\xcb\x83\x98\
S\xce\xd4voM\xec\xfc\xc3M\xc6\xe5\xf8_?w\
\xe1\xd6\xb3\xaec\x165\xcb\x96\xb5\xbbK\xf7\xcf\xfdN\
\xadd\xde\xb7\xb7vy\xf3\xbc-e4\xf7\xb0\xee\x88\
A\xbft\xbcc\xf7\xfd\xba\xc5\x11\x15\xef\x0f\xd3\xedy\
Ys\xb9\x8e\xf9nV\xc6\x82\xca_\xd9\xb7g\x9f\x87\
\xd9\x0cXbc>\xe6}w\xa2o\x19\xa2\x951\xcb\
\xa8W\xb9<._[9\xc3\x99\xcf\xd5\xe7Jl\xae\
x\xb4\xf45c\xfc\x95\xc5\x0b\xda\x96\x22\xd3\xcb\xdc\x85\
\xa7\xb8KE\x5c\xdc=\xf7;}\xce_z[\xff\xf2\
\xceB<\xaf\xdbrc4\xb9\xadt)\xa6\xcbrl\
\xb6\xadg\xf2o\xbd\xf2\x98i_\xcd\xf2\xac\x19\xbc\xa6\
\xae\xeac\xdeV\xe2\x11\x93z\xbd\xee\xc6\xfc\xe6[%\
\xdd\xb6v\x7f%\x83\xfc\xcd\xba\xef~\x8c\xaf*\xd69\
\x90?\xbc\xef\xac\x5cm8\x0c\x5c\xb3\xed6\xef\x8b\xf3\
&r\xc2}\xc7w\x85\x93\xceM\xe5lh\xbd\x84\x9a\
\xa8\x036\xb2X(\xa9Y\xc7fD\x92$)\x0c\x07\
\xa3\xa30\x18,\x18H\xe4sITo\x03\xa2\xb90\
\x12\x08E\xa3  8\x06\x83 \x06e\x18\x88a\x18\
\x04A@\x06D\x0c\xc2\x84\x18\x86\x0c2s\x0c\xf2\x86\
\x01\xf6\xce\x82\x88|J\xe5\x95.\xa1\xe4\xa0i\xdc[\
\x9c\xfa\xdb\x82\xe0De\xbfo\xa3,sG\xdc\xd6n\
\x8c)\xb1\x8f\x94\x17\x1dO\x19\xa5d\x1b\xbb\xdd\x04\xed\
\xe0VrX\x1a\x97\xd0\xd3\x92\x15\x0d\x98/\x1c\xbb\xe4\
H\x184\xb1\x9a\xd5\x16k\x85Er\xc5\xe2{\xc1\x8a\
V(n\x12\x93 \xe9\x97*\x92\x9c\x0er)Y\x81\
~\x0aF\xb5p6\xf7\x02\xe9\xd5r\x15\x9b\xe3B.\
\x0e)\xac\x93\xe3\xcf\xc3\xeba\xf2Cr\xe0\xcf\xf6\xb1\
\xcd\x8b\x15\x8ae\xa7b\xbb\xc78\x08p\x94\xb8\x06#\
\x99\xb3\xd5\x98\xbb\xb0\xb0\xf1\xb4D\x0er\x99\xd4\xf6R\
O\xe5%\xb3\xf2Ma\xf11\xfe\xa0s\x07\x09\x8aQ\
2E^\x89\xd7\xd8\x1bwMF+1\x8d\x9d,\xf6\
\xd7\xbc\xde<\x1a-kC\xc6S\x18'\x89\xaa\x9d\xc8\
\x04es\xa4y8T&\x01\x0cE0\xc1\x95\xa06\
\x08\x97h.\x08K\xdb\xe4V\x08\xbdf\x0atb9\
\x05\xeb\xf5\x13\x17\xc7\xa8:\x96\xa6\x00\x0d^ \x9a\x04\
l\x87<\xb3\xa1\xfc\xc0Dm\xdc\x08\xd6\x96\xcc+\x9b\
=\x06\xa6\xc4:\xdc\xa5\xdd\xc1\x88\xe6e\xb7\x058\xa0\
\xf9^\x94/-\xb9\x86 K\x88(\xa5\xe0\x11\x89\xca\
\xb8\x08\x8b\xbfT\x80S\xa6\xfa\xd4-\x88\xd3\x9e\xb1<\
H>\x99P\x0f\xba8\xb9\xf2\x11Bl\xebj7\x95\
\xce\xb8\x196\xfeS\xfa\x8c\xbc2\xf4\xa8\xa1j\x01T\
\x0e9{\xe56%\xe4u\xb5\x03\xf9\xc5\x19R%;\
\xea\x7f\xf1\x08\x80\x8bjE\x94\x80\x13\xf4\xac\x03\xd6\xd7\
\x1f;K\x015\xd0\x0cb\xbc\x0e\xed\xce\x87\x1e\x01\xa6\
\x99\x8fws\xf0>\x9e;\x1e\xa4|\xf4\x87Eo\xd1\
J\xfa]\x00~:\xd8Q\x12\x13\xcb[D\xc0\xe1\xaa\
\xf6<\xcaM\xa5i\xe4\xc4\xc9\x10\xd4\x1e\x11\xbc\x15\x95\
\xe9F\x1f}\xec\xf6\xcf\xa6^C\x19\xd23\x83E\x84\
\xd0\x14\x9c\x90\xf9\xce\xe1\xdfl\x8d\xdedtZ\xb4\x1a\
\x81\x9c(\x07F\xaf\xfe\xf4\x10\xa8I\xcbM\xc6I\xed\
\x84O\x9c\xb8\xf2\xaai\x10\x9a\x880\x14\x9c\x90\xe0u\
\xde\xe8R\xc0p\xde\xccR\x18\xec\xfd$\x85\xe3 \x01\
\xb9\xb0\xef\xae\xe4\x98\xc3V9\xf9\x1a\xb8\xe5\xcd\xbf\x10\
\x8e\x17\xe8\xb3\xefTwZ\xca\xa3\xf8\x96\x98d\x15\xbb\
\xc1d8\x04\xb1>\x8e\xc9\x0dGm\x11tU\x8dj\
\xc0\xb8\xf8\xc0\x07#\xb5p)RJ\xcf!F}\xca\
B\x05P\xfd\x1e\x9e\x8c\xe7\x82\xdb\x1a\xa3\xfa\x916k\
\xa4\xb4\xbf\x98@\xc8S\xd6P\xcd\x91\x99`\x10)\xe3\
\xb6\xd6\x03\xa4\x88:V\xa62\x0b\xcd\x1c@c\xc3\x17\
6 \x10\x0f\xcf$\x95,\x8a\xa0?j\xdf\x1ez*\
\xcd|\xd3%\xfe\xb0e\xc3\xa4\xbd\x8e\x1b\xb9\xe1P\xec\
\xb2\x84*\xfd\xdfQBZ9\x5c_$\x1e\xc7\xfez\
\x8e\x97\x89 O3\x81\xf37\xdeV\x90\x91\x0e\xc0P\
\x98\x04\xb7\xcf\xa9\xf4\x99\xf8K\xcb\xa4*&!\xb8G\
\x0c\x8a/\xa5\xfdp\xc9\xb8*\x10\xd3$,\x06g^\
i=\xa4\xee\xeaAY\xf3>\xdb\xf3\xc9^\xf0\x1a\x06\
\xce\xea\x01-\x82@p-#N\x15\xa3\x0b\xe6\x0e=\
\x0b\x1b\x0f\x06\x16\xe7\xfd\xea\xf1\xd4\x88\x85D\xb6y\x9b\
\xb0\xef\x9em\x876i}\x9d\x13~!\xcf\xfe\xda\x01\
\xfe\xf1\x8b\xda\xbc\x9b{b-o\xed\x92l\xb0\xbe\xab\
\xfc<\xb0&b\xd0\x16\x90\x12\xa2\x1c\x81\x11?\x11\x1e\
\x092\x0c\xb3\x913\x8d,\x88c8Z\x01\xb1\x1b\xb4\
\xc7\x0br\x0b\xf3&\xcc\xe4\x13J\xc8\xaa\xd4\xfc\x06>\
\xe5\x1d\xe8\x8c\xd8\x170%\x5c\x13\xd1\xd4\xc6\x1aD\x8d\
%n\xd1\xf2\x07D[\xff\xefo\x16\xf0\xc5\xcb\xe9\xa8\
\xae\x12.\x1e\x19M\xec\x13m-bm\x03\xbc\x94\xef\
# \xf7,\xf0\xa2\xd5\xb3\x85\xfa\xdd\xf3\x0a>\xd0\xc6\
\xad\x08T\xa0BN/KvD\xd3\xf6\xd4\x11\x0c$\
~\xd0d\xe1Q\x87\x84H\x19\xbeB=\xdfA<\x8e\
,\xad\x86\x89>\x84\x09\xdf\x8bz\xa0\xec\x0a\x13)!\
j\xeaX\xae\xa4\x0e\xf0\xe3\xa0\xac\xda\x1c.:\x9a[\
C\xe4\xcfm\x0c\xaa\xb0v\xa2\x22\x9c\xe96\xbb\xed\x8a\
\xc5\xe2+\x16\x14\xd5\x22\xf0\xe8\xb5\x880k4\x02\xbe\
.\xc5\xde\x95\x1d0\x13U\x1f\x07I\xf4\xb7\x02R`\
{\x86\xb5?\xf4GE*\xa2\x01?\x1b\xf02)\x04\
\x95;\x5c\x1eb\x8e\xfb\xf6\x02\xc7\xd8t\x92\x87\xc9\x12\
\x87U\x92\x13\x9d\x9c0j%8sX\xe4s\xa3q\
z\x22\x05\xa6t\xaa\x15\xb8\xc5\x8b)\xb6\xd0\x98\xac\x86\
\x1cW\xa7\x93\xaf\x8d\xd9\x8a|T\x1b\x01\x1b\xb8C\x93\
\x94\x0b\xd2\x0dmc\xc4\x05\xa3\xceVptGT\xd3\
h>\x8d?\xac\xda\x14M\xa7\xc3\xea\xe2=\x08\x13\x9d\
8WR\x9a\xdd|\xedX9U\x89k\x03\xe1\x8bY\
\xe4r>\xc0|\xfe\xb6\xa9\x00\xd1\xd0 \x13\xf2u/\
\x8f\xa1\xab\x22\xae,\xedk\x88}\xf8\x91\xads\x85\xcb\
\x90F\x09\xa1\xb7\xd2kG\x83\x9f\xd5\xde\x924v\xc6\
j\xe8y\x13V\xb2\x9b\x81t\x86\xf2\xc2\xf6=\x1cP\
`\x8f\xce\xba\xdf-\x1a\x17\x18\xd8O\xdfD;\xe1\xbd\
\x00\x5c\xff\x06\x1d\x09\xc4\xc2\xf4H{\xdb?\xd5B\x05\
-\x0b\x8b\x04\x98\xf4oc\xb8\xff\xbd\xde\x8dz\xbd\x7f\
\xc2kr\x19\xbd6L\xc1&p\xec^\xb4\xbf7\x81\
\xc0\xa0+\xf6\x1a\x8bnR8\x22!\xa3k\x05\x08\xbe\
\xd6\x83\xac\xe20\xde\xaa\x14\xde\xc3EX\x02\xbbB\x19\
l\x99\x06q_o\xac\xcc.\x99\xa1+\xec\x8e\x05C\
T\x8fM\xf42\x1c\x9co\x02]\xd0\x0d\xae\x0d\xf4\xa3\
\x99 \x8f\xd2mpg19\xaa\x83\x8aO\xed\xa7\xf8\
\xbb5\xeb5\xefe\x90(\xc93Ly\x22\xd2\xec\x9f\
LM\xa2hA+F\xc4\xae\xb1\x99\x22\xf1It\x11\
\x8f\xd2\x8d\xff\x99\xc9\x9a4\x9a\x84\x01\xef\x99\x0c\xe0\xf0\
R}\xad\x96\x93\xb8 \x87\x19\xbb\x1a\x01\x03\xfc\xedJ\
\x86\x88\x0d;\xbf\xc4\xb1F\x9c\xd2\x8e\x8e \xed\xfdW\
\x88\xa0\x99}\xafM\x17\xef\x10{\xd5\xc9D\x1fv\xb3\
:\xa8\xdb\x1b\xf2\xad\x94o\x9f\xda\x1dL\xd0\xf0\xc2\xc5\
\x97\x9e\xf95%V4F\xd5 \x18)&\x0d\x80\x0c\
\xa7\xe2\x84>\x04('\x07}\xd0\x8e\x97y\xb5\xa2^\
(|+\x96\x05\xb4 Z7G\xfd*\x85\x9d\xaa\xae\
\x8ez\xff\xdc\x9d\xc5\x5c\xa4; \xfdX\x95\xab\x09V\
\x9c\x99\x80\xd0\xd4X\xc58\xec\xb0\xea5\xacNW\xb5\
Jd\x0b,jJ\xeb\xc7\x95\xa7\xc1\xa9n\x0e\xe4\x09\
\x1c\x11H\x90v\x1d\x86\xa8m2\x10*ca\xc8,\
\xe1^\x9f\xf6\x84\x16\xdbb\x9d>BPN&\xeb\x1d\
\xa6v\xf8g\x82\xf5\xc6i\xc5\xf6\xfb\xeb\xfe\x95\xaaM\
\xfa\xab\x85o\xfb\x86:s\x8e\xf4?\xe9\x87\x04)\x0c\
,\x1b*\xaa\xc0\xc91#GB\x1e\xa9\x84\x0dns\
\xaa\x9f.\x22p*\xbe9\x18u\x8b\xdf\xb51V\xa9\
\xf49|\x03/\xadt\x02<J$A6+\x87\x95\
\xed\xa6\x9bO\x7f\x86\x22\xce\x13\xe2P\xbc\x92\x156C\
=\xc2\x86\x1b\x11\xa0\xa5\x1a\xda\x0c\x16*\xe1A\xf1\xde\
\xe0$Z\xb4\x93\x0a\xd3\x89\xb5\xc0\xac\xda\xa9\x09\xb2+\
\xb0\x5c \x9d\x8f\x0f\xa7\xe6B\x7f\xc2\xb8\xc7\x84\xfb\xa7\
\x0b\xe5\xdd\xfc\xb2\xfdO\xce9tc\x11\x03\x00\x0a:\
OG\xe2\x12\x1a\x8cK\xfa\xc3\xfd\x9e\x87\xf36\xe7\x1a\
m&\xb3n=]\xb4\xe6\x8e2\xac/.\x85\xdd\xbd\
\xe7\xaf\x1a\xcd\x1e\x80\xd4\x03\xe81A\xd3\xebT\xdd0\
\x8c\xc7\xbb~t\xb1\xe9\xf0R\xa0\x81\xd0\xd7\x80\xe0e\
e\xb8\xc2\x1c\x1f\xd5\xc2\xce\x93\xf9\x0cS@7NV\
\x84\x0c\x9d\xe6W\x9e\x03\x8fyRe\x9559Gk\
\xd1\x0f\x96K_<9\x87\xc2\xf2N\x99=0&E\
\xa3m^\x85~\xbd\xfe\x89\xf3%O:T\xfe\x84q\
2\xde\xdb[\xb8\x08\x22t\xb0\xfb2\xf2|\xc0~\x18\
\xb93m\xea\x81*\xdf\xfb\xd0\xa1\xbd\x0a\x8cu\x0e\x19\
>\xf9\xd7\x99C?\xa8J5\xd3y\xe6t\x09\xc8)\
O\x0cG\xc8\x90\x0a\x8b {\xd9\x8f#!\xaf]f\
\xd9H\xaf\x03\xd2\xe0\x0a^@\xb3E\xa6V\x9f!\x8b\
\xc0\x1d[4:\x91\x81!N\xd0\xf0\xef\xfe\xb6'\x07\
\xb5\xa7@\xde9\x81\xccE\xa4\x5c}4x\xb3W\xb1\
\xa0\x1a\x8ed\xaf\xfeJg;\xd9\x94\x98\x1d\xb7\xd0\x96\
\xf4{8G\xc9\x11'\xc5\xf0\xc3r\xfdW\xd3\xde\x10\
k\x98\xd9\xedW\xe1\x15X\x8c\x93o\xaf\xab?\xcf`\
\xb1xgT\x11\x93\xe3\xae\x15 E\x0c6\xfc\x03\x8f\
u\x8e\x04\x98Q\x16\x04\xbb\x10\x90\x00\xaf\xec\xaa{\x0f\
&\xc3r\xbc\xa7\xcf\x87\xabN\xbc\x96\x0faMg\xed\
\xbfz\xf2[\x95Z8gU\x82\xc9c\xf8\x0bt)\
\xac\x84\xc2\xd0\xa7\xacV+W*\xc0k\x1fY\x82\xf9\
\x09\xc28\x99\x96!?\xf03\xaf\xecaM?bc\
l\xa77d*\x1b\x953==\x5c\xa3*\xc9\x9d\x95\
\xa6\xf6SR\xca\x93\xaaM\xa6lS\x89\x0d\x0b\xf1\x8b\
_\xc4i\x8d\x9b\xbb\xdc,X\xd0\x16Oq\xd6\xf5\xdf\
\x97\x09t\x08\x02\x0f\xb8\xbc\xdd*`O\x1f~ \x8e\
-\x14\xd2I$\xb1\x8af\xbb\xed\xd0\x98\x88^1\x95\
(\xf6|\x1a\x03\xb2k\xb1S\xa2\x08\x93\x91.\xf9\x0d\
\x19\xe7\xa1iR\x1c/@T\xebGM|\x9d\xb0k\
\xd3\xdb\xe0%}\xa6a\x8e N,j~S\xde\x19\
\x89\x81\x80\x22\xfc\xaau0\x05\x01\x5c_\xf3\xed\xc3\x94\
\xb2\xd8G\x05\xd3\xb2\x0fi\x9f\xbb\xc1\x05\xf3\x13^\x7f\
LT\xd8\xf6O\x88\x87\xa2/\x07M\xa3\xcbq\xe9\xbe\
\xc0\xce\x11u\xcb\x08=#f\xa1\x01qKV\xa7v\
0S!\xdb\x16(\x10z\x84\xba}nDS\xd9\xfc\
\xef\xbb!\xd8X-{4e\xe9\x9b\x12u\x1d\xed\x1f\
y\x1a~\x92/\xb2|\x10\x1e@\xfe\x8d\x02\xaf\xbf~\
b\x13\xa8\x90aZ\x05\x22\xef\xfds~}:/\xd4\
\xa6\x9f\xbc\xff\xae\xca\x11\x08\xb5\x17\xec\xd2\x98:H\x0c\
cz\xdf\xbaS\x85\xd4*\x00\x9c\x11Z\xd1\x99\xe6\xd4\
\xdd<\x8e\xa7\xfc\xea\xe4\xa4rO\xee\x8e\xcb\x0c\x0c\xb7\
\xad\x87\xd9\x94\x06\xd2A\xf2\x09vM\x81g\xf4%^\
\xae\xc1H*\xdcD\xa9\xd1\x93\xe2\x1c\xd3\x92\xcf\xa2P\
\xda\x18J\x91b\x00H\xfa\xbbN\x9f\x9bQ\xc5\x9fH\
^\xa3\xbf\x08\xe5\xfc\xb8\x12\xff;(\xff\xbb\xe2\xfc\x04\
=rR\x95\xffAU\xdd\x94\x94\x09*$&\xc1\x1c\
pW\x1e{\xa6\x0fv\xa2L\xf7\x06R\xf2@(<\
\xe9\xa2^\x82\xafzr\xb8\xe4\x5cWX\x02\xc7\x07\xea\
\x83\x8a\x83\x06\x08J7\x94\x5c\xd3\x16\x9eHp\x8f\x04\
b\x06E\x854\xdd\xa1`2\xb4e\xf7\x0b\x14\xa7\x9f\
\x93?+\xa5d\x94\xf2\x08\xb78B\xc0\x88\xda'\x16\
\xf0Z\x0fU\x9e\x90\x09\xe1\xd4:d\xcf\xeb\xf2a\x1f\
BW\
\x00\x00\x04\x8a\
(\
\xb5/\xfd`\xd0\x0e\x05$\x00&o\x8e&\xf0L\xc6\
<\xa3f\x02?C+\x88\xe3Bo\xf9d\xe0\xbd\xb8\
\xa2\xba\xcd\xf8u;I$E\xe4\xf9\xf2\xe2\x03\x9bH\
\xdf\xe44\x84\x00\x81\x00\x83\x00\x10B\xe9\xb2\xb91C\
;'e\x22a\x02APT\xb0D\xcd\x09\x1ak\xfc\
U\xf5\xd4\x17\x96R$\x89/&zc\xaf\xfczB\
\xeb\xcd\x97\x85H\xb4F\x1a\xdf*k\xad\x1d\xd4B\x1f\
\x8e\x03\xe1\x5c\x13\x90P\xf9\x9f}\x18\x86%Id\xed\
\xad\x08\xd0\xdc\x9aT/\xe0\x04M\xb1-\xd6\xaa\xef\xe9\
\xf9@s\x0e\xc0\xe1@\x14@\x1e#\x92\xe3\xbf\xb3\xe2\
\xb9uC\x1e\x87\xa0\x81\x03D\xa2\xb0\xadO\xb17\x04\
\xbe\x88H\xf8\xad\xce\xbeh\xb7\xca\x0a\x1c\x02\x0fu\xe2\
\xe2\xc8\xe6\xc9\xea\xbf\x81}\x9d\x0a\x0d\x0f\xc6\xb6\xdfd\
\xaf\xf9\xa7D\x02\x22\xe5\xbfO\x9d\x9a\x96\xeb9\xd5$\
i\xc8\x03\x9d\xe5\xb1\x94\xcd\xef\x1a\x10B\x86\x8c-\x82\
`!Ual\xea\x96\xb5\xe8\x84\xd7\x03\xe2m\xb7g\
\x85H\xf4k\xd4\x16\xd9`\xcb\xde\x00\xe66\xb7\x08=\
\x18E\xc9\xc4\x05\x91\xaa\xdd\x0a\xca\xbab\x91\x88\xa4\xd8\
\xd5b\x89v:-\xed\xd5\xc4u\xd7\x07\x9dB\x03\x85\
d;~\x9ep\x9a\xaf\xd7\xcf\xb2\xf5u\x94\x04\x1a\xcf\
\xbc\xbd~e]\x1f\x9b\x02D\xba>\xcdK\xf9\xdd6\
\xc1\xbdv3Hl\xe599\xdc*\x1b\xe0\xd4\xac,\
\x22\xa2\xf5\xfai\xb6c!\xff\x83\x88R\x04\x0a\x0b\xa2\
D\xcd\xce1\xf7\xacs{\x05\x19\x99bO\xabz\xc3\
V6\x9b\x15\x83\x81 \xf84\xd1a_\xb1\xc5\xee\x9c\
\xfeR\xce\x9aX\xeb;\x13^\x1f\xbbM=\xc2\xf4\x99\
\xde\x16_\xd5\x95\xfd49\xbf\xf2\xce\x14\xf6\x0a\xed\x8c\
y\xdd\xc6\x9e\xf3\xf5(1:o\x81\x14\xa5\x91\x8c|\
\x01\x07\x82Z\xe8\xe4p (Gy\xe8\x04\xe5\x03\x15\
\x08A\x112L\xad\x89\x84\x22\x1f\xe7Q\x9a\xd8\x1a\xe9\
Dip\x1a\xc6i\x9e\xe5Y\x94\xc8(\xce\xb2@\xb2\
\x91\x0d\xf4\xa0\xa38\x0a|Q\x89\xcf\xf2bl\xa8\xe7\
k\xcfE\xbe\xa8\xcb\xbf\xa9c\xfcty\xe2\xd2hL\
\x83\x86\xa61\x06\xd8\x98\xb7D\x03\xf3\x94\x86\xedG\xa8\
8rlof\xc5\xc8\x17>oM\xa0\xd6\xc7\xbe\xf0\
\xc8\xef\x95c\xe4\x08\xc0\x99\x10]\xc6\x16\xf08\x03\x0c\
\xe0{^D\x0a\x81\x0a\xa8\xe1\xa92&4\x92\x14T\
2\xcd\x01a\x881\x14f\xd2Z\x0f\x02\xe10\x86\xd2\
\xa4A\x840\x81\x22\x13\xccHI\x10E%\x05\x05)\
I\x8b\x01!\xa9\xc20\xf1\xc3\xb0n\xea\x0a\xd1(\xe1\
\xca\x9d\x07\x904\xb6\x16\x18\x8f\x81\xad\xc0\xe1\x1f\xa8&\
\xe2\xe1R\x0d\xe7\xf0\x9c;a\x806m\xce\xc3m\xcc\
)2\xcf>\xf4\x8a\xad\x9d\xca\xc4\x16k\x92`\x85<\
\xfc^\xea\xad\x18\xaf\xb9\x87BK\xd9\x0eU\xe6\xdb\xb0\
\x0f\xd33%\xc2\x9bi\x0b\xd0s:\x18\xfc\xc1\x14\x13\
\xf9\xb8\xce\xd5\x94\x13\x9c\xfc\xbb2\xa2\xa5m\x1e\x0dy\
\xc5\xbd\xf43\xe2\x11@e\x8ay\xd1\xf8\xe7\x11Qw\
\x9b\xa3?\xb7\x94\xbb\xe8\x95FF\xac\xd1\xc4X\x08n\
u~\xebr\xda\xb2fj=\x9c&/&l\xa1\x16\
t\x91H\xcc_\xffT*\x8d\x22\x02\xd6\xe4\x88\x8c\x91\
\x18\x00\xe5O\x83\xa0Ib~\x11\x90z\xdd@\xa9 \
\xe3< \x01*\xb8\x80WI\xc97\x88\x1d\x88E_\
\xb1\xb1^\x22\xea\x1e\xe6\xac`\xd4U1\xca#\xa1I\
\x89/\x85@i\xf1\xc2\x5c\xf7)\xde\xc2Z4\x97\xd6\
8NfX\xb4F\xbd0|\xb1\x11\xb4\x0a\xbd~\xb1\
\xf6.\x9c\x15\x9e\xe2J\x85\xd9\xb8\xe7\xba\xd0=4\x88\
\x8f\xc8Ky\xdb\x00\x92\xc4\x03\xa2\x94\xe9\x00\xed%\x09\
\x06\x9d9P\x1f\xc8\xb9\xee,E\xd0-\xd4X)\x81\
B\xf9\x8eg:\x95#.9(]f\x0d\xaa\xd9\x0e\
\xc3\xaaz \xcamI\x7f\x05\x04\x9a\xf5\xbcf\x0d\x8b\
\xef\xbb>y\xca\x05,\x16\x91\xa0\x18[\x97\x81\xd9\x22\
4\x1f\xf5\xa0d\x08#e\xae\xff\x22\x8fv+8\xaf\
\xd6\xa3\x0cu\xd1\x93\xd1\x8e\x96u7\xa7QF\xd9}\
G\x84\xf8\xad\xb0\x7f\x95\x83\xabzt\x85\xab\xa9{A\
\x5ce\x044\x9e\xa7\xaf\xdaw\xa6\x92\x06\xf6\xca\xa2e\
\xd8\x86\xa5\xc3Q\xc3\x00\xb7S\xa49\xde\xebb\xde/\
\x85\xd4?\xd8\x08\x22:#\x12\x15\xad\xc5*\xe9 i\
\xa1\x0d\x0bmM\xa6\x84\xac\x1ef\xf0\x1b\x8b8\xb2\xa1\
9\x08(W\x091FQ\xb3\x00H\xce\x87\xc9P\xbc\
;%\x1a\x18`*e)X\x13 tG\xa2-y\
J\xfb1\x19\xd5\xae\xfc\xe0\xef<\xe9\x07/\xf4\x85v\
t%BBTs\x90v\xfa\xb3\x00\xa9\x11Q\xca@\
,\xf4H\x09\xea\x87@\xa3\x0a\
\x00\x00\x04\xd8\
(\
\xb5/\xfd`\xf0\x1eu&\x00\xc6\xef\x8f&\x00Md\
\x1e#\xcd\x04}\x86\xc6\xda\x91\xb2\xaa\xa0]\xe30\xc6\
\x0a~\x83\x91\xa18I\x22IQ`\xa3\xf2\x0bUU\
\x085!\x84\x00\x82\x00\x83\x00\x1az\x10B\xe9\xb2\xb9\
\xf1B;'\xe5\x93\xf0=\xcf\x13\x13\xec\x88\xa6\x9a\x13\
4\xd6\xf8\xab\xea\xa9+,\xa5\xc7\x8bH|zc\xaf\
\xfc\xfa\xa3\xf5\xe6\xcb:\x22Z!\x8d[k\x06\xa5\xd0\
\x07\xc3@8\xd7\x04<*?b\x11\x0c\xc3\xde\x83\xac\
\xbd\x13\x01\x9a[\x93j\x06\x9c\xa0%\xb6\xc5Z\xf5=\
=\x1fh\xce\x018\x18\x88\x02\xc7\xe3#r\xfcwV\
<\xb7n\x87\xe3\x104ppD\x14\xb6\xf5)\xf6v\
@$\x1e\x11~\xab\xb3+\xda\xad\xb2\x02\x87\x0e\x22\x9b\
\xa7\x91\x8e\x02\x11\xc5Q\xa6\xfao\xc0\xbe\xce\x84\x86\xc6\
b[:\xadg\xb2\xd7\xfc\xd2\x94pD\xf9\xefS\xa7\
\xa6\xe5zJ\xf5\xbdv8\xb0Q\x1cK\xd9\xfc\xae\x01\
B\xb8\x90\xb1A\x10\xac\x96,6u\xcbR\xf4\xe4\xf5\
\x80@2\xaf\xd8\xbaM\xe9W\xa8)\xb2\xc1\x96\xbd\x01\
\xccmn\xf1A \x14\xe5\x12\x95#\xaav'(\xeb\
\x09E\x1eQbW\x8b=\xedtZ\xda\xab\x89\xeb\xae\
\x08t\x0b\x0d\x16\xdev\x8c\xf8\xe44_\xaf\x11+{\
\xde#\xd2x\xe6\xed\xf5+\xeb\xfa\xd8\x14\x1c\xd1ui\
^\xea\xbdw@\xf8\xdd6\xc1\xbdv3x\xb6\xf2\xfc\
\x0e\xb7\xca\x0685+\x8b\xd8\xb3\xca?A\xb4^/\
\xcdf0\xe4\x7f\x00Q\x8a`a\x01\xd4\x18s\xcf:\
\xb7Wp\x91%\xf6\xb4\xaa7\xd8\xcaf\xb3Z,\x12\
F(\x9f\xe8\xb0\xaf\xd8bwJ\x7f)gM\xac\xf5\
\x9d\x93\xd7\xc7\x11\xa4\xcf\xf4\xb6\xf8\xaa\xae\xec%\xc9\xf9\
\x95w\xa6\xb0O\xe8#\xca\xbe\x98\xd7m\xec9_\xc9\
\x02\x9f\x06\x82R\xe8w0\x10\xd4;$\x0c#\x1fE\
>K\xe3\xd0\xc94\x89|\x92ei\xa2\x82\xc3(\x8b\
\x92<O\x22\x97ir\x14\xd8$\x0e\x95\x16(\xa5\xe3\
4\x8b\x5cd\xb38I\x13\x1b\xe7a\x92\xa6\xc1\xf6#\
T\x0c9\xb67\xb3\x98$\x89K\xd2<\x08\x84\x9c\xe1\
\xf3\xd6\x04j}\xec\x0a\x87\xfc^9B\x8e\x00\x9c\x09\
\xd0t\x17[78\xa8\xd0\x18\x09\x91E\x01\xb6\x18\x15\
\x9a\xa5a\x1c\x05Y\x98\xa8x\xbe\xf6T\xe4\x8b\xba\xfc\
\x9b:\xc6O\xa9\x00\xc7)\xc0\x00\x1e\x81!\xa8a=\
#64\x92\x14$I\xdb\x01\x81\x901R:\xa7\xdd\
\x01\x12\xa1(\x05\xc2$\xa3\x08\x81\x02C\x8c\x80\x10\xa3\
\x8c\x88H \x91\x042\x22\x81\x84\x91\xe4\x01\xa7\x998\
\xa0\xd0D/\x91E8Puq\xa1]4\xbdv\x11\
\xc7\x1a%\xd9&\x83\xe5\x89P\xc8G\xa0\x10\x87Q\x87\
z0\xc5\xe1\x92\x94\xd1\x04]\xae<\x13\x12#p\xfe\
P\xda\x04\xbeg\x9f\xe72\x8c\xdcV\xa9\xf6b\xec8\
N\xaa_\xcc\x10\xabt\xc8\x1a\x1d\x11m\xee>5\x8b\
x`\xd9\xef\x95\xfe\x19\xc1\xdeO\xc9\x8f\xe1e\xdf\xdf\
\x8a|\xdb\x0aD\x95\xa6\xf1{\x91\xf5+-+\xcf\x09\
\xcd8\xff\xb5rj\xe1\xe4F\xdc\xff\x94*\xf7L`\
\xe6\xf5\x03o\x09L\x1b\xa8xiRgu\x8e\xf4\xe8\
*\x18\xb5\xe6\x83\x04\xd9L\xb5;\xb2\x82\xd5A\x0c\xda\
z\x8d&\x10F\xe0X\xd0\xd5\x17\xb2\x01\x1c?\xcal\
\x9d\x0d/\xda\x0dT\x0f\x0e/\xf2\xb8!w9\x12\x9b\
\xeeO\xdd\x92\x99\xa3\xfcYB\xb0Q\xfd\xaa`\x98n\
J9\xe3F\x93j\x9d*#`\x84\xf3\xbd\xfd!\xeb\
S\xd3\x5c\xa1\x05{9\xdaoPx3\x12\x0b\x96\xc4\
\xce\x9d\x01\xd9\xb8\xfcd^\x88\xa4FP\x05\x00\x5cL\
\xcb\x82\xe6\xaf\x9c\x9fdc\xe6\x06\x03\xaa\xf3\x01\x8d\x02\
\xff11\x8e[\xda\xdeU\xd5\x8a\x04[\xda\x0f#\xca\
\xf6\x1d:N\xab\xf6J\x96\xa3\x11\xea\x17\x9f\xe1\x224\
\x8fWo\x1cD\x85:\x18\x1di\xcdf\x10'\xef\x87\
2\xbaa\x8bX\x8e\xc2\xda\xde\x03>'&,>5\
\xcaK\x00\x81\x12\x83\x84\x80\x99\x89;\x08G\xc2\xa7\xbc\
Zz#\x19\xc6\x1a\x09\xd0k_\xca\x1ec\x17\xa2t\
 D\x92\x8f\x93\xf7\xb2\x85\xc2!M\xb4\xbaZR\xbb\
\x9d(l\x19\xd8\xb5k\xb0NE'\xc4\xc5{\x90\xc6\
`Y8%$\xc0\x86\x97\xcd\x0cd\x8c\xb0\xb9\x81!\
#[\x8b\x9c\xa7\xf8\xeb\xd2\x06\xbb\xe7TY\x03A|\
\x22CZ\xc8l\x81D\xa1\xcb\x97\xfa\x8b\xf0\x83\x8a[\
\x5c\xa9\xe0\xe3\xdeu)\xb6\xc4[\xa1\x1d%\xd1\xc7\x83\
O\xaa\x88Y^\x17T\x03\xd3*)=\xc8x\xe7\xc4\
\xad\xb6`\xddr`\x1b\xa3\xbe\xc0\xb2^!\xc4}\xd3\
B.f\x148k\x97\x96DF\xb8\xecd\xe6h\x99\
QH\xce\xc3\x02\xb8\xc5\x1d}\xb4\xa8c\x97`\x950\
\xe5\xf9>\x13gYB!6\xb8\xf1\x82\x82\x06v\x99\
R$\xca\xc8\x04\x99\xb4\xe3\xc9D\x22s\x14\xaa\x91M\
\xec\xb7y?\xe4\x83\x9c\x949\x7f\x9c\xc5B\xe4\xdf\x22\
\xb8%\xe4\xe1}\xd2@\x11\xe4/%\x9cX\xa2\xa3Q\
d\x0f\xa8\x1f&\xb6*\
\x00\x00\x04k\
(\
\xb5/\xfd`\x85\x0e\x0d#\x00V.\x8c%\x00m\xcc\
\x03@\x0c\x8c\xdfa/\xf8/\xf4Z\xed\x1a\x871\x16\
\xe8\x03\xceP\x9c$\x89\xa4\x10\xd8h\x90]\xfa\xaf\xab\
\x82\x08\x81\x00\x7f\x00\x82\x00\x1a\xedy\xe3\x10*JT\
d\x8c\xa2h.\xd9\x9b\x1ev\x07\xf0\xcc\xb3\xb6,]\
?rk}q&3\xf2\x9e\xdfz\xfc\xb1Z\xbc\xb1\
\xebM\xd5J<cKs\xce-\xaa\x08o,\x16\x0e\
\x08\xdd@\xac\xb6Nn\x92eY\x8c\xd2\xd5;D\xc0\
\xfdE+\xa7\xc8\x0b\x0e\xd2o\xe6\xecw\xfa\x1b\xc1A\
\x08\xd0X8\x0c\x9e\xceo\xfa\xac1\xb5\x99v\xee\x1e\
\x04\x15\x1e \xdeT\xe5ku\xcd\xef\x9eL\xe6\x9b\xb2\
\xbe|\x7f\xc4aK3h\x04\x99\xb6\x14\xc2\xe5b\xeb\
\xb7\xd2K;\xfb\xed\xd6\xd4#\xe0M[c]\xbf\xa2\
\xd7sJ\xd9\x18\xdd\x83\xe4\xc3@\xb7\xba[\xc3\x0a)\
\xe5\xa6L'I\x5c\xcf.[\xaf\x7f]\x0c\x7f\xbcm\
8\x92\xb7\xb4\xc2N\xad7Um%\xc7(N:M\
\x1fd\x7f\xb7\x9bQ\x22\xa5\xa94\x93y\x93\xbd\x1dR\
\xdd\x870\xca\x9b \xdd\xde,\xf2\xaf\xf4\xe2o\xd1l\
\xbbM$LxH\x88\xfds\xf2\x8f\xaf\x1b\xd3<\xb9\
\xae\xd5\x5c\x8aRJ\x05\x06\x0co\xc2OQ\x5c=\xee\
w\x01\xe3\xdb\x1d\xe2\xb5\xaa\xfd\x1d\x1b\xd8\xd2\x08\xbe\xa2\
\xd6uH\xd5b\x9a\xa2\x14[GH\xb5*$4H\
\x0f\xbb\x1f\xda\xa9\xa5\xfd-\xb9i\x90N/\xfb\x15\xd7\
\xba\x1a\xb5\xb6&\x8a$\xe4L\x98i\x9bo\x86)\xa5\
q\x05/\x9a9\x7f\xab3\xec\xf5'(\xad\xf1~3\
fa\xd8\xee\x14\x05\x9fc\xfa\xd8U\xa6!\xfc7\x8a\
a\xcf\xbf7\xc6D\xf3Q\x96\xed\x81\x16ea\x12\xad\
2\xd0\x9c\x91\x924\x96\xd6\x15\x01\x0bG\x15\xe1\xb1\xb1\
pT\xcf\x02U\x8ai\x14H>L\x14\xc9\xa6\xb1\xf6\
\xf1\x90\x0a\xf4@\x8b3\x9d\xa3\xc8\xe4i\x14\xc6\xe34\
\x8f\x031\x89\x031\xcbl\x96'Jdt\xca\x84\x1a\
\xa7\xfe\xc6:\x8dl\xac\xc2\xad{\xd6L\x85k\xa0d\
8\xaeaH\xd7$s2\x9adq\xf9\xea\x09\x9b\xa5\
\xcf\x17k\xd7\x94\x9eB\xef\xce\x0b\xac\xd5\xf9#/=\
\xc6\xf6\x94`\x81\xa4\x01\x12\xde\xfa\x00\x04\x19R\xe0;\
\xc5o\xe2\x99\xee\xfeV[\x17\xa6\xa7\x0b\x81\x00\xa8\x91\
-C55\x92$\x95Ls@\x84\x90bTU\x07\
\x02\xe14E\xc2\x1cR\xc4@\x81\x11\x09d\xa6$H\
\x19E%Ei\x03\xd5H\x05e\x82\xc2\xb6X\xd7\xb6\
\x91Qb\x83)\x93\x9c=\xf6\x96\x0e+%7\x0d\x98\
\x84F\xdb\xa1i\x86\xcd\xb1\x04f\xbd\xf9\x22\xf7\xf1\xe6\
n\xa3\x923\xc5\xde\x1ad\xe6'\x16#xw\x8c\x13\
\xbe\x88?o\xefg\x18;\x18\xb0\xf8H\x22\xab\x06\xdd\
\xcd\xd8v\xcd\x99\xe4x:\x9f\x1d\xb9zKh\xae;\
\x5c\xc5\xa1\xf4C\xc4-\x84*ay\xdd$\xd4\xaa\x11\
9\x14#\x89\xd6\x02G\x96\xce\x8d\x5c\xd8Jcc|\
\xbb\xcc\xe9\x18\x7f\xb5{k\xfe\x94\xa2&\xa5\x17\x9f\xc2\
/\xa1\xc4\x85\x14\x1e(.\xb1\xdf\xfe\x93a\xd3$\x11\
\x1eKN\x17\xbdC\x80\x16\xd7\x8d\x80\xe3\xc5\xb4C\xe0\
\xf1\x8a\x22ewF\x9c\xb8\x05\xe4\xe0#\x98\x17=\xc9\
\x0c\xf2\x0e\x81\xc3W,\xac;\x11\xbd\x8c;\xd5\xba\x92\
\xd8<\x91\xda3%\xd2kH3\xfc\x04\xec\xe4\x0c\x5c\
\x84,\xe3\x96\x19\xf7%\xab\xa1\xa3@\x19|\x02\xe7\xa0\
\x8e\x90\xd6#8coe\x83a\xfd7\x15\x0d\xba\x8e\
c\xf3\x93hw\xe1`\x1db\xdc\xe5\xc6\xc6\x9b\x04\x09\
$\x7f\xc0\x0d`,I\xad`C\x04\xcaW\xbc\x1e\xfb\
\x8cP\xd2\x9d\x1a\x03\xa5\xe6*/}\xa6\xef\xd3\x09\xeb\
\xe2\xffPT^\x5c\xab5\x88u\xc0\xaa]\x85{Y\
 \x00\xb3bk\xb7\xb0u\x1b,\xb6!\xa0\x0f\x03)\
\x14\x92d\xc0\xc0\xec\x08\xe4y7\x9c\x0c\x01d\xa7\xf7\
o\xfb\x80Z\x80\x07\xe5\xe0\x01\x9c\x19}\xd2\x02r\x0b\
0\x92)\xfb\xd1e\x04eU||\xb5\xc2-\xfd\x96\
%\xb5\x09}\x81{%\x08t\x1eg-\xcd\x1fZ\xa1\
\x0b\xf6\xc9\xaawX\x84\xe5\xec:0~\xe9y\xef\x0c\
\xefa\x9c\xfe\x9f\xa1\xcc#7\x9c\x00\xc40\xaf\xeej\
\xfaK\xc0\xf8\x04\x8b\xb6\x92q@\xba\x07v\x82\x0bD\
\xa4\xa4?\x9cP\x04[\xc2\xaa\x03\xfd\xcc\xd9\x05\x85\x02\
\xa9\xe1961\x1a\xc0\xe9\x94\xaeS\xae\x08\xf4\xfa=\
 %R\xdcL\x80i\xe8M\x17\x9fH\xce\x13\xdd\xf2\
V*\x9cA\x86,2*\x90h\xbaE`\xd9~t\
)\x891\x1e\xa9I\xfd\x90\x1e\xaa\
\x00\x00\x04\x5c\
(\
\xb5/\xfd`\x19\x0f\x95\x22\x00\xe6\xad\x89%\x00o\xca\
\x03C,D\x8a\xb4\xec\xfdW\xd6c/\x1aG\x12B\
\xa7w\xbc\x03c\xe2\xf9\xf6\x0f*\x05LUU%\x80\
\x11\x01\x7f\x00}\x00\x7f\x00/\x93\x1bO\xf4{\x0c\xb3\
0p\x81 (\x1a`N\x8a\xd0\x1c\xa0\xb1\xc6\x7f\xef\
O\x97\xd49\xdd\x12\x95\xb8\xe8\x8d\xfd\xba\xf5eR\x9b\
/\xcbI\x93F\x1a\xb7\xd6\x18\x94D?\x18\x0c\xc8{\
m`\xa1\xf2+U\xc10lY\x22k\xefJ\xa0\xb9\
%\xa7\xb6\xc0\x0d\xad\xda\x15k\xd4\xb7\xf4\xac\xd0\xde\x03\
x0 \x08\xee\xb1\x93\x1c\xbf\x95\x14\xcb\xad\x9b{\x1e\
C\x84\x84\x93(\x5c\xe9O\xec\xcdA%:\x09\x7f\xd5\
\xd9%\xcd\xde\x0c\xe1\x11TV\x1a2&\xbb~#;\
\xcd?E\x02\x9c\x94\xdf\xfetJZ\xae\xe5D\x97\xa5\
\xb9\x07:\x9a\xa7R5\xffk\x18']@\x08'L\
l\x11\x85\xe5\xa8\xc1dO\xb7\xacFG\x9c> \xca\
\xbe?\xdf\x96\xd7I\xf3i\xd4\x1a\xb1\xc1\x96}\x02\xe6\
5\xb7\x08)0\x8a\x8c\x13\x1b'\xd1\xba+\xaaz\xd5\
\x88N\xaa6\xad\xd8\xa2}JK\xfb\x95\x98n\xaa\xc0\
\xb7\x10\xb1\xb0l\xc7\x8aG|\xe6\xeb\xb5bU\xfa:\
Z \x84L\x92\xf5IZ\xca\xed\xae\x0d\xd6\xd6\x0d\xb1\
\xd4;\xa9\xe7\xe5aoF\xe0\x94\xbc\x15\x12Mz\xfd\
$-\xf2ODs2,<D\x0e\xb9%\x95\xdb/\
\x9cd\xd5\x96\x16\xf5\x8bzk&\xef\xc4\x81 \xf8<\
\xec)\xae\x98\x95\xd3[\xeaY\x12kme\xc4\xe9\xe3\
\xb7\xa7WL\x9f\xe9]\xf1u\xaf\xec\xa7\xe9\xf9\x95w\
\xa6\xb0\xaf\xb4O\xa4}\x1b{\xceW\xd3\xc4\xa6a\x14\
\xd8p\x18\xa7\x01!%\x9b\x8e\xd88\x98\x86\xc2\xdc\xff\
\x0b\xec\x03\x0c\x08%\xd1\xcb\x83\x01\xa1\x1c\x06\xcf\x9c\x1a\
\x86y\xe0\x03A\xd0q(\x8dD\x9e\xf88\x1e&:\
\x0c\xd4\x98\x9e\xaf-%\xf9\x9a/\xff\x9e\x8e\xf1\xcf\xe6\
\x89\xcdEk\x1a,pZS\x00\x9b\xa3@\xb1\xc0Q\
\x98\xe6\xf8q4\x919\xcbJK\xdaD\xd5f\xdf\xf5\
F\xb8~\xc5\xde\xd7\x149\xae\xd6->o}@\xe9\
c\x97x\xe4\xf6\xca1z\x07P\x06Dv\xb2\x07\x1a\
\xf1\x15@\x01\xdf\xd2:Ic\x99\xb7\xd3\xbf\xd6\xf5\xb1\
9\xb8\x80\xfd\xa8\xb1%354#-H!m\x07\
@\x84\x90bTU\x07\x12\xb10\x05\xf2 \x85\x88a\
\x02\xa4\x90@HJ\x82QPR\x94\xd6njI\x01\
&\xca\xb1]IJ\xf1ZIH\x8f\xb9\xe5P\xf9.\
\xd3\xcc\x88\x8c>p\x82\x1b\x8bP\x80dC\x1e\x88L\
\xe5\x7f\x17v\xb7\x1f\xc5\x18\xb42E9s\xa5j\xd4\
\x83R\xa3\xca)\xc0\xbf\xc7r\xf6\xd8\x7f\x00\x9c\xf9\xb4\
\xdcXy\x84\x91n*\x84\x83\x16\xc3\xf6\x9cE\xd8\xc8\
\xb9Educh\xdb\xfeA!|\x1bb\xcbh\xcc\
\xebV\xfcE$_\xdech\x1a,(\x8d\x8b\x1ey\
Y?UY\xecRJ'\x9b\xb4\xeez\xaa\xbd\x84!\
.\xe4\xe1\xc5#\x8f}\xf1?\x99\x98&\x1ba\xa19\
\x8d\xe3\xc5\x024\xbf\xa2\x05\xa0\x88\xe92`\xf6\x153\
\xcaR\x19\xd1x\x0c\x08\xc3\x0d\x98&\x12R\x1f$8\
d\x86\x1fX\xa4\xeej\xe8\x19\xee\x16u%\x91\xf2$\
\xb4+\x8aH\xb7\x90d\xfc\xbc\xaf\x93\x1a\xde\x22\xb8\xfc\
\xdbs\xdc\x83,\x15^\x08\xf4\xa0\x1b\xb8\xd5\x13\x05\x08\
#\x84uy0v\xae\xfc\x0b\x8bzR\xf4\xd2\xc57\
\x16\x9c\x9e\xba\xeb\x06\xfb\x88\xa1\x94[\x1b?$\x08\x90\
H\x83=\x80^I`\xc1\xf2\x08\x14 \xf0\x9e9#\
\x95i\x83\x1a\xc6\xd2\xb1\x94Wi\xd2_D`2,\
P\x0a\x00\xfakwc\x05\x8c\xa2\xb6\x91\xa8o\x0e\x92\
\xcd\xd2\xa7f\x81\xadxj';\xd3\x91\xb7\x0aQ\xb0\
\xe2\x07V\x8a\x08f\xb9\x83|v\x1d\xe4B\xf2\xcf\xf4\
\x11\x8a\x0b\xac\xdc\xd3\xe6 \x02^\x8f\xcekA\xe8\x16\
4\x92-{\xde\x01\x08\xd2T\xf1\xfbj\x0ew\xfaV\
K\x80M\xb0\x02\xa7\xad\x84\xff\xacHc\x07Q\xa8\x07\
\x8bY\xfd\x0f\x0bc\xc9]\x99\x18/r\xbevf\xf7\
\x00\x8e\xf4\xdf\xa1\xf8#\x1b\xd6\xc0\x9ca@]\xdeT\
\x95 \x97D\x1b\x9aG\x86\x0e\xc9\x92X\x00\x07\xb3\xe3\
\x00\xadu\x02 x\x12\xc6?8\xcd\x1cD0(\xf0\
\x0d'\xdf\xfch\x80\xcf)mC\xf9KP\xca\xbd'\
\xc9RD\xe6\xf44d\x13\xc4G\xdes\xa26/y\
\xe1 r\x09\x91E\x0dy\xbc[\x0dL\xd4\x83.M\
b\xecA]\xd3\x8eQ?\xdc\xbf*\
\x00\x00\x04\x1f\
(\
\xb5/\xfd`\xed\x0c\xad \x00\x06.\x86\x1f \x93\x1e\
\xff&\x1a\xb6\xa4\xde\xa5f \x9ah\xb1Tf|\x85\
0I\xb8\xd2\x96\x03\x96\x04\x18\x10\xb0`\x86\x00\x82\x00\
t\x00\xd1\xd3\xdc\xcb\xe9\x19\xdf\x8a\x22a\x0dL\xba\x87\
&\xb3\xca\xa5\x1c\x1a \xe1\x22k-\xb4:\x05*S\
\xdc\xcc\x94\xa5\xbaTs\xd1{/:\xc7!2la\
:\xcd\xc5\xf7\xa4CP\xaaf\xd9d\xdd\x8d\x10Y\xb0\
\x0b\xaa \x0e\x87\x13E\x85L\xce\xd4\xa0\xdd\x8c4e\
\x17\xechT\xae8\x8dr\xb3t\xb1E\xeb\x0e\x1c\x00\
\x09\x85\xbb\xb0C\x5c|Y\x12\x05K9k\xae6#\
\x22q\x08\x0b\xae(\xd7\x84os\x0f\x82\x0e\x81\xaf*\
\xc3\xee\xa6Y\x98\x8e\xe2\x10\x95\x8a\xa0`YU\xc5p\
\xf1\x85\x0b\xf9\x19^\x81\x82\xab\xce\x9d\x9b\x0d\x93\x5c\xc8\
.f\xb9\xb0L_\xa6\xcb\x9a\x18&T\xf0\xe4\xea\xfa\
\x9fNe)\x13E\x078]P\xc0.\xeb\x9a\xfaZ\
\x1e\xa7-\x9b6\xb4\x91{\x0e\x91oV\xa9\x5c\xcd\xc5\
\x8em\xdbf\xae\x9c\x1dZ\xf5\x7f\xafF\xff\x08B\x02\
l\xb1\x07Vv\x08\x0cvU2,a\x91\x87\xe8\xcd\
$\xf8q')\x03\xc1n\xa6\xc9\x15\x96X\x9a\xf3\xfe\
\x9eM\xeb\x0b\x1c\xa2r1\xaa\x10\x12\xbe\x86;\xa1\x91\
\xfb4\x7f\x90N\x09\xe9\xa3\xf4_\xb5S\xf3\x09\xc5\xb6\
>R8c\x94\xd4\xeb\xa4\xd1B\x87M\xd5MuY\
\xa1J\xc1\x87\xf9t\xec\x9e\x9a\xb2\xdd\x9b\xb7\x90\xa5\xa6\
\xa5\x13\xca:\xeb{0N\xaaU*\xe3\x94\xf29u\
\x1b\xab\xf5\xb4\xbe\x18\xe7\xdb\xf8QNX!\xd9\xbc\xad\
\x1a\x9f\xba\xf4\x7f\x18\xeb\x9b\xd1N9\xdfF\xebpj\
\x1f\xa1?\xe8\xb5\x7f\x8b\x16FHb\x9a\xab\x04\x80\x84\
e\x93E\x07+\xa1\xc78\xfd\xa9\xf5\xfa \x8c\xefQ\
\x7f\x97\x04\xc1\xc0\xc24tz\x8do\xe7\x84\xeeSZ\
I\x1f\xf4\xb7\xea|6\xfa\xdb\xf4l;{j\xdd\xd0\
>|\xde\x13l\x0an^\xfaK\xda,\xac\xd3{\xfc\
\xf9\xfe\xa5K\x97\xb3Np\x03\xa9\xfe)\xe5\xf3\x8e\xf3\
\xa7n\xd0\xaa_\xab}\xdf\xde\xca6e\x8b\x90Bj\
\xd26\xfd=\x88r..P\xb0\xe6\xc2,\x97I\x9a\
\xf4\xb5&\x01\x80\xf5\xa8!\xb9c\xccD$IR(\
\xb4\x1b`\x86\xd0\x94\xd56r\xc9H\x0ed\xc6\x18R\
F$\x98`$HT\x9e\x05%\x05-\x1c\xd2U\x90\
:\xf3\x87\x00\xb5S\xd9\xee\xb6\xca- \x1eE\xd53\
\x1d\x03\xfd\xbcG\xe9\x027K%\xdcT\x22\xac\xa9\xfa\
\xe4Q\xa5^\x0b\x86\xaa8\xbc\x16\xf0T\xcexB\x5c\
\x1aQgS\xe9<\x95\xb9\xa1J~U\xb9\x84\xf8\x09\
\x89A%$\xe8\xefE\x0f\x00<n)\x17\xa5\xb8\xb5\
;\x92H\xe5h\xdc#p\xa3\x06\xea\x90(\x84\xd9\xfb\
\xf8A&\x03\xfe \xdeTo\x14hT\x17\xf2\xf7\x0b\
\xfe\x96\xe3\x00\xa4\xbf\xc7[\x7f\x87\xe1\x83e\xe8\x11l\
\xce\xa4\x05\xd74\xb9\xe8P\x8c\xc3\xed\xb8\xd9\x97\xc7\x0e\
 \xc8\xb3\xb4\xbb\xaf\x19\x85Q\x8d:\xea\xa2O\x92q\
\xa9\x8e&\x92\xdc\xab\xc0f\x0e<\x08\x07\xec\xe7\xe9T\
Fe\x8al\xc6\xd4\x02\x9d\x17r&\xaf\x0a\xbdC\xa1\
*\x10\xb8\xaf\xe3\xc8\xa6\xdaz\xbe\xcc\xb4\x82q\xe4\xb4\
\x13\x91\x96\xc1\x9d\xc3\x876$Z\x96\x94\x90\xa3\xee\xc8\
\x11O-\xa2F\xa0\xc5\xbbf\x955K\x14\xd62g\
\xafy\x17\xe9y\xd8\x87,\x09\x17w\xf4ml\xc6\xad\
6\x85g2\xe6\xb69\xc5i\xf3<\x06H:\xba\xdd\
\xd8E\x05z\x84\x93j$=gp\xf6B\xb5r\x0d\
{u\xff\xd4])\xd6\xda\xf8\xe3\x14\xf6\xa5\x0a\xd3\xf0\
\xd5=\x5c\x87\xfa\xbaL\xca\xda\x85vE}z\xb6~\
\xacK\xe5\xb1L\xf5\x7f\x1a\xc9\xdf\x001\xd54)F\
\xbcL\x15t\xd3\xd3\xe4=?\x93P\x8aB#\x12\x10\
\xd6\x93\xdaZ\xac\x97,\x9e[I\xd2\x92C&Mm\
\xc9\xa8\xea\x1b\xd8\x88~\xbbD\x1d\xad\x86]U\x924\
\xcf\x8bA\xff\xb0\x0f\x955\xc0F{n\xe5l\x94\xbb\
\xe4\xd1k\xc4\xd9dL7\xfa!\xd7\xc4\xf6\xa7\x9d\xdd\
\x02\x1ffc0\x02p@\xcc\x06\xe3%-b\x01I\
\x18D\xf4\xc3\xbb\x97_t\xa8\x1aeLBQz\x0a\
/\x0aH\xd1p\x7f\xfe\xecb\xe9\xc3!\xad\x02\
\x00\x00\x04\x8e\
(\
\xb5/\xfd`\x02\x0f%$\x00\x060\x90$\x00M\xce\
\x03\x8fpU\xcf<Tc0\xf5Z\xed\x1a\x871\x16\
\xe8\x13lr\x90@\xda\x80j\x9b\x1c\xb6\xf4\xffU:\
\x84\x85\x00\x84\x00\x84\x00\x19\x9f\x14)\xe5\x129\xdas\
\xc7c\x5c\x16e\x91\x8a$I\x93\xd9 \xe5\xb0;\x80\
g\x9e5\x86\xe9\xfa\x8f[+Tf2\x15\xde\xf3c\
\x8f_\xa9\x16o-\x83T\xb5\x13\xcf\xef=\xc4zp\
\x06\x824b|\x03\x8a\xb5ur\x93m\xdb\x14e\xca\
z\xbf\x04\xdeg\xb4r\x8a\xbc\xf0\xae~\xb7g\xbf\xd3\
\xdf\x08/F\x00\x06\xd20\x80:C\xea\xb3\xc6\xd4f\
\xda\xf9\x83QTx\x80\x80\x94\x95\xaf\xd55\xff\x832\
\x99\x90\xca\xfa\xf2\xfd\x8f\x871\xce\x80\x11\x12\xb40\x89\
S\x19HaZWl\xda\xd2\x8bK\xa4\xeb\xb7\xd2L\
?\xfb\xed\xd6\x95#\x00R[c]\xdf\xa2\xd9sZ\
YEy0\x92P\x13]\xebn\x1d\x9b\x05R\x15R\
\xcan\x99o\x92\xc8\xa0e\xba^?\xcb\x1a\xeex\xcb\
h$oi\x8d\x9db\x90\xaa\xdaN\xef\x99O>N\
\x1fl\x7f\xf7\x9bR\x22\xa7\xb98\xb3\x81\x94\xbd\xfd\xb2\
\xee_\xcf\x84\xd4\xd5\xed\xdd\x14\xfe\x95f\xfc1\x9am\
\xb7\x89\x8c\x09\x0f\x09J\xff\x9c\xbc\xe3\xeb\xd64O\x02\
\xcf\x8c\x0b)\xf0\x9dbH\xf1Lw\x7f\xab\xb1L\xd3\
\xf31@\x0a\x7fE\xb1\xf5\xb8\xdf\x05\x8cowP.\
\xf6[a`\x8c#x\x8bb\xb71U\xab\xe9\x8a>\
\x84b\xeb\x88\xa9V\x85\x84\x86\x09Bh\xa7\x96\xf6\xc7\
d\xc7]\x9df\xf6+.v9\x8au\x8e$\xc9(\
n\xda\xe6\xbbaZil\xc5\x8cf\xce1u\xbc\xd5\
9\xf6\xfa\x13\x95\xe6x\xbfY\xc34NWU|m\
\xf7mm\xfa\xe2\xdfQ\x1c{\xfe\xbd\xb5&\x9as6\
\xc9\xf342H\xc3zp\x85\x814,\x88\x89jE\
\xe7t\x169\x17I\x92\x8ec\xad\xc3\x01\xcd\x08\x8a\x98\
9\xdf\xb3@\xcf\xb2\x80\x1e\x07z\x9a\xcf\x1d\xdd\x9b^\
\x9c\xdaf\xba\x18V4\xd2y\x10\x0312Y\x96\xc5\
\xd3LfFM\xc2<\xf5\xb7\xd6\xe9ck5n\xdd\
\xeb\xe7\xack\x13\xcd\xa6\xe25O.\x9c\xd7,\xe4s\
\x92h.\x9cdy\xfb\xfb\xc5\xa6|\xf5D\xefZ5\
}\xbe\x98\xcb\xe6\xf4\x14zw^`\xad\xce\xff\xf8\xe9\
\xb1\xb6\xe7\x14\x0b$\x0d\x98p\xd7\x07\x02\x81\x08\xa8\x91\
\xa53543\x9aT\xd2va\x88A\x14eR;\
\x0f2\xb10F\xd2$\xa3\x88q\x02cL03%\
\x81HT\x94\xc2\x82\x82d\x0cZ\xa9\x80\x89\xb2\xb6\x0a\
\xcc\xfc\xc0sNb\xc3\xb2hmU&\x14\x85\xe1\x14\
\xf5\x82\xe8\xdfn&\xb3\xc3\xe7(!\x8a\xa4\x0d\x5c\x9f\
K\xffr2\xac#O\xce\xc4\xb6mNT\x22Z\x17\
E\xdd\x0d\x18\xc6\xc9\xb7;!jRy\xd0i\x98\x13\
\x0c\xea\xd2eL\xbePENBs\xc3\xbcg\x1f\x8a\
\x82\xa1\x04\xb0\x09?\x93\xc3H\xcf\xd5\x94\x9br~h\
\xf2\x9f\xa5k\xeep\xb4\x8a\xf0\xf4\x93\x88I\x94)\x8f\
\xcd\xdb\xa9\x07\x8f\x06\x0d\xd08\x92\x1b\xcbh\x17\x82i\
\x1a\xc2\xbf7]\xf5\xcb\xc8u#\xcdg\xd3\x9f\x91\x9d\
0/\xf4\xacB\x08h3\xc9\x98\xdf\xf1S\xfd3j\
D/\xce\xc5\xd0\xde\x0ax\xe6\xbb.\xc8\xb1\x98\xe9\x02\
\xcdW\xd6Q~\xca\xc8\x89W\xc0\x0d\x10\x81)\x82S\
x\xf0\xeb\x00tl\x81\xa1\xeacFG\xc3\x07\x15\xf8\
\xb8j\xc1;2M\x8dxR\x02\xf0C\x8eh\xe8\xe8\
CX\xfe\x97\xe0\x8a\x88c#\x92\x86\x9aQ\x1cv\xc6\
\xd3v\xe0\x07\xa5\xd2\xc2\x1e\xbe\x8c\x13\xc4r\xa0!\x96\
\x94B\xd1\xf1\xfe1[\xf1\xaf\x81\x18\xca\xe1\xfd\xc6L\
\xc2\x10\xf8\xcd`\x0d\xb0/\xb1X\xb0 \x81~\xc4\xc4\
\x85\xc7\xfc\x04]\x86\xaeA\x91\x06\x8d\xe7\xde\xa9.D\
J<\xcc\xa0\xe4\x99iR\xb7/\x15d\x8bz\xcbv\
g#\x03'\x95\xb76\x11e1\xfb\x9b\x05\x8bu\x9e\
P\xcc\xdf\xb3\x82\x1c\x11l\xd6t@\xb3\x1e\x22\xef \
\xff#\x08$O\xe8U\x1c\x15\xd0\x9a\xd14-\x8e\xdd\
\x14\xa3\x93\xf2(]D\xa0\xa2\x0aC\xaf%\xbc\xd2\xef\
-~\x9b\x80,D5\xca\xd4\x9fK\x84\x1d\xb4eF\
\xb0&\x8b\xcb\xb0\xc5\xd7\xa7#\xc4\x00\xfe\xa7v#\xbe\
\xaf6\xf3G\x04\x1e\xde\xa0A\x06\x1f\x83\xfd\x06\xb0\xc5\
/1\xf73\x16\xba\xd8L\x0b\xd9l\xac\xd77\x031\
\xa2\xa6s\x00\xa5\x5c\x12\x0c\x9dof\x06,\x1b\x18\xbe\
\x01\xc3\xb6\x09\xda\x8e:\xa5\xd9)\x7f\x08b\xb9G\x8a\
,\xfd\xb4\x06\x15\x15M\xac\xb4\xd0>\xbf\xfb\xc92z\
\x9f\x97\x08\xd1\xd7\x8a\xb0>\xf8\x9b\xce5pb\xcd\xd3\
%\x98\xd80(e\xb7_\xd5\x0f5F\x15\
"

qt_resource_name = b"\
\x00\x05\
\x00o\xa6S\
\x00i\
\x00c\x00o\x00n\x00s\
\x00\x09\
\x08M\x90\x97\
\x00c\
\x00h\x00a\x00n\x00g\x00e\x00l\x00o\x00g\
\x00\x10\
\x01\x93\xfb\xf4\
\x00c\
\x00o\x00n\x00t\x00r\x00i\x00b\x00u\x00t\x00o\x00r\x00s\x00.\x00t\x00x\x00t\
\x00\x0b\
\x06G\xce\x14\
\x00a\
\x00u\x00t\x00h\x00o\x00r\x00s\x00.\x00t\x00x\x00t\
\x00\x09\
\x05y\x89G\
\x00c\
\x00e\x00n\x00t\x006\x00.\x00s\x00v\x00g\
\x00\x13\
\x01\x1a\x5cg\
\x00d\
\x00o\x00c\x00u\x00m\x00e\x00n\x00t\x00-\x00i\x00m\x00p\x00o\x00r\x00t\x00.\x00s\
\x00v\x00g\
\x00\x0c\
\x04\x16\x0c\xa7\
\x00p\
\x00a\x00t\x00h\x00-\x00c\x00u\x00t\x00.\x00s\x00v\x00g\
\x00\x0e\
\x0e\xa1.G\
\x00h\
\x00e\x00l\x00p\x00-\x00a\x00b\x00o\x00u\x00t\x00.\x00s\x00v\x00g\
\x00\x10\
\x00G\xaf\x87\
\x00w\
\x00i\x00n\x00d\x00o\x00w\x00-\x00c\x00l\x00o\x00s\x00e\x00.\x00s\x00v\x00g\
\x00\x09\
\x0a\xc0\x83\xa7\
\x00e\
\x00t\x00t\x00e\x00m\x00.\x00s\x00v\x00g\
\x00\x02\
\x00\x00\x03F\
\x001\
\x006\
\x00\x11\
\x0a\x87\xaa\xe7\
\x00w\
\x00i\x00z\x00a\x00r\x00d\x00-\x00o\x00b\x00j\x00e\x00c\x00t\x00.\x00s\x00v\x00g\
\
\x00\x07\
\x0c\xb7Z\x07\
\x00e\
\x00t\x00t\x00.\x00s\x00v\x00g\
\x00\x0d\
\x0c\xd2\xb2g\
\x00e\
\x00d\x00i\x00t\x00-\x00r\x00e\x00d\x00o\x00.\x00s\x00v\x00g\
\x00\x07\
\x0c\xf7Z\x07\
\x00e\
\x00x\x00t\x00.\x00s\x00v\x00g\
\x00\x10\
\x08\x15\x1e\xe7\
\x00v\
\x00i\x00e\x00w\x00-\x00r\x00e\x00f\x00r\x00e\x00s\x00h\x00.\x00s\x00v\x00g\
\x00\x09\
\x05u\x89G\
\x00c\
\x00e\x00n\x00t\x002\x00.\x00s\x00v\x00g\
\x00\x13\
\x04\xe6W\x07\
\x00g\
\x00t\x00k\x00-\x00p\x00r\x00e\x00f\x00e\x00r\x00e\x00n\x00c\x00e\x00s\x00.\x00s\
\x00v\x00g\
\x00\x07\
\x00\xa2Z'\
\x00i\
\x00s\x00o\x00.\x00s\x00v\x00g\
\x00\x08\
\x04\xd2T\xc7\
\x00i\
\x00n\x00f\x00o\x00.\x00s\x00v\x00g\
\x00\x15\
\x08\xb4Z\xa7\
\x00w\
\x00i\x00z\x00a\x00r\x00d\x00-\x00e\x00x\x00t\x00-\x00s\x00i\x00g\x00n\x00a\x00l\
\x00.\x00s\x00v\x00g\
\x00\x09\
\x05s\x89G\
\x00c\
\x00e\x00n\x00t\x000\x00.\x00s\x00v\x00g\
\x00\x09\
\x05w\x89G\
\x00c\
\x00e\x00n\x00t\x004\x00.\x00s\x00v\x00g\
\x00\x14\
\x07@\xafG\
\x00a\
\x00p\x00p\x00l\x00i\x00c\x00a\x00t\x00i\x00o\x00n\x00-\x00e\x00x\x00i\x00t\x00.\
\x00s\x00v\x00g\
\x00\x0b\
\x0e+t'\
\x00m\
\x00b\x00t\x001\x00h\x00f\x00m\x00.\x00s\x00v\x00g\
\x00\x07\
\x07\xb7Z\x07\
\x00a\
\x00d\x00t\x00.\x00s\x00v\x00g\
\x00\x07\
\x06\xecZ'\
\x00p\
\x00h\x00i\x00.\x00s\x00v\x00g\
\x00\x08\
\x0a\xa3J\xc7\
\x00z\
\x00d\x00c\x00p\x00.\x00s\x00v\x00g\
\x00\x11\
\x0f\xe3\xd8\xe7\
\x00d\
\x00o\x00c\x00u\x00m\x00e\x00n\x00t\x00-\x00s\x00a\x00v\x00e\x00.\x00s\x00v\x00g\
\
\x00\x18\
\x0c7J\x07\
\x00w\
\x00i\x00z\x00a\x00r\x00d\x00-\x00e\x00d\x00i\x00t\x00-\x00f\x00u\x00n\x00c\x00t\
\x00i\x00o\x00n\x00.\x00s\x00v\x00g\
\x00\x1a\
\x0c\x13\xedg\
\x00w\
\x00i\x00z\x00a\x00r\x00d\x00-\x00e\x00d\x00i\x00t\x00-\x00e\x00x\x00t\x00-\x00s\
\x00i\x00g\x00n\x00a\x00l\x00.\x00s\x00v\x00g\
\x00\x09\
\x05z\x89G\
\x00c\
\x00e\x00n\x00t\x007\x00.\x00s\x00v\x00g\
\x00\x0b\
\x0c\xe2#\xc7\
\x00d\
\x00e\x00f\x00a\x00u\x00l\x00t\x00.\x00s\x00v\x00g\
\x00\x06\
\x06\xb5Z\xc7\
\x00d\
\x00r\x00.\x00s\x00v\x00g\
\x00\x09\
\x05t\x89G\
\x00c\
\x00e\x00n\x00t\x001\x00.\x00s\x00v\x00g\
\x00\x07\
\x0f\xb0Z\x07\
\x00h\
\x00t\x00m\x00.\x00s\x00v\x00g\
\x00\x08\
\x03\xbcU\xc7\
\x00q\
\x00l\x00t\x00y\x00.\x00s\x00v\x00g\
\x00\x0b\
\x08T\x92\x07\
\x00c\
\x00o\x00m\x00p\x00a\x00r\x00e\x00.\x00s\x00v\x00g\
\x00\x08\
\x06\xecW\xa7\
\x00d\
\x00p\x00h\x00i\x00.\x00s\x00v\x00g\
\x00\x0b\
\x06\x9a\xce\x07\
\x00m\
\x00u\x00s\x00o\x00o\x00t\x000\x00.\x00s\x00v\x00g\
\x00\x0b\
\x0e4t'\
\x00m\
\x00b\x00t\x001\x00h\x00f\x00p\x00.\x00s\x00v\x00g\
\x00\x06\
\x07HZ\xc7\
\x00m\
\x00u\x00.\x00s\x00v\x00g\
\x00\x08\
\x0a\xa0J\xc7\
\x00z\
\x00d\x00c\x00m\x00.\x00s\x00v\x00g\
\x00\x0c\
\x09<\x02\xa7\
\x00d\
\x00o\x00c\x00u\x00m\x00e\x00n\x00t\x00.\x00s\x00v\x00g\
\x00\x07\
\x08\xf2Z\x07\
\x00a\
\x00x\x00o\x00.\x00s\x00v\x00g\
\x00\x09\
\x03\xe9\x83\xa7\
\x00e\
\x00t\x00m\x00h\x00f\x00.\x00s\x00v\x00g\
\x00\x0a\
\x07\xb1e\xe7\
\x00c\
\x00i\x00c\x00a\x00d\x00a\x00.\x00s\x00v\x00g\
\x00\x0a\
\x0ahgg\
\x00c\
\x00h\x00g\x00c\x00o\x00r\x00.\x00s\x00v\x00g\
\x00\x06\
\x06\xbaZ\xc7\
\x00e\
\x00g\x00.\x00s\x00v\x00g\
\x00\x07\
\x0f\xb7Z\x07\
\x00h\
\x00t\x00t\x00.\x00s\x00v\x00g\
\x00\x07\
\x0c\xb0Z\x07\
\x00e\
\x00t\x00m\x00.\x00s\x00v\x00g\
\x00\x0d\
\x03\xd2\xb3\xe7\
\x00e\
\x00d\x00i\x00t\x00-\x00u\x00n\x00d\x00o\x00.\x00s\x00v\x00g\
\x00\x0b\
\x0e+t\x07\
\x00m\
\x00b\x00t\x000\x00h\x00f\x00m\x00.\x00s\x00v\x00g\
\x00\x0c\
\x07\xff]G\
\x00a\
\x00s\x00y\x00m\x00e\x00t\x00h\x00f\x00.\x00s\x00v\x00g\
\x00\x0b\
\x06\x9d\xce\x07\
\x00m\
\x00u\x00s\x00o\x00o\x00t\x001\x00.\x00s\x00v\x00g\
\x00\x0a\
\x03\xcaL\xc7\
\x00a\
\x00s\x00y\x00m\x00e\x00t\x00.\x00s\x00v\x00g\
\x00\x08\
\x08\xa6T\xa7\
\x00m\
\x00a\x00s\x00s\x00.\x00s\x00v\x00g\
\x00\x0b\
\x0e4t\x07\
\x00m\
\x00b\x00t\x000\x00h\x00f\x00p\x00.\x00s\x00v\x00g\
\x00\x0e\
\x02\xd0\xd4\xc7\
\x00e\
\x00x\x00p\x00r\x00e\x00s\x00s\x00i\x00o\x00n\x00.\x00s\x00v\x00g\
\x00\x09\
\x05x\x89G\
\x00c\
\x00e\x00n\x00t\x005\x00.\x00s\x00v\x00g\
\x00\x07\
\x09\xeaZ\x07\
\x00c\
\x00h\x00g\x00.\x00s\x00v\x00g\
\x00\x08\
\x0ceTG\
\x00m\
\x00u\x00s\x002\x00.\x00s\x00v\x00g\
\x00\x08\
\x0c\xa4W\x87\
\x00d\
\x00e\x00t\x00a\x00.\x00s\x00v\x00g\
\x00\x14\
\x0b\xa9\xa6\xa7\
\x00d\
\x00o\x00c\x00u\x00m\x00e\x00n\x00t\x00-\x00s\x00a\x00v\x00e\x00-\x00a\x00s\x00.\
\x00s\x00v\x00g\
\x00\x12\
\x02oE\x07\
\x00d\
\x00i\x00a\x00l\x00o\x00g\x00-\x00w\x00a\x00r\x00n\x00i\x00n\x00g\x00.\x00s\x00v\
\x00g\
\x00\x0f\
\x020\x86g\
\x00l\
\x00i\x00s\x00t\x00-\x00r\x00e\x00m\x00o\x00v\x00e\x00.\x00s\x00v\x00g\
\x00\x0d\
\x01\x1c\xbc'\
\x00e\
\x00d\x00i\x00t\x00-\x00c\x00o\x00p\x00y\x00.\x00s\x00v\x00g\
\x00\x02\
\x00\x00\x03T\
\x002\
\x004\
\x00\x14\
\x0f$*\x87\
\x00e\
\x00m\x00b\x00l\x00e\x00m\x00-\x00d\x00o\x00w\x00n\x00l\x00o\x00a\x00d\x00s\x00.\
\x00s\x00v\x00g\
\x00\x07\
\x0c\xa4Z\x07\
\x00e\
\x00t\x00a\x00.\x00s\x00v\x00g\
\x00\x11\
\x01\xa6\xc9\x07\
\x00d\
\x00o\x00c\x00u\x00m\x00e\x00n\x00t\x00-\x00o\x00p\x00e\x00n\x00.\x00s\x00v\x00g\
\
\x00\x07\
\x00\xc7Z'\
\x00j\
\x00e\x00t\x00.\x00s\x00v\x00g\
\x00\x13\
\x03\xdb\xed\xa7\
\x00w\
\x00i\x00z\x00a\x00r\x00d\x00-\x00f\x00u\x00n\x00c\x00t\x00i\x00o\x00n\x00.\x00s\
\x00v\x00g\
\x00\x0c\
\x07\xff]'\
\x00a\
\x00s\x00y\x00m\x00h\x00t\x00h\x00f\x00.\x00s\x00v\x00g\
\x00\x0f\
\x05\x83\xc7\xe7\
\x00t\
\x00e\x00x\x00t\x00-\x00e\x00d\x00i\x00t\x00o\x00r\x00.\x00s\x00v\x00g\
\x00\x0a\
\x03\xfaL\xc7\
\x00a\
\x00s\x00y\x00m\x00h\x00t\x00.\x00s\x00v\x00g\
\x00\x0e\
\x09\xeeH\xc7\
\x00t\
\x00o\x00w\x00e\x00r\x00c\x00o\x00u\x00n\x00t\x00.\x00s\x00v\x00g\
\x00\x0a\
\x08\x94m\xc7\
\x00s\
\x00e\x00a\x00r\x00c\x00h\x00.\x00s\x00v\x00g\
\x00\x0d\
\x0db-'\
\x00t\
\x00m\x00-\x00e\x00d\x00i\x00t\x00o\x00r\x00.\x00s\x00v\x00g\
\x00\x07\
\x0a\x88Z'\
\x00t\
\x00a\x00u\x00.\x00s\x00v\x00g\
\x00\x08\
\x06rU\xa7\
\x00t\
\x00o\x00p\x00o\x00.\x00s\x00v\x00g\
\x00\x09\
\x03\xe9\x85\xa7\
\x00h\
\x00t\x00m\x00h\x00f\x00.\x00s\x00v\x00g\
\x00\x0c\
\x09\xc6\x14\xa7\
\x00l\
\x00i\x00s\x00t\x00-\x00a\x00d\x00d\x00.\x00s\x00v\x00g\
\x00\x09\
\x05v\x89G\
\x00c\
\x00e\x00n\x00t\x003\x00.\x00s\x00v\x00g\
\x00\x08\
\x0ccTG\
\x00m\
\x00u\x00s\x000\x00.\x00s\x00v\x00g\
\x00\x08\
\x0cdTG\
\x00m\
\x00u\x00s\x001\x00.\x00s\x00v\x00g\
\x00\x16\
\x09l\x0eG\
\x00w\
\x00i\x00z\x00a\x00r\x00d\x00-\x00e\x00d\x00i\x00t\x00-\x00o\x00b\x00j\x00e\x00c\
\x00t\x00.\x00s\x00v\x00g\
\x00\x12\
\x02\x88\x5c'\
\x00f\
\x00o\x00r\x00m\x00a\x00t\x00-\x00c\x00o\x00m\x00p\x00a\x00c\x00t\x00.\x00s\x00v\
\x00g\
\x00\x10\
\x0d\x9bJ\xe7\
\x00s\
\x00e\x00l\x00e\x00c\x00t\x00-\x00i\x00n\x00d\x00e\x00x\x00.\x00s\x00v\x00g\
\x00\x12\
\x02\x91\x07\xc7\
\x00f\
\x00o\x00r\x00m\x00a\x00t\x00-\x00c\x00a\x00s\x00c\x00a\x00d\x00e\x00.\x00s\x00v\
\x00g\
\x00\x0e\
\x0d\x8b4g\
\x00e\
\x00d\x00i\x00t\x00-\x00c\x00l\x00e\x00a\x00r\x00.\x00s\x00v\x00g\
"

qt_resource_struct = b"\
\x00\x00\x00\x00\x00\x02\x00\x00\x00\x04\x00\x00\x00\x01\
\x00\x00\x00\x00\x00\x00\x00\x00\
\x00\x00\x00\x00\x00\x02\x00\x00\x00S\x00\x00\x00\x05\
\x00\x00\x00\x00\x00\x00\x00\x00\
\x00\x00\x00(\x00\x00\x00\x00\x00\x01\x00\x00\x0f7\
\x00\x00\x01\x96\xd4\xa3Ld\
\x00\x00\x00N\x00\x00\x00\x00\x00\x01\x00\x00\x0f\x8f\
\x00\x00\x01\x96\xd4\xa3W\x1e\
\x00\x00\x00\x10\x00\x04\x00\x00\x00\x01\x00\x00\x00\x00\
\x00\x00\x01\x96\xcf\x1c_\xf8\
\x00\x00\x01,\x00\x02\x00\x00\x00\x03\x00\x00\x00[\
\x00\x00\x00\x00\x00\x00\x00\x00\
\x00\x00\x07d\x00\x02\x00\x00\x00\x03\x00\x00\x00X\
\x00\x00\x00\x00\x00\x00\x00\x00\
\x00\x00\x00\xee\x00\x04\x00\x00\x00\x01\x00\x009*\
\x00\x00\x01\x86\xc1\xa2\x83z\
\x00\x00\x02\x10\x00\x00\x00\x00\x00\x01\x00\x00\x89\x13\
\x00\x00\x01\x86\xc1\xa2\x83n\
\x00\x00\x07\xd8\x00\x04\x00\x00\x00\x01\x00\x02\x11w\
\x00\x00\x01\x86\xc1\xa2\x83n\
\x00\x00\x00\x82\x00\x04\x00\x00\x00\x01\x00\x00\x16\xc1\
\x00\x00\x01\x86\xc1\xa2\x83r\
\x00\x00\x07D\x00\x04\x00\x00\x00\x01\x00\x01\xeb\x90\
\x00\x00\x01\x86\xc1\xa2\x83v\
\x00\x00\x07\xb0\x00\x04\x00\x00\x00\x01\x00\x02\x07\xd4\
\x00\x00\x01\x86\xc1\xa2\x83r\
\x00\x00\x07 \x00\x04\x00\x00\x00\x01\x00\x01\xe3\x93\
\x00\x00\x01\x86\xc1\xa2\x83v\
\x00\x00\x06\xf6\x00\x04\x00\x00\x00\x01\x00\x01\xd6\xad\
\x00\x00\x01\x86\xc1\xa2\x83r\
\x00\x00\x06N\x00\x00\x00\x00\x00\x01\x00\x01\x99;\
\x00\x00\x01\x86\xc1\xa2\x83r\
\x00\x00\x04,\x00\x04\x00\x00\x00\x01\x00\x01\x12|\
\x00\x00\x01\x86\xc1\xa2\x83n\
\x00\x00\x06\x02\x00\x04\x00\x00\x00\x01\x00\x00A-\
\x00\x00\x01\x86\xc1\xa2\x83n\
\x00\x00\x05\x8c\x00\x04\x00\x00\x00\x01\x00\x01\x8a\x05\
\x00\x00\x01\x86\xc1\xa2\x83v\
\x00\x00\x07\xec\x00\x04\x00\x00\x00\x01\x00\x02\x17\xbf\
\x00\x00\x01\x86\xc1\xa2\x83r\
\x00\x00\x05\x06\x00\x04\x00\x00\x00\x01\x00\x00A-\
\x00\x00\x01\x86\xc1\xa2\x83n\
\x00\x00\x08\xfa\x00\x04\x00\x00\x00\x01\x00\x00A-\
\x00\x00\x01\x86\xc1\xa2\x83n\
\x00\x00\x08Z\x00\x04\x00\x00\x00\x01\x00\x00A-\
\x00\x00\x01\x86\xc1\xa2\x83n\
\x00\x00\x00\xae\x00\x00\x00\x00\x00\x01\x00\x00\x22C\
\x00\x00\x01\x86\xc1\xa2\x83r\
\x00\x00\x02$\x00\x04\x00\x00\x00\x01\x00\x00\x99\xfb\
\x00\x00\x01\x86\xc1\xa2\x83v\
\x00\x00\x01\xe4\x00\x04\x00\x00\x00\x01\x00\x00nd\
\x00\x00\x01\x86\xc1\xa2\x83v\
\x00\x00\x02j\x00\x04\x00\x00\x00\x01\x00\x00\x0f\xe9\
\x00\x00\x01\x86\xc1\xa2\x83n\
\x00\x00\x04\x00\x00\x04\x00\x00\x00\x01\x00\x00\x0f\xe9\
\x00\x00\x01\x86\xc1\xa2\x83n\
\x00\x00\x01\xcc\x00\x04\x00\x00\x00\x01\x00\x00\x0f\xe9\
\x00\x00\x01\x86\xc1\xa2\x83n\
\x00\x00\x090\x00\x04\x00\x00\x00\x01\x00\x00\x0f\xe9\
\x00\x00\x01\x86\xc1\xa2\x83n\
\x00\x00\x02\x82\x00\x04\x00\x00\x00\x01\x00\x00\x0f\xe9\
\x00\x00\x01\x86\xc1\xa2\x83n\
\x00\x00\x06p\x00\x04\x00\x00\x00\x01\x00\x00\x0f\xe9\
\x00\x00\x01\x86\xc1\xa2\x83n\
\x00\x00\x00j\x00\x04\x00\x00\x00\x01\x00\x00\x0f\xe9\
\x00\x00\x01\x86\xc1\xa2\x83n\
\x00\x00\x03\xba\x00\x04\x00\x00\x00\x01\x00\x00\x0f\xe9\
\x00\x00\x01\x86\xc1\xa2\x83n\
\x00\x00\x086\x00\x04\x00\x00\x00\x01\x00\x02\x1f\xcd\
\x00\x00\x01\x86\xc1\xa2\x83r\
\x00\x00\x08\xe4\x00\x04\x00\x00\x00\x01\x00\x00\x0f\xe9\
\x00\x00\x01\x86\xc1\xa2\x83n\
\x00\x00\x04t\x00\x04\x00\x00\x00\x01\x00\x00\x0f\xe9\
\x00\x00\x01\x86\xc1\xa2\x83n\
\x00\x00\x05\xe6\x00\x04\x00\x00\x00\x01\x00\x00\x0f\xe9\
\x00\x00\x01\x86\xc1\xa2\x83n\
\x00\x00\x03\xee\x00\x00\x00\x00\x00\x01\x00\x01\x02^\
\x00\x00\x01\x86\xc1\xa2\x83n\
\x00\x00\x05R\x00\x04\x00\x00\x00\x01\x00\x01\x83\xbf\
\x00\x00\x01\x86\xc1\xa2\x83n\
\x00\x00\x04^\x00\x00\x00\x00\x00\x01\x00\x01$\x8c\
\x00\x00\x01\x86\xc1\xa2\x83n\
\x00\x00\x02\xf8\x00\x00\x00\x00\x00\x01\x00\x00\xbd\x9c\
\x00\x00\x01\x86\xc1\xa2\x83n\
\x00\x00\x02\x9a\x00\x04\x00\x00\x00\x01\x00\x00\xad3\
\x00\x00\x01\x86\xc1\xa2\x83v\
\x00\x00\x04\xac\x00\x04\x00\x00\x00\x01\x00\x013O\
\x00\x00\x01\x86\xc1\xa2\x83n\
\x00\x00\x05\x1e\x00\x04\x00\x00\x00\x01\x00\x00\x0f\xe9\
\x00\x00\x01\x86\xc1\xa2\x83n\
\x00\x00\x02\xe4\x00\x04\x00\x00\x00\x01\x00\x00\x0f\xe9\
\x00\x00\x01\x86\xc1\xa2\x83n\
\x00\x00\x08\x18\x00\x04\x00\x00\x00\x01\x00\x00A-\
\x00\x00\x01\x86\xc1\xa2\x83n\
\x00\x00\x05\xc8\x00\x04\x00\x00\x00\x01\x00\x00A-\
\x00\x00\x01\x86\xc1\xa2\x83n\
\x00\x00\x01\xa6\x00\x04\x00\x00\x00\x01\x00\x00a[\
\x00\x00\x01\x86\xc1\xa2\x83z\
\x00\x00\x04B\x00\x00\x00\x00\x00\x01\x00\x01\x18\x01\
\x00\x00\x01\x86\xc1\xa2\x83r\
\x00\x00\x08\x96\x00\x04\x00\x00\x00\x01\x00\x0279\
\x00\x00\x01\x86\xc1\xa2\x83v\
\x00\x00\x06\x1c\x00\x04\x00\x00\x00\x01\x00\x01\x93\xbf\
\x00\x00\x01\x86\xc1\xa2\x83n\
\x00\x00\x02:\x00\x04\x00\x00\x00\x01\x00\x00\xa5M\
\x00\x00\x01\x86\xc1\xa2\x83r\
\x00\x00\x04\xf2\x00\x04\x00\x00\x00\x01\x00\x00\x0f\xe9\
\x00\x00\x01\x86\xc1\xa2\x83n\
\x00\x00\x04\xd4\x00\x04\x00\x00\x00\x01\x00\x019\xa4\
\x00\x00\x01\x86\xc1\xa2\x83z\
\x00\x00\x09t\x00\x04\x00\x00\x00\x01\x00\x02qC\
\x00\x00\x01\x86\xc1\xa2\x83r\
\x00\x00\x09\x12\x00\x04\x00\x00\x00\x01\x00\x02il\
\x00\x00\x01\x86\xc1\xa2\x83v\
\x00\x00\x06\x88\x00\x00\x00\x00\x00\x01\x00\x01\xa1\xb3\
\x00\x00\x01\x86\xc1\xa2\x83n\
\x00\x00\x08t\x00\x04\x00\x00\x00\x01\x00\x020?\
\x00\x00\x01\x86\xc1\xa2\x83r\
\x00\x00\x058\x00\x04\x00\x00\x00\x01\x00\x01}\x92\
\x00\x00\x01\x86\xc1\xa2\x83n\
\x00\x00\x016\x00\x04\x00\x00\x00\x01\x00\x00G\xe8\
\x00\x00\x01\x86\xc1\xa2\x83r\
\x00\x00\x08\xd0\x00\x04\x00\x00\x00\x01\x00\x02c\x1f\
\x00\x00\x01\x86\xc1\xa2\x83r\
\x00\x00\x04\xbe\x00\x04\x00\x00\x00\x01\x00\x00A-\
\x00\x00\x01\x86\xc1\xa2\x83n\
\x00\x00\x03\x0c\x00\x04\x00\x00\x00\x01\x00\x00A-\
\x00\x00\x01\x86\xc1\xa2\x83n\
\x00\x00\x01\x14\x00\x04\x00\x00\x00\x01\x00\x00A-\
\x00\x00\x01\x86\xc1\xa2\x83n\
\x00\x00\x06\xc8\x00\x04\x00\x00\x00\x01\x00\x01\xc1-\
\x00\x00\x01\x86\xc1\xa2\x83v\
\x00\x00\x03\x80\x00\x04\x00\x00\x00\x01\x00\x00\xeb5\
\x00\x00\x01\x86\xc1\xa2\x83r\
\x00\x00\x03J\x00\x04\x00\x00\x00\x01\x00\x00\xda\x8c\
\x00\x00\x01\x86\xc1\xa2\x83r\
\x00\x00\x09H\x00\x04\x00\x00\x00\x01\x00\x00\x0f\xe9\
\x00\x00\x01\x86\xc1\xa2\x83n\
\x00\x00\x09^\x00\x04\x00\x00\x00\x01\x00\x00\x0f\xe9\
\x00\x00\x01\x86\xc1\xa2\x83n\
\x00\x00\x06\x9c\x00\x04\x00\x00\x00\x01\x00\x00\x0f\xe9\
\x00\x00\x01\x86\xc1\xa2\x83n\
\x00\x00\x06\xb2\x00\x00\x00\x00\x00\x01\x00\x01\xb2\x87\
\x00\x00\x01\x86\xc1\xa2\x83n\
\x00\x00\x07\x9c\x00\x00\x00\x00\x00\x01\x00\x01\xfa\x5c\
\x00\x00\x01\x86\xc1\xa2\x83n\
\x00\x00\x05x\x00\x04\x00\x00\x00\x01\x00\x00A-\
\x00\x00\x01\x86\xc1\xa2\x83n\
\x00\x00\x01^\x00\x04\x00\x00\x00\x01\x00\x00A-\
\x00\x00\x01\x86\xc1\xa2\x83n\
\x00\x00\x01r\x00\x04\x00\x00\x00\x01\x00\x00R\x94\
\x00\x00\x01\x86\xc1\xa2\x83v\
\x00\x00\x03\xd2\x00\x04\x00\x00\x00\x01\x00\x00\xfb\xe4\
\x00\x00\x01\x86\xc1\xa2\x83n\
\x00\x00\x01\x92\x00\x04\x00\x00\x00\x01\x00\x00\x5cQ\
\x00\x00\x01\x86\xc1\xa2\x83n\
\x00\x00\x08\xb0\x00\x04\x00\x00\x00\x01\x00\x02C\x14\
\x00\x00\x01\x86\xc1\xa2\x83n\
\x00\x00\x05\xac\x00\x04\x00\x00\x00\x01\x00\x00\xb6\xa3\
\x00\x00\x01\x86\xc1\xa2\x83n\
\x00\x00\x02\xc8\x00\x04\x00\x00\x00\x01\x00\x00\xb6\xa3\
\x00\x00\x01\x86\xc1\xa2\x83n\
\x00\x00\x062\x00\x04\x00\x00\x00\x01\x00\x00\xb6\xa3\
\x00\x00\x01\x86\xc1\xa2\x83n\
\x00\x00\x04\x90\x00\x04\x00\x00\x00\x01\x00\x00\xb6\xa3\
\x00\x00\x01\x86\xc1\xa2\x83n\
\x00\x00\x00\xcc\x00\x04\x00\x00\x00\x01\x00\x00,\x8d\
\x00\x00\x01\x86\xc1\xa2\x83v\
\x00\x00\x07n\x00\x04\x00\x00\x00\x01\x00\x01\xf12\
\x00\x00\x01\x86\xc1\xa2\x83v\
\x00\x00\x04\x18\x00\x04\x00\x00\x00\x01\x00\x00A-\
\x00\x00\x01\x86\xc1\xa2\x83n\
\x00\x00\x05d\x00\x04\x00\x00\x00\x01\x00\x00A-\
\x00\x00\x01\x86\xc1\xa2\x83n\
\x00\x00\x03\x22\x00\x04\x00\x00\x00\x01\x00\x00\xcb/\
\x00\x00\x01\x86\xc1\xa2\x83v\
\x00\x00\x09\xa6\x00\x04\x00\x00\x00\x01\x00\x02\x84*\
\x00\x00\x01\x86\xc1\xa2\x83r\
\x00\x00\x09\xf6\x00\x04\x00\x00\x00\x01\x00\x02\x8d\x94\
\x00\x00\x01\x86\xc1\xa2\x83r\
\x00\x00\x09\xd0\x00\x04\x00\x00\x00\x01\x00\x02\x88\xb8\
\x00\x00\x01\x86\xc1\xa2\x83r\
\x00\x00\x09\xa6\x00\x04\x00\x00\x00\x01\x00\x02\x92\x03\
\x00\x00\x01\x86\xc1\xa2\x83r\
\x00\x00\x09\xf6\x00\x04\x00\x00\x00\x01\x00\x02\x9a\x86\
\x00\x00\x01\x86\xc1\xa2\x83r\
\x00\x00\x0a \x00\x04\x00\x00\x00\x01\x00\x02\x96c\
\x00\x00\x01\x86\xc1\xa2\x83r\
"

def qInitResources():
    QtCore.qRegisterResourceData(0x03, qt_resource_struct, qt_resource_name, qt_resource_data)

def qCleanupResources():
    QtCore.qUnregisterResourceData(0x03, qt_resource_struct, qt_resource_name, qt_resource_data)

qInitResources()
